[0.012s] Invoking command in '/home/deathstroke/vins-fusion-ros2/build/camera_models': CMAKE_PREFIX_PATH=${CMAKE_PREFIX_PATH}:/home/deathstroke/realsense-ros/install/realsense2_ros_mqtt_bridge:/home/deathstroke/rust_ws/install/examples_worker_demo:/home/deathstroke/rust_ws/install/examples_rclrs_minimal_pub_sub:/home/deathstroke/rust_ws/install/examples_rclrs_minimal_client_service:/home/deathstroke/rust_ws/install/examples_parameter_demo:/home/deathstroke/rust_ws/install/examples_logging_demo:/home/deathstroke/rust_ws/install/sensor_msgs_py:/home/deathstroke/rust_ws/install/rust_pubsub:/home/deathstroke/rust_ws/install/examples_rclrs_message_demo:/home/deathstroke/rust_ws/install/rosidl_runtime_rs:/home/deathstroke/rust_ws/install/rclrs:/opt/ros/humble /usr/bin/cmake --build /home/deathstroke/vins-fusion-ros2/build/camera_models -- -j32 -l32
[0.030s] -- Found ament_cmake: 1.3.14 (/opt/ros/humble/share/ament_cmake/cmake)
[0.143s] -- Override CMake install command with custom implementation using symlinks instead of copying resources
[0.146s] -- Found rclcpp: 16.0.19 (/opt/ros/humble/share/rclcpp/cmake)
[0.163s] -- Found rosidl_generator_c: 3.1.9 (/opt/ros/humble/share/rosidl_generator_c/cmake)
[0.163s] -- Found rosidl_adapter: 3.1.9 (/opt/ros/humble/share/rosidl_adapter/cmake)
[0.166s] -- Found rosidl_generator_cpp: 3.1.9 (/opt/ros/humble/share/rosidl_generator_cpp/cmake)
[0.172s] -- Using all available rosidl_typesupport_c: rosidl_typesupport_fastrtps_c;rosidl_typesupport_introspection_c
[0.182s] -- Using all available rosidl_typesupport_cpp: rosidl_typesupport_fastrtps_cpp;rosidl_typesupport_introspection_cpp
[0.202s] -- Found rmw_implementation_cmake: 6.1.3 (/opt/ros/humble/share/rmw_implementation_cmake/cmake)
[0.203s] -- Found rmw_fastrtps_cpp: 6.2.10 (/opt/ros/humble/share/rmw_fastrtps_cpp/cmake)
[0.286s] -- Using RMW implementation 'rmw_fastrtps_cpp' as default
[0.412s] -- Found AMD headers in: /usr/include/suitesparse
[0.412s] -- Found AMD library: /usr/lib/x86_64-linux-gnu/libamd.so
[0.412s] -- Found CAMD headers in: /usr/include/suitesparse
[0.412s] -- Found CAMD library: /usr/lib/x86_64-linux-gnu/libcamd.so
[0.412s] -- Found CCOLAMD headers in: /usr/include/suitesparse
[0.413s] -- Found CCOLAMD library: /usr/lib/x86_64-linux-gnu/libccolamd.so
[0.413s] -- Found CHOLMOD headers in: /usr/include/suitesparse
[0.413s] -- Found CHOLMOD library: /usr/lib/x86_64-linux-gnu/libcholmod.so
[0.413s] -- Found COLAMD headers in: /usr/include/suitesparse
[0.413s] -- Found COLAMD library: /usr/lib/x86_64-linux-gnu/libcolamd.so
[0.413s] -- Found SPQR headers in: /usr/include/suitesparse
[0.413s] -- Found SPQR library: /usr/lib/x86_64-linux-gnu/libspqr.so
[0.413s] -- Found Config headers in: /usr/include/suitesparse
[0.413s] -- Found Config library: /usr/lib/x86_64-linux-gnu/libsuitesparseconfig.so
[0.413s] -- Found Intel Thread Building Blocks (TBB) library (2021.5 / ) include location: . Assuming SuiteSparseQR was compiled with TBB.
[0.413s] -- Adding librt to SuiteSparse_config libraries (required on Linux & Unix [not OSX] if SuiteSparse is compiled with timing).
[0.417s] -- Could NOT find METIS (missing: METIS_INCLUDE_DIR METIS_LIBRARY) 
[0.418s] -- Found required Ceres dependency: Eigen version 3.3.91 in /usr/local/share/eigen3/cmake
[0.418s] -- Found required Ceres dependency: glog
[0.419s] -- Found required Ceres dependency: gflags
[0.419s] -- Found Ceres version: 2.1.0 installed in: /usr/local with components: [EigenSparse, SparseLinearAlgebraLibrary, LAPACK, SuiteSparse, CXSparse, SchurSpecializations, Multithreading]
[0.481s] -- Configuring done
[0.497s] -- Generating done
[0.502s] -- Build files have been written to: /home/deathstroke/vins-fusion-ros2/build/camera_models
[0.530s] [35m[1mConsolidate compiler generated dependencies of target camera_models[0m
[0.532s] [35m[1mConsolidate compiler generated dependencies of target Calibrations[0m
[0.560s] [  3%] [32mBuilding CXX object CMakeFiles/camera_models.dir/src/chessboard/Chessboard.cc.o[0m
[0.562s] [ 10%] [32mBuilding CXX object CMakeFiles/camera_models.dir/src/camera_models/CostFunctionFactory.cc.o[0m
[0.562s] [ 10%] [32mBuilding CXX object CMakeFiles/camera_models.dir/src/camera_models/PinholeCamera.cc.o[0m
[0.562s] [ 17%] [32mBuilding CXX object CMakeFiles/camera_models.dir/src/camera_models/Camera.cc.o[0m
[0.562s] [ 17%] [32mBuilding CXX object CMakeFiles/camera_models.dir/src/calib/CameraCalibration.cc.o[0m
[0.562s] [ 20%] [32mBuilding CXX object CMakeFiles/camera_models.dir/src/camera_models/CameraFactory.cc.o[0m
[0.562s] [ 24%] [32mBuilding CXX object CMakeFiles/camera_models.dir/src/camera_models/PinholeFullCamera.cc.o[0m
[0.564s] [ 31%] [32mBuilding CXX object CMakeFiles/camera_models.dir/src/camera_models/CataCamera.cc.o[0m
[0.564s] [ 31%] [32mBuilding CXX object CMakeFiles/camera_models.dir/src/camera_models/EquidistantCamera.cc.o[0m
[0.565s] [ 34%] [32mBuilding CXX object CMakeFiles/camera_models.dir/src/gpl/gpl.cc.o[0m
[0.565s] [ 37%] [32mBuilding CXX object CMakeFiles/camera_models.dir/src/camera_models/ScaramuzzaCamera.cc.o[0m
[0.569s] [ 41%] [32mBuilding CXX object CMakeFiles/Calibrations.dir/src/intrinsic_calib.cc.o[0m
[0.571s] [ 44%] [32mBuilding CXX object CMakeFiles/Calibrations.dir/src/camera_models/Camera.cc.o[0m
[0.571s] [ 48%] [32mBuilding CXX object CMakeFiles/Calibrations.dir/src/calib/CameraCalibration.cc.o[0m
[0.571s] [ 51%] [32mBuilding CXX object CMakeFiles/Calibrations.dir/src/chessboard/Chessboard.cc.o[0m
[0.571s] [ 55%] [32mBuilding CXX object CMakeFiles/Calibrations.dir/src/camera_models/CameraFactory.cc.o[0m
[0.573s] [ 58%] [32mBuilding CXX object CMakeFiles/Calibrations.dir/src/camera_models/PinholeCamera.cc.o[0m
[0.573s] [ 62%] [32mBuilding CXX object CMakeFiles/Calibrations.dir/src/camera_models/PinholeFullCamera.cc.o[0m
[0.573s] [ 65%] [32mBuilding CXX object CMakeFiles/Calibrations.dir/src/camera_models/CostFunctionFactory.cc.o[0m
[0.574s] [ 68%] [32mBuilding CXX object CMakeFiles/Calibrations.dir/src/camera_models/EquidistantCamera.cc.o[0m
[0.575s] [ 72%] [32mBuilding CXX object CMakeFiles/Calibrations.dir/src/camera_models/CataCamera.cc.o[0m
[0.575s] [ 75%] [32mBuilding CXX object CMakeFiles/Calibrations.dir/src/gpl/gpl.cc.o[0m
[0.577s] [ 79%] [32mBuilding CXX object CMakeFiles/Calibrations.dir/src/camera_models/ScaramuzzaCamera.cc.o[0m
[0.766s] [01m[K/home/deathstroke/vins-fusion-ros2/src/VINS-Fusion-ROS2-humble-arm/camera_models/src/camera_models/PinholeCamera.cc:[m[K In constructor ‘[01m[Kcamodocal::PinholeCamera::PinholeCamera(const camodocal::PinholeCamera::Parameters&)[m[K’:
[0.766s] [01m[K/home/deathstroke/vins-fusion-ros2/src/VINS-Fusion-ROS2-humble-arm/camera_models/src/camera_models/PinholeCamera.cc:299:4:[m[K [01;35m[Kwarning: [m[Kimplicitly-declared ‘[01m[Kcamodocal::PinholeCamera::Parameters::Parameters(const camodocal::PinholeCamera::Parameters&)[m[K’ is deprecated [[01;35m[K-Wdeprecated-copy[m[K]
[0.766s]   299 |  : [01;35m[KmParameters(params)[m[K
[0.766s]       |    [01;35m[K^~~~~~~~~~~~~~~~~~~[m[K
[0.766s] [01m[K/home/deathstroke/vins-fusion-ros2/src/VINS-Fusion-ROS2-humble-arm/camera_models/src/camera_models/PinholeCamera.cc:214:1:[m[K [01;36m[Knote: [m[Kbecause ‘[01m[Kcamodocal::PinholeCamera::Parameters[m[K’ has user-provided ‘[01m[Kcamodocal::PinholeCamera::Parameters& camodocal::PinholeCamera::Parameters::operator=(const camodocal::PinholeCamera::Parameters&)[m[K’
[0.766s]   214 | [01;36m[KPinholeCamera[m[K::Parameters::operator=(const PinholeCamera::Parameters& other)
[0.766s]       | [01;36m[K^~~~~~~~~~~~~[m[K
[0.766s] [01m[K/home/deathstroke/vins-fusion-ros2/src/VINS-Fusion-ROS2-humble-arm/camera_models/src/camera_models/PinholeCamera.cc:[m[K In member function ‘[01m[Kvirtual void camodocal::PinholeCamera::estimateIntrinsics(const Size&, const std::vector<std::vector<cv::Point3_<float> > >&, const std::vector<std::vector<cv::Point_<float> > >&)[m[K’:
[0.766s] [01m[K/home/deathstroke/vins-fusion-ros2/src/VINS-Fusion-ROS2-humble-arm/camera_models/src/camera_models/PinholeCamera.cc:351:39:[m[K [01;35m[Kwarning: [m[Kimplicitly-declared ‘[01m[Kcamodocal::PinholeCamera::Parameters::Parameters(const camodocal::PinholeCamera::Parameters&)[m[K’ is deprecated [[01;35m[K-Wdeprecated-copy[m[K]
[0.767s]   351 |     Parameters params = getParameters([01;35m[K)[m[K;
[0.767s]       |                                       [01;35m[K^[m[K
[0.767s] [01m[K/home/deathstroke/vins-fusion-ros2/src/VINS-Fusion-ROS2-humble-arm/camera_models/src/camera_models/PinholeCamera.cc:214:1:[m[K [01;36m[Knote: [m[Kbecause ‘[01m[Kcamodocal::PinholeCamera::Parameters[m[K’ has user-provided ‘[01m[Kcamodocal::PinholeCamera::Parameters& camodocal::PinholeCamera::Parameters::operator=(const camodocal::PinholeCamera::Parameters&)[m[K’
[0.767s]   214 | [01;36m[KPinholeCamera[m[K::Parameters::operator=(const PinholeCamera::Parameters& other)
[0.767s]       | [01;36m[K^~~~~~~~~~~~~[m[K
[0.767s] [01m[K/home/deathstroke/vins-fusion-ros2/src/VINS-Fusion-ROS2-humble-arm/camera_models/src/camera_models/PinholeCamera.cc:[m[K In member function ‘[01m[Kvirtual void camodocal::PinholeCamera::readParameters(const std::vector<double, std::allocator<double> >&)[m[K’:
[0.767s] [01m[K/home/deathstroke/vins-fusion-ros2/src/VINS-Fusion-ROS2-humble-arm/camera_models/src/camera_models/PinholeCamera.cc:838:39:[m[K [01;35m[Kwarning: [m[Kimplicitly-declared ‘[01m[Kcamodocal::PinholeCamera::Parameters::Parameters(const camodocal::PinholeCamera::Parameters&)[m[K’ is deprecated [[01;35m[K-Wdeprecated-copy[m[K]
[0.767s]   838 |     Parameters params = getParameters([01;35m[K)[m[K;
[0.767s]       |                                       [01;35m[K^[m[K
[0.767s] [01m[K/home/deathstroke/vins-fusion-ros2/src/VINS-Fusion-ROS2-humble-arm/camera_models/src/camera_models/PinholeCamera.cc:214:1:[m[K [01;36m[Knote: [m[Kbecause ‘[01m[Kcamodocal::PinholeCamera::Parameters[m[K’ has user-provided ‘[01m[Kcamodocal::PinholeCamera::Parameters& camodocal::PinholeCamera::Parameters::operator=(const camodocal::PinholeCamera::Parameters&)[m[K’
[0.767s]   214 | [01;36m[KPinholeCamera[m[K::Parameters::operator=(const PinholeCamera::Parameters& other)
[0.767s]       | [01;36m[K^~~~~~~~~~~~~[m[K
[0.772s] In file included from [01m[K/home/deathstroke/vins-fusion-ros2/src/VINS-Fusion-ROS2-humble-arm/camera_models/src/camera_models/CostFunctionFactory.cc:6[m[K:
[0.773s] [01m[K/home/deathstroke/vins-fusion-ros2/src/VINS-Fusion-ROS2-humble-arm/camera_models/include/camodocal/camera_models/PinholeFullCamera.h:[m[K In member function ‘[01m[Kvoid camodocal::PinholeFullCamera::setInitIntrinsics(const std::vector<std::vector<cv::Point3_<float> > >&, const std::vector<std::vector<cv::Point_<float> > >&)[m[K’:
[0.773s] [01m[K/home/deathstroke/vins-fusion-ros2/src/VINS-Fusion-ROS2-humble-arm/camera_models/include/camodocal/camera_models/PinholeFullCamera.h:126:44:[m[K [01;35m[Kwarning: [m[Kimplicitly-declared ‘[01m[Kcamodocal::PinholeFullCamera::Parameters::Parameters(const camodocal::PinholeFullCamera::Parameters&)[m[K’ is deprecated [[01;35m[K-Wdeprecated-copy[m[K]
[0.773s]   126 |         Parameters params = getParameters( [01;35m[K)[m[K;
[0.773s]       |                                            [01;35m[K^[m[K
[0.773s] [01m[K/home/deathstroke/vins-fusion-ros2/src/VINS-Fusion-ROS2-humble-arm/camera_models/include/camodocal/camera_models/PinholeFullCamera.h:66:21:[m[K [01;36m[Knote: [m[Kbecause ‘[01m[Kcamodocal::PinholeFullCamera::Parameters[m[K’ has user-provided ‘[01m[Kcamodocal::PinholeFullCamera::Parameters& camodocal::PinholeFullCamera::Parameters::operator=(const camodocal::PinholeFullCamera::Parameters&)[m[K’
[0.773s]    66 |         Parameters& [01;36m[Koperator[m[K=( const Parameters& other );
[0.773s]       |                     [01;36m[K^~~~~~~~[m[K
[0.777s] In file included from [01m[K/home/deathstroke/vins-fusion-ros2/src/VINS-Fusion-ROS2-humble-arm/camera_models/src/camera_models/PinholeFullCamera.cc:1[m[K:
[0.777s] [01m[K/home/deathstroke/vins-fusion-ros2/src/VINS-Fusion-ROS2-humble-arm/camera_models/include/camodocal/camera_models/PinholeFullCamera.h:[m[K In member function ‘[01m[Kvoid camodocal::PinholeFullCamera::setInitIntrinsics(const std::vector<std::vector<cv::Point3_<float> > >&, const std::vector<std::vector<cv::Point_<float> > >&)[m[K’:
[0.777s] [01m[K/home/deathstroke/vins-fusion-ros2/src/VINS-Fusion-ROS2-humble-arm/camera_models/include/camodocal/camera_models/PinholeFullCamera.h:126:44:[m[K [01;35m[Kwarning: [m[Kimplicitly-declared ‘[01m[Kcamodocal::PinholeFullCamera::Parameters::Parameters(const camodocal::PinholeFullCamera::Parameters&)[m[K’ is deprecated [[01;35m[K-Wdeprecated-copy[m[K]
[0.777s]   126 |         Parameters params = getParameters( [01;35m[K)[m[K;
[0.777s]       |                                            [01;35m[K^[m[K
[0.777s] [01m[K/home/deathstroke/vins-fusion-ros2/src/VINS-Fusion-ROS2-humble-arm/camera_models/include/camodocal/camera_models/PinholeFullCamera.h:66:21:[m[K [01;36m[Knote: [m[Kbecause ‘[01m[Kcamodocal::PinholeFullCamera::Parameters[m[K’ has user-provided ‘[01m[Kcamodocal::PinholeFullCamera::Parameters& camodocal::PinholeFullCamera::Parameters::operator=(const camodocal::PinholeFullCamera::Parameters&)[m[K’
[0.777s]    66 |         Parameters& [01;36m[Koperator[m[K=( const Parameters& other );
[0.777s]       |                     [01;36m[K^~~~~~~~[m[K
[0.777s] [01m[K/home/deathstroke/vins-fusion-ros2/src/VINS-Fusion-ROS2-humble-arm/camera_models/src/camera_models/PinholeFullCamera.cc:[m[K In constructor ‘[01m[Kcamodocal::PinholeFullCamera::PinholeFullCamera(const camodocal::PinholeFullCamera::Parameters&)[m[K’:
[0.777s] [01m[K/home/deathstroke/vins-fusion-ros2/src/VINS-Fusion-ROS2-humble-arm/camera_models/src/camera_models/PinholeFullCamera.cc:381:3:[m[K [01;35m[Kwarning: [m[Kimplicitly-declared ‘[01m[Kcamodocal::PinholeFullCamera::Parameters::Parameters(const camodocal::PinholeFullCamera::Parameters&)[m[K’ is deprecated [[01;35m[K-Wdeprecated-copy[m[K]
[0.777s]   381 | : [01;35m[KmParameters( params )[m[K
[0.777s]       |   [01;35m[K^~~~~~~~~~~~~~~~~~~~~[m[K
[0.777s] [01m[K/home/deathstroke/vins-fusion-ros2/src/VINS-Fusion-ROS2-humble-arm/camera_models/src/camera_models/PinholeFullCamera.cc:280:1:[m[K [01;36m[Knote: [m[Kbecause ‘[01m[Kcamodocal::PinholeFullCamera::Parameters[m[K’ has user-provided ‘[01m[Kcamodocal::PinholeFullCamera::Parameters& camodocal::PinholeFullCamera::Parameters::operator=(const camodocal::PinholeFullCamera::Parameters&)[m[K’
[0.777s]   280 | [01;36m[KPinholeFullCamera[m[K::Parameters::operator=( const PinholeFullCamera::Parameters& other )
[0.777s]       | [01;36m[K^~~~~~~~~~~~~~~~~[m[K
[0.777s] [01m[K/home/deathstroke/vins-fusion-ros2/src/VINS-Fusion-ROS2-humble-arm/camera_models/src/camera_models/PinholeFullCamera.cc:[m[K In member function ‘[01m[Kvirtual void camodocal::PinholeFullCamera::estimateIntrinsics(const Size&, const std::vector<std::vector<cv::Point3_<float> > >&, const std::vector<std::vector<cv::Point_<float> > >&)[m[K’:
[0.777s] [01m[K/home/deathstroke/vins-fusion-ros2/src/VINS-Fusion-ROS2-humble-arm/camera_models/src/camera_models/PinholeFullCamera.cc:431:40:[m[K [01;35m[Kwarning: [m[Kimplicitly-declared ‘[01m[Kcamodocal::PinholeFullCamera::Parameters::Parameters(const camodocal::PinholeFullCamera::Parameters&)[m[K’ is deprecated [[01;35m[K-Wdeprecated-copy[m[K]
[0.777s]   431 |     Parameters params = getParameters( [01;35m[K)[m[K;
[0.777s]       |                                        [01;35m[K^[m[K
[0.778s] [01m[K/home/deathstroke/vins-fusion-ros2/src/VINS-Fusion-ROS2-humble-arm/camera_models/src/camera_models/PinholeFullCamera.cc:280:1:[m[K [01;36m[Knote: [m[Kbecause ‘[01m[Kcamodocal::PinholeFullCamera::Parameters[m[K’ has user-provided ‘[01m[Kcamodocal::PinholeFullCamera::Parameters& camodocal::PinholeFullCamera::Parameters::operator=(const camodocal::PinholeFullCamera::Parameters&)[m[K’
[0.778s]   280 | [01;36m[KPinholeFullCamera[m[K::Parameters::operator=( const PinholeFullCamera::Parameters& other )
[0.778s]       | [01;36m[K^~~~~~~~~~~~~~~~~[m[K
[0.778s] [01m[K/home/deathstroke/vins-fusion-ros2/src/VINS-Fusion-ROS2-humble-arm/camera_models/src/camera_models/PinholeFullCamera.cc:[m[K In member function ‘[01m[Kvirtual void camodocal::PinholeFullCamera::readParameters(const std::vector<double, std::allocator<double> >&)[m[K’:
[0.778s] [01m[K/home/deathstroke/vins-fusion-ros2/src/VINS-Fusion-ROS2-humble-arm/camera_models/src/camera_models/PinholeFullCamera.cc:950:40:[m[K [01;35m[Kwarning: [m[Kimplicitly-declared ‘[01m[Kcamodocal::PinholeFullCamera::Parameters::Parameters(const camodocal::PinholeFullCamera::Parameters&)[m[K’ is deprecated [[01;35m[K-Wdeprecated-copy[m[K]
[0.778s]   950 |     Parameters params = getParameters( [01;35m[K)[m[K;
[0.778s]       |                                        [01;35m[K^[m[K
[0.778s] [01m[K/home/deathstroke/vins-fusion-ros2/src/VINS-Fusion-ROS2-humble-arm/camera_models/src/camera_models/PinholeFullCamera.cc:280:1:[m[K [01;36m[Knote: [m[Kbecause ‘[01m[Kcamodocal::PinholeFullCamera::Parameters[m[K’ has user-provided ‘[01m[Kcamodocal::PinholeFullCamera::Parameters& camodocal::PinholeFullCamera::Parameters::operator=(const camodocal::PinholeFullCamera::Parameters&)[m[K’
[0.778s]   280 | [01;36m[KPinholeFullCamera[m[K::Parameters::operator=( const PinholeFullCamera::Parameters& other )
[0.778s]       | [01;36m[K^~~~~~~~~~~~~~~~~[m[K
[0.778s] [01m[K/home/deathstroke/vins-fusion-ros2/src/VINS-Fusion-ROS2-humble-arm/camera_models/src/camera_models/PinholeFullCamera.cc:[m[K In member function ‘[01m[Kvirtual void camodocal::PinholeFullCamera::liftProjective(const Vector2d&, Eigen::Vector3d&) const[m[K’:
[0.778s] [01m[K/home/deathstroke/vins-fusion-ros2/src/VINS-Fusion-ROS2-humble-arm/camera_models/src/camera_models/PinholeFullCamera.cc:599:32:[m[K [01;35m[Kwarning: [m[K‘[01m[Kxd[m[K’ may be used uninitialized [[01;35m[K-Wmaybe-uninitialized[m[K]
[0.778s]   599 |             double x_proj = [01;35m[Kxd * fx[m[K + cx;
[0.778s]       |                             [01;35m[K~~~^~~~[m[K
[0.778s] [01m[K/home/deathstroke/vins-fusion-ros2/src/VINS-Fusion-ROS2-humble-arm/camera_models/src/camera_models/PinholeFullCamera.cc:600:32:[m[K [01;35m[Kwarning: [m[K‘[01m[Kyd[m[K’ may be used uninitialized [[01;35m[K-Wmaybe-uninitialized[m[K]
[0.778s]   600 |             double y_proj = [01;35m[Kyd * fy[m[K + cy;
[0.778s]       |                             [01;35m[K~~~^~~~[m[K
[0.778s] [01m[K/home/deathstroke/vins-fusion-ros2/src/VINS-Fusion-ROS2-humble-arm/camera_models/src/camera_models/PinholeFullCamera.cc:[m[K In member function ‘[01m[Kvoid camodocal::PinholeFullCamera::spaceToPlane(const Vector3d&, Eigen::Vector2d&, Eigen::Matrix<double, 2, 3>&) const[m[K’:
[0.778s] [01m[K/home/deathstroke/vins-fusion-ros2/src/VINS-Fusion-ROS2-humble-arm/camera_models/src/camera_models/PinholeFullCamera.cc:701:29:[m[K [01;35m[Kwarning: [m[K‘[01m[Kdxdmx[m[K’ may be used uninitialized [[01;35m[K-Wmaybe-uninitialized[m[K]
[0.778s]   701 |     inv_denom = fx * ( [01;35m[Kdudx * dxdmx[m[K + dvdx * dxdmy ); // reuse
[0.778s]       |                        [01;35m[K~~~~~^~~~~~~[m[K
[0.778s] [01m[K/home/deathstroke/vins-fusion-ros2/src/VINS-Fusion-ROS2-humble-arm/camera_models/src/camera_models/PinholeFullCamera.cc:701:44:[m[K [01;35m[Kwarning: [m[K‘[01m[Kdxdmy[m[K’ may be used uninitialized [[01;35m[K-Wmaybe-uninitialized[m[K]
[0.778s]   701 |     inv_denom = fx * ( dudx * dxdmx + [01;35m[Kdvdx * dxdmy[m[K ); // reuse
[0.778s]       |                                       [01;35m[K~~~~~^~~~~~~[m[K
[0.778s] [01m[K/home/deathstroke/vins-fusion-ros2/src/VINS-Fusion-ROS2-humble-arm/camera_models/src/camera_models/PinholeFullCamera.cc:702:29:[m[K [01;35m[Kwarning: [m[K‘[01m[Kdydmx[m[K’ may be used uninitialized [[01;35m[K-Wmaybe-uninitialized[m[K]
[0.778s]   702 |     dvdx      = fy * ( [01;35m[Kdudx * dydmx[m[K + dvdx * dydmy );
[0.778s]       |                        [01;35m[K~~~~~^~~~~~~[m[K
[0.778s] [01m[K/home/deathstroke/vins-fusion-ros2/src/VINS-Fusion-ROS2-humble-arm/camera_models/src/camera_models/PinholeFullCamera.cc:702:44:[m[K [01;35m[Kwarning: [m[K‘[01m[Kdydmy[m[K’ may be used uninitialized [[01;35m[K-Wmaybe-uninitialized[m[K]
[0.778s]   702 |     dvdx      = fy * ( dudx * dydmx + [01;35m[Kdvdx * dydmy[m[K );
[0.778s]       |                                       [01;35m[K~~~~~^~~~~~~[m[K
[0.812s] [01m[K/home/deathstroke/vins-fusion-ros2/src/VINS-Fusion-ROS2-humble-arm/camera_models/src/camera_models/PinholeCamera.cc:[m[K In constructor ‘[01m[Kcamodocal::PinholeCamera::PinholeCamera(const camodocal::PinholeCamera::Parameters&)[m[K’:
[0.813s] [01m[K/home/deathstroke/vins-fusion-ros2/src/VINS-Fusion-ROS2-humble-arm/camera_models/src/camera_models/PinholeCamera.cc:299:4:[m[K [01;35m[Kwarning: [m[Kimplicitly-declared ‘[01m[Kcamodocal::PinholeCamera::Parameters::Parameters(const camodocal::PinholeCamera::Parameters&)[m[K’ is deprecated [[01;35m[K-Wdeprecated-copy[m[K]
[0.813s]   299 |  : [01;35m[KmParameters(params)[m[K
[0.813s]       |    [01;35m[K^~~~~~~~~~~~~~~~~~~[m[K
[0.813s] [01m[K/home/deathstroke/vins-fusion-ros2/src/VINS-Fusion-ROS2-humble-arm/camera_models/src/camera_models/PinholeCamera.cc:214:1:[m[K [01;36m[Knote: [m[Kbecause ‘[01m[Kcamodocal::PinholeCamera::Parameters[m[K’ has user-provided ‘[01m[Kcamodocal::PinholeCamera::Parameters& camodocal::PinholeCamera::Parameters::operator=(const camodocal::PinholeCamera::Parameters&)[m[K’
[0.813s]   214 | [01;36m[KPinholeCamera[m[K::Parameters::operator=(const PinholeCamera::Parameters& other)
[0.813s]       | [01;36m[K^~~~~~~~~~~~~[m[K
[0.813s] [01m[K/home/deathstroke/vins-fusion-ros2/src/VINS-Fusion-ROS2-humble-arm/camera_models/src/camera_models/PinholeCamera.cc:[m[K In member function ‘[01m[Kvirtual void camodocal::PinholeCamera::estimateIntrinsics(const Size&, const std::vector<std::vector<cv::Point3_<float> > >&, const std::vector<std::vector<cv::Point_<float> > >&)[m[K’:
[0.813s] [01m[K/home/deathstroke/vins-fusion-ros2/src/VINS-Fusion-ROS2-humble-arm/camera_models/src/camera_models/PinholeCamera.cc:351:39:[m[K [01;35m[Kwarning: [m[Kimplicitly-declared ‘[01m[Kcamodocal::PinholeCamera::Parameters::Parameters(const camodocal::PinholeCamera::Parameters&)[m[K’ is deprecated [[01;35m[K-Wdeprecated-copy[m[K]
[0.813s]   351 |     Parameters params = getParameters([01;35m[K)[m[K;
[0.813s]       |                                       [01;35m[K^[m[K
[0.813s] [01m[K/home/deathstroke/vins-fusion-ros2/src/VINS-Fusion-ROS2-humble-arm/camera_models/src/camera_models/PinholeCamera.cc:214:1:[m[K [01;36m[Knote: [m[Kbecause ‘[01m[Kcamodocal::PinholeCamera::Parameters[m[K’ has user-provided ‘[01m[Kcamodocal::PinholeCamera::Parameters& camodocal::PinholeCamera::Parameters::operator=(const camodocal::PinholeCamera::Parameters&)[m[K’
[0.813s]   214 | [01;36m[KPinholeCamera[m[K::Parameters::operator=(const PinholeCamera::Parameters& other)
[0.813s]       | [01;36m[K^~~~~~~~~~~~~[m[K
[0.813s] [01m[K/home/deathstroke/vins-fusion-ros2/src/VINS-Fusion-ROS2-humble-arm/camera_models/src/camera_models/PinholeCamera.cc:[m[K In member function ‘[01m[Kvirtual void camodocal::PinholeCamera::readParameters(const std::vector<double, std::allocator<double> >&)[m[K’:
[0.813s] [01m[K/home/deathstroke/vins-fusion-ros2/src/VINS-Fusion-ROS2-humble-arm/camera_models/src/camera_models/PinholeCamera.cc:838:39:[m[K [01;35m[Kwarning: [m[Kimplicitly-declared ‘[01m[Kcamodocal::PinholeCamera::Parameters::Parameters(const camodocal::PinholeCamera::Parameters&)[m[K’ is deprecated [[01;35m[K-Wdeprecated-copy[m[K]
[0.813s]   838 |     Parameters params = getParameters([01;35m[K)[m[K;
[0.813s]       |                                       [01;35m[K^[m[K
[0.813s] [01m[K/home/deathstroke/vins-fusion-ros2/src/VINS-Fusion-ROS2-humble-arm/camera_models/src/camera_models/PinholeCamera.cc:214:1:[m[K [01;36m[Knote: [m[Kbecause ‘[01m[Kcamodocal::PinholeCamera::Parameters[m[K’ has user-provided ‘[01m[Kcamodocal::PinholeCamera::Parameters& camodocal::PinholeCamera::Parameters::operator=(const camodocal::PinholeCamera::Parameters&)[m[K’
[0.813s]   214 | [01;36m[KPinholeCamera[m[K::Parameters::operator=(const PinholeCamera::Parameters& other)
[0.814s]       | [01;36m[K^~~~~~~~~~~~~[m[K
[0.820s] [01m[K/home/deathstroke/vins-fusion-ros2/src/VINS-Fusion-ROS2-humble-arm/camera_models/src/camera_models/CataCamera.cc:[m[K In constructor ‘[01m[Kcamodocal::CataCamera::CataCamera(const camodocal::CataCamera::Parameters&)[m[K’:
[0.820s] [01m[K/home/deathstroke/vins-fusion-ros2/src/VINS-Fusion-ROS2-humble-arm/camera_models/src/camera_models/CataCamera.cc:327:4:[m[K [01;35m[Kwarning: [m[Kimplicitly-declared ‘[01m[Kcamodocal::CataCamera::Parameters::Parameters(const camodocal::CataCamera::Parameters&)[m[K’ is deprecated [[01;35m[K-Wdeprecated-copy[m[K]
[0.820s]   327 |  : [01;35m[KmParameters(params)[m[K
[0.820s]       |    [01;35m[K^~~~~~~~~~~~~~~~~~~[m[K
[0.820s] [01m[K/home/deathstroke/vins-fusion-ros2/src/VINS-Fusion-ROS2-humble-arm/camera_models/src/camera_models/CataCamera.cc:237:1:[m[K [01;36m[Knote: [m[Kbecause ‘[01m[Kcamodocal::CataCamera::Parameters[m[K’ has user-provided ‘[01m[Kcamodocal::CataCamera::Parameters& camodocal::CataCamera::Parameters::operator=(const camodocal::CataCamera::Parameters&)[m[K’
[0.820s]   237 | [01;36m[KCataCamera[m[K::Parameters::operator=(const CataCamera::Parameters& other)
[0.820s]       | [01;36m[K^~~~~~~~~~[m[K
[0.820s] [01m[K/home/deathstroke/vins-fusion-ros2/src/VINS-Fusion-ROS2-humble-arm/camera_models/src/camera_models/CataCamera.cc:[m[K In member function ‘[01m[Kvirtual void camodocal::CataCamera::estimateIntrinsics(const Size&, const std::vector<std::vector<cv::Point3_<float> > >&, const std::vector<std::vector<cv::Point_<float> > >&)[m[K’:
[0.820s] [01m[K/home/deathstroke/vins-fusion-ros2/src/VINS-Fusion-ROS2-humble-arm/camera_models/src/camera_models/CataCamera.cc:377:39:[m[K [01;35m[Kwarning: [m[Kimplicitly-declared ‘[01m[Kcamodocal::CataCamera::Parameters::Parameters(const camodocal::CataCamera::Parameters&)[m[K’ is deprecated [[01;35m[K-Wdeprecated-copy[m[K]
[0.821s]   377 |     Parameters params = getParameters([01;35m[K)[m[K;
[0.821s]       |                                       [01;35m[K^[m[K
[0.821s] [01m[K/home/deathstroke/vins-fusion-ros2/src/VINS-Fusion-ROS2-humble-arm/camera_models/src/camera_models/CataCamera.cc:237:1:[m[K [01;36m[Knote: [m[Kbecause ‘[01m[Kcamodocal::CataCamera::Parameters[m[K’ has user-provided ‘[01m[Kcamodocal::CataCamera::Parameters& camodocal::CataCamera::Parameters::operator=(const camodocal::CataCamera::Parameters&)[m[K’
[0.821s]   237 | [01;36m[KCataCamera[m[K::Parameters::operator=(const CataCamera::Parameters& other)
[0.821s]       | [01;36m[K^~~~~~~~~~[m[K
[0.821s] [01m[K/home/deathstroke/vins-fusion-ros2/src/VINS-Fusion-ROS2-humble-arm/camera_models/src/camera_models/CataCamera.cc:[m[K In member function ‘[01m[Kvirtual void camodocal::CataCamera::readParameters(const std::vector<double, std::allocator<double> >&)[m[K’:
[0.821s] [01m[K/home/deathstroke/vins-fusion-ros2/src/VINS-Fusion-ROS2-humble-arm/camera_models/src/camera_models/CataCamera.cc:960:39:[m[K [01;35m[Kwarning: [m[Kimplicitly-declared ‘[01m[Kcamodocal::CataCamera::Parameters::Parameters(const camodocal::CataCamera::Parameters&)[m[K’ is deprecated [[01;35m[K-Wdeprecated-copy[m[K]
[0.821s]   960 |     Parameters params = getParameters([01;35m[K)[m[K;
[0.821s]       |                                       [01;35m[K^[m[K
[0.821s] [01m[K/home/deathstroke/vins-fusion-ros2/src/VINS-Fusion-ROS2-humble-arm/camera_models/src/camera_models/CataCamera.cc:237:1:[m[K [01;36m[Knote: [m[Kbecause ‘[01m[Kcamodocal::CataCamera::Parameters[m[K’ has user-provided ‘[01m[Kcamodocal::CataCamera::Parameters& camodocal::CataCamera::Parameters::operator=(const camodocal::CataCamera::Parameters&)[m[K’
[0.821s]   237 | [01;36m[KCataCamera[m[K::Parameters::operator=(const CataCamera::Parameters& other)
[0.821s]       | [01;36m[K^~~~~~~~~~[m[K
[0.831s] [01m[K/home/deathstroke/vins-fusion-ros2/src/VINS-Fusion-ROS2-humble-arm/camera_models/src/camera_models/EquidistantCamera.cc:[m[K In constructor ‘[01m[Kcamodocal::EquidistantCamera::EquidistantCamera(const camodocal::EquidistantCamera::Parameters&)[m[K’:
[0.831s] [01m[K/home/deathstroke/vins-fusion-ros2/src/VINS-Fusion-ROS2-humble-arm/camera_models/src/camera_models/EquidistantCamera.cc:278:4:[m[K [01;35m[Kwarning: [m[Kimplicitly-declared ‘[01m[Kcamodocal::EquidistantCamera::Parameters::Parameters(const camodocal::EquidistantCamera::Parameters&)[m[K’ is deprecated [[01;35m[K-Wdeprecated-copy[m[K]
[0.831s]   278 |  : [01;35m[KmParameters(params)[m[K
[0.831s]       |    [01;35m[K^~~~~~~~~~~~~~~~~~~[m[K
[0.831s] [01m[K/home/deathstroke/vins-fusion-ros2/src/VINS-Fusion-ROS2-humble-arm/camera_models/src/camera_models/EquidistantCamera.cc:209:1:[m[K [01;36m[Knote: [m[Kbecause ‘[01m[Kcamodocal::EquidistantCamera::Parameters[m[K’ has user-provided ‘[01m[Kcamodocal::EquidistantCamera::Parameters& camodocal::EquidistantCamera::Parameters::operator=(const camodocal::EquidistantCamera::Parameters&)[m[K’
[0.831s]   209 | [01;36m[KEquidistantCamera[m[K::Parameters::operator=(const EquidistantCamera::Parameters& other)
[0.831s]       | [01;36m[K^~~~~~~~~~~~~~~~~[m[K
[0.831s] [01m[K/home/deathstroke/vins-fusion-ros2/src/VINS-Fusion-ROS2-humble-arm/camera_models/src/camera_models/EquidistantCamera.cc:[m[K In member function ‘[01m[Kvirtual void camodocal::EquidistantCamera::estimateIntrinsics(const Size&, const std::vector<std::vector<cv::Point3_<float> > >&, const std::vector<std::vector<cv::Point_<float> > >&)[m[K’:
[0.831s] [01m[K/home/deathstroke/vins-fusion-ros2/src/VINS-Fusion-ROS2-humble-arm/camera_models/src/camera_models/EquidistantCamera.cc:316:39:[m[K [01;35m[Kwarning: [m[Kimplicitly-declared ‘[01m[Kcamodocal::EquidistantCamera::Parameters::Parameters(const camodocal::EquidistantCamera::Parameters&)[m[K’ is deprecated [[01;35m[K-Wdeprecated-copy[m[K]
[0.831s]   316 |     Parameters params = getParameters([01;35m[K)[m[K;
[0.831s]       |                                       [01;35m[K^[m[K
[0.831s] [01m[K/home/deathstroke/vins-fusion-ros2/src/VINS-Fusion-ROS2-humble-arm/camera_models/src/camera_models/EquidistantCamera.cc:209:1:[m[K [01;36m[Knote: [m[Kbecause ‘[01m[Kcamodocal::EquidistantCamera::Parameters[m[K’ has user-provided ‘[01m[Kcamodocal::EquidistantCamera::Parameters& camodocal::EquidistantCamera::Parameters::operator=(const camodocal::EquidistantCamera::Parameters&)[m[K’
[0.831s]   209 | [01;36m[KEquidistantCamera[m[K::Parameters::operator=(const EquidistantCamera::Parameters& other)
[0.832s]       | [01;36m[K^~~~~~~~~~~~~~~~~[m[K
[0.832s] [01m[K/home/deathstroke/vins-fusion-ros2/src/VINS-Fusion-ROS2-humble-arm/camera_models/src/camera_models/EquidistantCamera.cc:345:16:[m[K [01;35m[Kwarning: [m[KISO C++ forbids variable length array ‘[01m[Kradius[m[K’ [[01;35m[K-Wvla[m[K]
[0.832s]   345 |         double [01;35m[Kradius[m[K[boardSize.height];
[0.832s]       |                [01;35m[K^~~~~~[m[K
[0.832s] [01m[K/home/deathstroke/vins-fusion-ros2/src/VINS-Fusion-ROS2-humble-arm/camera_models/src/camera_models/EquidistantCamera.cc:[m[K In member function ‘[01m[Kvirtual void camodocal::EquidistantCamera::readParameters(const std::vector<double, std::allocator<double> >&)[m[K’:
[0.832s] [01m[K/home/deathstroke/vins-fusion-ros2/src/VINS-Fusion-ROS2-humble-arm/camera_models/src/camera_models/EquidistantCamera.cc:637:29:[m[K [01;35m[Kwarning: [m[Kcomparison of integer expressions of different signedness: ‘[01m[Kstd::vector<double, std::allocator<double> >::size_type[m[K’ {aka ‘[01m[Klong unsigned int[m[K’} and ‘[01m[Kint[m[K’ [[01;35m[K-Wsign-compare[m[K]
[0.832s]   637 |     if ([01;35m[KparameterVec.size() != parameterCount()[m[K)
[0.832s]       |         [01;35m[K~~~~~~~~~~~~~~~~~~~~^~~~~~~~~~~~~~~~~~~[m[K
[0.832s] [01m[K/home/deathstroke/vins-fusion-ros2/src/VINS-Fusion-ROS2-humble-arm/camera_models/src/camera_models/EquidistantCamera.cc:642:39:[m[K [01;35m[Kwarning: [m[Kimplicitly-declared ‘[01m[Kcamodocal::EquidistantCamera::Parameters::Parameters(const camodocal::EquidistantCamera::Parameters&)[m[K’ is deprecated [[01;35m[K-Wdeprecated-copy[m[K]
[0.832s]   642 |     Parameters params = getParameters([01;35m[K)[m[K;
[0.832s]       |                                       [01;35m[K^[m[K
[0.832s] [01m[K/home/deathstroke/vins-fusion-ros2/src/VINS-Fusion-ROS2-humble-arm/camera_models/src/camera_models/EquidistantCamera.cc:209:1:[m[K [01;36m[Knote: [m[Kbecause ‘[01m[Kcamodocal::EquidistantCamera::Parameters[m[K’ has user-provided ‘[01m[Kcamodocal::EquidistantCamera::Parameters& camodocal::EquidistantCamera::Parameters::operator=(const camodocal::EquidistantCamera::Parameters&)[m[K’
[0.832s]   209 | [01;36m[KEquidistantCamera[m[K::Parameters::operator=(const EquidistantCamera::Parameters& other)
[0.832s]       | [01;36m[K^~~~~~~~~~~~~~~~~[m[K
[0.842s] [01m[K/home/deathstroke/vins-fusion-ros2/src/VINS-Fusion-ROS2-humble-arm/camera_models/src/camera_models/EquidistantCamera.cc:[m[K In constructor ‘[01m[Kcamodocal::EquidistantCamera::EquidistantCamera(const camodocal::EquidistantCamera::Parameters&)[m[K’:
[0.842s] [01m[K/home/deathstroke/vins-fusion-ros2/src/VINS-Fusion-ROS2-humble-arm/camera_models/src/camera_models/EquidistantCamera.cc:278:4:[m[K [01;35m[Kwarning: [m[Kimplicitly-declared ‘[01m[Kcamodocal::EquidistantCamera::Parameters::Parameters(const camodocal::EquidistantCamera::Parameters&)[m[K’ is deprecated [[01;35m[K-Wdeprecated-copy[m[K]
[0.842s]   278 |  : [01;35m[KmParameters(params)[m[K
[0.842s]       |    [01;35m[K^~~~~~~~~~~~~~~~~~~[m[K
[0.842s] [01m[K/home/deathstroke/vins-fusion-ros2/src/VINS-Fusion-ROS2-humble-arm/camera_models/src/camera_models/EquidistantCamera.cc:209:1:[m[K [01;36m[Knote: [m[Kbecause ‘[01m[Kcamodocal::EquidistantCamera::Parameters[m[K’ has user-provided ‘[01m[Kcamodocal::EquidistantCamera::Parameters& camodocal::EquidistantCamera::Parameters::operator=(const camodocal::EquidistantCamera::Parameters&)[m[K’
[0.842s]   209 | [01;36m[KEquidistantCamera[m[K::Parameters::operator=(const EquidistantCamera::Parameters& other)
[0.842s]       | [01;36m[K^~~~~~~~~~~~~~~~~[m[K
[0.842s] [01m[K/home/deathstroke/vins-fusion-ros2/src/VINS-Fusion-ROS2-humble-arm/camera_models/src/camera_models/EquidistantCamera.cc:[m[K In member function ‘[01m[Kvirtual void camodocal::EquidistantCamera::estimateIntrinsics(const Size&, const std::vector<std::vector<cv::Point3_<float> > >&, const std::vector<std::vector<cv::Point_<float> > >&)[m[K’:
[0.842s] [01m[K/home/deathstroke/vins-fusion-ros2/src/VINS-Fusion-ROS2-humble-arm/camera_models/src/camera_models/EquidistantCamera.cc:316:39:[m[K [01;35m[Kwarning: [m[Kimplicitly-declared ‘[01m[Kcamodocal::EquidistantCamera::Parameters::Parameters(const camodocal::EquidistantCamera::Parameters&)[m[K’ is deprecated [[01;35m[K-Wdeprecated-copy[m[K]
[0.842s]   316 |     Parameters params = getParameters([01;35m[K)[m[K;
[0.842s]       |                                       [01;35m[K^[m[K
[0.842s] [01m[K/home/deathstroke/vins-fusion-ros2/src/VINS-Fusion-ROS2-humble-arm/camera_models/src/camera_models/EquidistantCamera.cc:209:1:[m[K [01;36m[Knote: [m[Kbecause ‘[01m[Kcamodocal::EquidistantCamera::Parameters[m[K’ has user-provided ‘[01m[Kcamodocal::EquidistantCamera::Parameters& camodocal::EquidistantCamera::Parameters::operator=(const camodocal::EquidistantCamera::Parameters&)[m[K’
[0.842s]   209 | [01;36m[KEquidistantCamera[m[K::Parameters::operator=(const EquidistantCamera::Parameters& other)
[0.842s]       | [01;36m[K^~~~~~~~~~~~~~~~~[m[K
[0.842s] [01m[K/home/deathstroke/vins-fusion-ros2/src/VINS-Fusion-ROS2-humble-arm/camera_models/src/camera_models/EquidistantCamera.cc:345:16:[m[K [01;35m[Kwarning: [m[KISO C++ forbids variable length array ‘[01m[Kradius[m[K’ [[01;35m[K-Wvla[m[K]
[0.843s]   345 |         double [01;35m[Kradius[m[K[boardSize.height];
[0.843s]       |                [01;35m[K^~~~~~[m[K
[0.843s] [01m[K/home/deathstroke/vins-fusion-ros2/src/VINS-Fusion-ROS2-humble-arm/camera_models/src/camera_models/EquidistantCamera.cc:[m[K In member function ‘[01m[Kvirtual void camodocal::EquidistantCamera::readParameters(const std::vector<double, std::allocator<double> >&)[m[K’:
[0.843s] [01m[K/home/deathstroke/vins-fusion-ros2/src/VINS-Fusion-ROS2-humble-arm/camera_models/src/camera_models/EquidistantCamera.cc:637:29:[m[K [01;35m[Kwarning: [m[Kcomparison of integer expressions of different signedness: ‘[01m[Kstd::vector<double, std::allocator<double> >::size_type[m[K’ {aka ‘[01m[Klong unsigned int[m[K’} and ‘[01m[Kint[m[K’ [[01;35m[K-Wsign-compare[m[K]
[0.843s]   637 |     if ([01;35m[KparameterVec.size() != parameterCount()[m[K)
[0.843s]       |         [01;35m[K~~~~~~~~~~~~~~~~~~~~^~~~~~~~~~~~~~~~~~~[m[K
[0.843s] [01m[K/home/deathstroke/vins-fusion-ros2/src/VINS-Fusion-ROS2-humble-arm/camera_models/src/camera_models/EquidistantCamera.cc:642:39:[m[K [01;35m[Kwarning: [m[Kimplicitly-declared ‘[01m[Kcamodocal::EquidistantCamera::Parameters::Parameters(const camodocal::EquidistantCamera::Parameters&)[m[K’ is deprecated [[01;35m[K-Wdeprecated-copy[m[K]
[0.843s]   642 |     Parameters params = getParameters([01;35m[K)[m[K;
[0.843s]       |                                       [01;35m[K^[m[K
[0.843s] [01m[K/home/deathstroke/vins-fusion-ros2/src/VINS-Fusion-ROS2-humble-arm/camera_models/src/camera_models/EquidistantCamera.cc:209:1:[m[K [01;36m[Knote: [m[Kbecause ‘[01m[Kcamodocal::EquidistantCamera::Parameters[m[K’ has user-provided ‘[01m[Kcamodocal::EquidistantCamera::Parameters& camodocal::EquidistantCamera::Parameters::operator=(const camodocal::EquidistantCamera::Parameters&)[m[K’
[0.843s]   209 | [01;36m[KEquidistantCamera[m[K::Parameters::operator=(const EquidistantCamera::Parameters& other)
[0.843s]       | [01;36m[K^~~~~~~~~~~~~~~~~[m[K
[0.850s] In file included from [01m[K/home/deathstroke/vins-fusion-ros2/src/VINS-Fusion-ROS2-humble-arm/camera_models/src/camera_models/CostFunctionFactory.cc:6[m[K:
[0.850s] [01m[K/home/deathstroke/vins-fusion-ros2/src/VINS-Fusion-ROS2-humble-arm/camera_models/include/camodocal/camera_models/PinholeFullCamera.h:[m[K In member function ‘[01m[Kvoid camodocal::PinholeFullCamera::setInitIntrinsics(const std::vector<std::vector<cv::Point3_<float> > >&, const std::vector<std::vector<cv::Point_<float> > >&)[m[K’:
[0.850s] [01m[K/home/deathstroke/vins-fusion-ros2/src/VINS-Fusion-ROS2-humble-arm/camera_models/include/camodocal/camera_models/PinholeFullCamera.h:126:44:[m[K [01;35m[Kwarning: [m[Kimplicitly-declared ‘[01m[Kcamodocal::PinholeFullCamera::Parameters::Parameters(const camodocal::PinholeFullCamera::Parameters&)[m[K’ is deprecated [[01;35m[K-Wdeprecated-copy[m[K]
[0.850s]   126 |         Parameters params = getParameters( [01;35m[K)[m[K;
[0.850s]       |                                            [01;35m[K^[m[K
[0.850s] [01m[K/home/deathstroke/vins-fusion-ros2/src/VINS-Fusion-ROS2-humble-arm/camera_models/include/camodocal/camera_models/PinholeFullCamera.h:66:21:[m[K [01;36m[Knote: [m[Kbecause ‘[01m[Kcamodocal::PinholeFullCamera::Parameters[m[K’ has user-provided ‘[01m[Kcamodocal::PinholeFullCamera::Parameters& camodocal::PinholeFullCamera::Parameters::operator=(const camodocal::PinholeFullCamera::Parameters&)[m[K’
[0.850s]    66 |         Parameters& [01;36m[Koperator[m[K=( const Parameters& other );
[0.850s]       |                     [01;36m[K^~~~~~~~[m[K
[0.887s] In file included from [01m[K/home/deathstroke/vins-fusion-ros2/src/VINS-Fusion-ROS2-humble-arm/camera_models/src/calib/CameraCalibration.cc:15[m[K:
[0.887s] [01m[K/home/deathstroke/vins-fusion-ros2/src/VINS-Fusion-ROS2-humble-arm/camera_models/include/camodocal/sparse_graph/Transform.h:22:5:[m[K [01;35m[Kwarning: [m[Ktype qualifiers ignored on function return type [[01;35m[K-Wignored-qualifiers[m[K]
[0.887s]    22 |     [01;35m[Kconst[m[K double* const rotationData(void) const;
[0.887s]       |     [01;35m[K^~~~~[m[K
[0.887s] [01m[K/home/deathstroke/vins-fusion-ros2/src/VINS-Fusion-ROS2-humble-arm/camera_models/include/camodocal/sparse_graph/Transform.h:27:5:[m[K [01;35m[Kwarning: [m[Ktype qualifiers ignored on function return type [[01;35m[K-Wignored-qualifiers[m[K]
[0.887s]    27 |     [01;35m[Kconst[m[K double* const translationData(void) const;
[0.887s]       |     [01;35m[K^~~~~[m[K
[0.887s] [01m[K/home/deathstroke/vins-fusion-ros2/src/VINS-Fusion-ROS2-humble-arm/camera_models/src/calib/CameraCalibration.cc:[m[K In member function ‘[01m[Kvoid camodocal::CameraCalibration::optimize(camodocal::CameraPtr&, std::vector<cv::Mat>&, std::vector<cv::Mat>&) const[m[K’:
[0.887s] [01m[K/home/deathstroke/vins-fusion-ros2/src/VINS-Fusion-ROS2-humble-arm/camera_models/src/calib/CameraCalibration.cc:507:39:[m[K [01;35m[Kwarning: [m[K‘[01m[KLocalParameterization[m[K’ is deprecated: LocalParameterizations will be removed from the Ceres Solver API in version 2.2.0. Use Manifolds instead. [[01;35m[K-Wdeprecated-declarations[m[K]
[0.887s]   507 |         ceres::LocalParameterization* [01;35m[KquaternionParameterization[m[K =
[0.887s]       |                                       [01;35m[K^~~~~~~~~~~~~~~~~~~~~~~~~~[m[K
[0.887s] In file included from [01m[K/home/deathstroke/vins-fusion-ros2/src/VINS-Fusion-ROS2-humble-arm/camera_models/include/camodocal/gpl/EigenQuaternionParameterization.h:4[m[K,
[0.887s]                  from [01m[K/home/deathstroke/vins-fusion-ros2/src/VINS-Fusion-ROS2-humble-arm/camera_models/src/calib/CameraCalibration.cc:16[m[K:
[0.887s] [01m[K/usr/local/include/ceres/local_parameterization.h:121:18:[m[K [01;36m[Knote: [m[Kdeclared here
[0.887s]   121 |     CERES_EXPORT [01;36m[KLocalParameterization[m[K {
[0.887s]       |                  [01;36m[K^~~~~~~~~~~~~~~~~~~~~[m[K
[0.887s] [01m[K/home/deathstroke/vins-fusion-ros2/src/VINS-Fusion-ROS2-humble-arm/camera_models/src/calib/CameraCalibration.cc:510:36:[m[K [01;35m[Kwarning: [m[K‘[01m[Kvoid ceres::Problem::SetParameterization(double*, ceres::LocalParameterization*)[m[K’ is deprecated: LocalParameterizations are deprecated. Use SetManifold instead. [[01;35m[K-Wdeprecated-declarations[m[K]
[0.887s]   510 |         [01;35m[Kproblem.SetParameterization(transformVec.at(i).rotationData(),[m[K
[0.887s]       |         [01;35m[K~~~~~~~~~~~~~~~~~~~~~~~~~~~^~~~~~~~~~~~~~~~~~~~~~~~~~~~~~~~~~~[m[K
[0.887s]   511 | [01;35m[K                                    quaternionParameterization)[m[K;
[0.887s]       |                                     [01;35m[K~~~~~~~~~~~~~~~~~~~~~~~~~~~[m[K
[0.887s] In file included from [01m[K/usr/local/include/ceres/ceres.h:66[m[K,
[0.887s]                  from [01m[K/home/deathstroke/vins-fusion-ros2/src/VINS-Fusion-ROS2-humble-arm/camera_models/src/calib/CameraCalibration.cc:20[m[K:
[0.887s] [01m[K/usr/local/include/ceres/problem.h:395:8:[m[K [01;36m[Knote: [m[Kdeclared here
[0.887s]   395 |   void [01;36m[KSetParameterization[m[K(double* values,
[0.887s]       |        [01;36m[K^~~~~~~~~~~~~~~~~~~[m[K
[0.899s] In file included from [01m[K/home/deathstroke/vins-fusion-ros2/src/VINS-Fusion-ROS2-humble-arm/camera_models/src/camera_models/PinholeFullCamera.cc:1[m[K:
[0.899s] [01m[K/home/deathstroke/vins-fusion-ros2/src/VINS-Fusion-ROS2-humble-arm/camera_models/include/camodocal/camera_models/PinholeFullCamera.h:[m[K In member function ‘[01m[Kvoid camodocal::PinholeFullCamera::setInitIntrinsics(const std::vector<std::vector<cv::Point3_<float> > >&, const std::vector<std::vector<cv::Point_<float> > >&)[m[K’:
[0.899s] [01m[K/home/deathstroke/vins-fusion-ros2/src/VINS-Fusion-ROS2-humble-arm/camera_models/include/camodocal/camera_models/PinholeFullCamera.h:126:44:[m[K [01;35m[Kwarning: [m[Kimplicitly-declared ‘[01m[Kcamodocal::PinholeFullCamera::Parameters::Parameters(const camodocal::PinholeFullCamera::Parameters&)[m[K’ is deprecated [[01;35m[K-Wdeprecated-copy[m[K]
[0.899s]   126 |         Parameters params = getParameters( [01;35m[K)[m[K;
[0.899s]       |                                            [01;35m[K^[m[K
[0.899s] [01m[K/home/deathstroke/vins-fusion-ros2/src/VINS-Fusion-ROS2-humble-arm/camera_models/include/camodocal/camera_models/PinholeFullCamera.h:66:21:[m[K [01;36m[Knote: [m[Kbecause ‘[01m[Kcamodocal::PinholeFullCamera::Parameters[m[K’ has user-provided ‘[01m[Kcamodocal::PinholeFullCamera::Parameters& camodocal::PinholeFullCamera::Parameters::operator=(const camodocal::PinholeFullCamera::Parameters&)[m[K’
[0.899s]    66 |         Parameters& [01;36m[Koperator[m[K=( const Parameters& other );
[0.899s]       |                     [01;36m[K^~~~~~~~[m[K
[0.899s] [01m[K/home/deathstroke/vins-fusion-ros2/src/VINS-Fusion-ROS2-humble-arm/camera_models/src/camera_models/PinholeFullCamera.cc:[m[K In constructor ‘[01m[Kcamodocal::PinholeFullCamera::PinholeFullCamera(const camodocal::PinholeFullCamera::Parameters&)[m[K’:
[0.899s] [01m[K/home/deathstroke/vins-fusion-ros2/src/VINS-Fusion-ROS2-humble-arm/camera_models/src/camera_models/PinholeFullCamera.cc:381:3:[m[K [01;35m[Kwarning: [m[Kimplicitly-declared ‘[01m[Kcamodocal::PinholeFullCamera::Parameters::Parameters(const camodocal::PinholeFullCamera::Parameters&)[m[K’ is deprecated [[01;35m[K-Wdeprecated-copy[m[K]
[0.899s]   381 | : [01;35m[KmParameters( params )[m[K
[0.899s]       |   [01;35m[K^~~~~~~~~~~~~~~~~~~~~[m[K
[0.899s] [01m[K/home/deathstroke/vins-fusion-ros2/src/VINS-Fusion-ROS2-humble-arm/camera_models/src/camera_models/PinholeFullCamera.cc:280:1:[m[K [01;36m[Knote: [m[Kbecause ‘[01m[Kcamodocal::PinholeFullCamera::Parameters[m[K’ has user-provided ‘[01m[Kcamodocal::PinholeFullCamera::Parameters& camodocal::PinholeFullCamera::Parameters::operator=(const camodocal::PinholeFullCamera::Parameters&)[m[K’
[0.899s]   280 | [01;36m[KPinholeFullCamera[m[K::Parameters::operator=( const PinholeFullCamera::Parameters& other )
[0.899s]       | [01;36m[K^~~~~~~~~~~~~~~~~[m[K
[0.899s] [01m[K/home/deathstroke/vins-fusion-ros2/src/VINS-Fusion-ROS2-humble-arm/camera_models/src/camera_models/PinholeFullCamera.cc:[m[K In member function ‘[01m[Kvirtual void camodocal::PinholeFullCamera::estimateIntrinsics(const Size&, const std::vector<std::vector<cv::Point3_<float> > >&, const std::vector<std::vector<cv::Point_<float> > >&)[m[K’:
[0.899s] [01m[K/home/deathstroke/vins-fusion-ros2/src/VINS-Fusion-ROS2-humble-arm/camera_models/src/camera_models/PinholeFullCamera.cc:431:40:[m[K [01;35m[Kwarning: [m[Kimplicitly-declared ‘[01m[Kcamodocal::PinholeFullCamera::Parameters::Parameters(const camodocal::PinholeFullCamera::Parameters&)[m[K’ is deprecated [[01;35m[K-Wdeprecated-copy[m[K]
[0.899s]   431 |     Parameters params = getParameters( [01;35m[K)[m[K;
[0.899s]       |                                        [01;35m[K^[m[K
[0.899s] [01m[K/home/deathstroke/vins-fusion-ros2/src/VINS-Fusion-ROS2-humble-arm/camera_models/src/camera_models/PinholeFullCamera.cc:280:1:[m[K [01;36m[Knote: [m[Kbecause ‘[01m[Kcamodocal::PinholeFullCamera::Parameters[m[K’ has user-provided ‘[01m[Kcamodocal::PinholeFullCamera::Parameters& camodocal::PinholeFullCamera::Parameters::operator=(const camodocal::PinholeFullCamera::Parameters&)[m[K’
[0.899s]   280 | [01;36m[KPinholeFullCamera[m[K::Parameters::operator=( const PinholeFullCamera::Parameters& other )
[0.899s]       | [01;36m[K^~~~~~~~~~~~~~~~~[m[K
[0.899s] [01m[K/home/deathstroke/vins-fusion-ros2/src/VINS-Fusion-ROS2-humble-arm/camera_models/src/camera_models/PinholeFullCamera.cc:[m[K In member function ‘[01m[Kvirtual void camodocal::PinholeFullCamera::readParameters(const std::vector<double, std::allocator<double> >&)[m[K’:
[0.900s] [01m[K/home/deathstroke/vins-fusion-ros2/src/VINS-Fusion-ROS2-humble-arm/camera_models/src/camera_models/PinholeFullCamera.cc:950:40:[m[K [01;35m[Kwarning: [m[Kimplicitly-declared ‘[01m[Kcamodocal::PinholeFullCamera::Parameters::Parameters(const camodocal::PinholeFullCamera::Parameters&)[m[K’ is deprecated [[01;35m[K-Wdeprecated-copy[m[K]
[0.900s]   950 |     Parameters params = getParameters( [01;35m[K)[m[K;
[0.900s]       |                                        [01;35m[K^[m[K
[0.900s] [01m[K/home/deathstroke/vins-fusion-ros2/src/VINS-Fusion-ROS2-humble-arm/camera_models/src/camera_models/PinholeFullCamera.cc:280:1:[m[K [01;36m[Knote: [m[Kbecause ‘[01m[Kcamodocal::PinholeFullCamera::Parameters[m[K’ has user-provided ‘[01m[Kcamodocal::PinholeFullCamera::Parameters& camodocal::PinholeFullCamera::Parameters::operator=(const camodocal::PinholeFullCamera::Parameters&)[m[K’
[0.900s]   280 | [01;36m[KPinholeFullCamera[m[K::Parameters::operator=( const PinholeFullCamera::Parameters& other )
[0.900s]       | [01;36m[K^~~~~~~~~~~~~~~~~[m[K
[0.900s] [01m[K/home/deathstroke/vins-fusion-ros2/src/VINS-Fusion-ROS2-humble-arm/camera_models/src/camera_models/PinholeFullCamera.cc:[m[K In member function ‘[01m[Kvirtual void camodocal::PinholeFullCamera::liftProjective(const Vector2d&, Eigen::Vector3d&) const[m[K’:
[0.900s] [01m[K/home/deathstroke/vins-fusion-ros2/src/VINS-Fusion-ROS2-humble-arm/camera_models/src/camera_models/PinholeFullCamera.cc:599:32:[m[K [01;35m[Kwarning: [m[K‘[01m[Kxd[m[K’ may be used uninitialized [[01;35m[K-Wmaybe-uninitialized[m[K]
[0.900s]   599 |             double x_proj = [01;35m[Kxd * fx[m[K + cx;
[0.900s]       |                             [01;35m[K~~~^~~~[m[K
[0.900s] [01m[K/home/deathstroke/vins-fusion-ros2/src/VINS-Fusion-ROS2-humble-arm/camera_models/src/camera_models/PinholeFullCamera.cc:600:32:[m[K [01;35m[Kwarning: [m[K‘[01m[Kyd[m[K’ may be used uninitialized [[01;35m[K-Wmaybe-uninitialized[m[K]
[0.900s]   600 |             double y_proj = [01;35m[Kyd * fy[m[K + cy;
[0.900s]       |                             [01;35m[K~~~^~~~[m[K
[0.900s] [01m[K/home/deathstroke/vins-fusion-ros2/src/VINS-Fusion-ROS2-humble-arm/camera_models/src/camera_models/PinholeFullCamera.cc:[m[K In member function ‘[01m[Kvoid camodocal::PinholeFullCamera::spaceToPlane(const Vector3d&, Eigen::Vector2d&, Eigen::Matrix<double, 2, 3>&) const[m[K’:
[0.900s] [01m[K/home/deathstroke/vins-fusion-ros2/src/VINS-Fusion-ROS2-humble-arm/camera_models/src/camera_models/PinholeFullCamera.cc:701:29:[m[K [01;35m[Kwarning: [m[K‘[01m[Kdxdmx[m[K’ may be used uninitialized [[01;35m[K-Wmaybe-uninitialized[m[K]
[0.900s]   701 |     inv_denom = fx * ( [01;35m[Kdudx * dxdmx[m[K + dvdx * dxdmy ); // reuse
[0.900s]       |                        [01;35m[K~~~~~^~~~~~~[m[K
[0.900s] [01m[K/home/deathstroke/vins-fusion-ros2/src/VINS-Fusion-ROS2-humble-arm/camera_models/src/camera_models/PinholeFullCamera.cc:701:44:[m[K [01;35m[Kwarning: [m[K‘[01m[Kdxdmy[m[K’ may be used uninitialized [[01;35m[K-Wmaybe-uninitialized[m[K]
[0.900s]   701 |     inv_denom = fx * ( dudx * dxdmx + [01;35m[Kdvdx * dxdmy[m[K ); // reuse
[0.900s]       |                                       [01;35m[K~~~~~^~~~~~~[m[K
[0.900s] [01m[K/home/deathstroke/vins-fusion-ros2/src/VINS-Fusion-ROS2-humble-arm/camera_models/src/camera_models/PinholeFullCamera.cc:702:29:[m[K [01;35m[Kwarning: [m[K‘[01m[Kdydmx[m[K’ may be used uninitialized [[01;35m[K-Wmaybe-uninitialized[m[K]
[0.900s]   702 |     dvdx      = fy * ( [01;35m[Kdudx * dydmx[m[K + dvdx * dydmy );
[0.900s]       |                        [01;35m[K~~~~~^~~~~~~[m[K
[0.900s] [01m[K/home/deathstroke/vins-fusion-ros2/src/VINS-Fusion-ROS2-humble-arm/camera_models/src/camera_models/PinholeFullCamera.cc:702:44:[m[K [01;35m[Kwarning: [m[K‘[01m[Kdydmy[m[K’ may be used uninitialized [[01;35m[K-Wmaybe-uninitialized[m[K]
[0.900s]   702 |     dvdx      = fy * ( dudx * dydmx + [01;35m[Kdvdx * dydmy[m[K );
[0.900s]       |                                       [01;35m[K~~~~~^~~~~~~[m[K
[0.909s] [01m[K/home/deathstroke/vins-fusion-ros2/src/VINS-Fusion-ROS2-humble-arm/camera_models/src/camera_models/CataCamera.cc:[m[K In constructor ‘[01m[Kcamodocal::CataCamera::CataCamera(const camodocal::CataCamera::Parameters&)[m[K’:
[0.909s] [01m[K/home/deathstroke/vins-fusion-ros2/src/VINS-Fusion-ROS2-humble-arm/camera_models/src/camera_models/CataCamera.cc:327:4:[m[K [01;35m[Kwarning: [m[Kimplicitly-declared ‘[01m[Kcamodocal::CataCamera::Parameters::Parameters(const camodocal::CataCamera::Parameters&)[m[K’ is deprecated [[01;35m[K-Wdeprecated-copy[m[K]
[0.909s]   327 |  : [01;35m[KmParameters(params)[m[K
[0.909s]       |    [01;35m[K^~~~~~~~~~~~~~~~~~~[m[K
[0.909s] [01m[K/home/deathstroke/vins-fusion-ros2/src/VINS-Fusion-ROS2-humble-arm/camera_models/src/camera_models/CataCamera.cc:237:1:[m[K [01;36m[Knote: [m[Kbecause ‘[01m[Kcamodocal::CataCamera::Parameters[m[K’ has user-provided ‘[01m[Kcamodocal::CataCamera::Parameters& camodocal::CataCamera::Parameters::operator=(const camodocal::CataCamera::Parameters&)[m[K’
[0.909s]   237 | [01;36m[KCataCamera[m[K::Parameters::operator=(const CataCamera::Parameters& other)
[0.909s]       | [01;36m[K^~~~~~~~~~[m[K
[0.909s] [01m[K/home/deathstroke/vins-fusion-ros2/src/VINS-Fusion-ROS2-humble-arm/camera_models/src/camera_models/CataCamera.cc:[m[K In member function ‘[01m[Kvirtual void camodocal::CataCamera::estimateIntrinsics(const Size&, const std::vector<std::vector<cv::Point3_<float> > >&, const std::vector<std::vector<cv::Point_<float> > >&)[m[K’:
[0.909s] [01m[K/home/deathstroke/vins-fusion-ros2/src/VINS-Fusion-ROS2-humble-arm/camera_models/src/camera_models/CataCamera.cc:377:39:[m[K [01;35m[Kwarning: [m[Kimplicitly-declared ‘[01m[Kcamodocal::CataCamera::Parameters::Parameters(const camodocal::CataCamera::Parameters&)[m[K’ is deprecated [[01;35m[K-Wdeprecated-copy[m[K]
[0.909s]   377 |     Parameters params = getParameters([01;35m[K)[m[K;
[0.909s]       |                                       [01;35m[K^[m[K
[0.909s] [01m[K/home/deathstroke/vins-fusion-ros2/src/VINS-Fusion-ROS2-humble-arm/camera_models/src/camera_models/CataCamera.cc:237:1:[m[K [01;36m[Knote: [m[Kbecause ‘[01m[Kcamodocal::CataCamera::Parameters[m[K’ has user-provided ‘[01m[Kcamodocal::CataCamera::Parameters& camodocal::CataCamera::Parameters::operator=(const camodocal::CataCamera::Parameters&)[m[K’
[0.909s]   237 | [01;36m[KCataCamera[m[K::Parameters::operator=(const CataCamera::Parameters& other)
[0.909s]       | [01;36m[K^~~~~~~~~~[m[K
[0.909s] [01m[K/home/deathstroke/vins-fusion-ros2/src/VINS-Fusion-ROS2-humble-arm/camera_models/src/camera_models/CataCamera.cc:[m[K In member function ‘[01m[Kvirtual void camodocal::CataCamera::readParameters(const std::vector<double, std::allocator<double> >&)[m[K’:
[0.909s] [01m[K/home/deathstroke/vins-fusion-ros2/src/VINS-Fusion-ROS2-humble-arm/camera_models/src/camera_models/CataCamera.cc:960:39:[m[K [01;35m[Kwarning: [m[Kimplicitly-declared ‘[01m[Kcamodocal::CataCamera::Parameters::Parameters(const camodocal::CataCamera::Parameters&)[m[K’ is deprecated [[01;35m[K-Wdeprecated-copy[m[K]
[0.909s]   960 |     Parameters params = getParameters([01;35m[K)[m[K;
[0.909s]       |                                       [01;35m[K^[m[K
[0.909s] [01m[K/home/deathstroke/vins-fusion-ros2/src/VINS-Fusion-ROS2-humble-arm/camera_models/src/camera_models/CataCamera.cc:237:1:[m[K [01;36m[Knote: [m[Kbecause ‘[01m[Kcamodocal::CataCamera::Parameters[m[K’ has user-provided ‘[01m[Kcamodocal::CataCamera::Parameters& camodocal::CataCamera::Parameters::operator=(const camodocal::CataCamera::Parameters&)[m[K’
[0.910s]   237 | [01;36m[KCataCamera[m[K::Parameters::operator=(const CataCamera::Parameters& other)
[0.910s]       | [01;36m[K^~~~~~~~~~[m[K
[0.939s] In file included from [01m[K/home/deathstroke/vins-fusion-ros2/src/VINS-Fusion-ROS2-humble-arm/camera_models/src/calib/CameraCalibration.cc:15[m[K:
[0.939s] [01m[K/home/deathstroke/vins-fusion-ros2/src/VINS-Fusion-ROS2-humble-arm/camera_models/include/camodocal/sparse_graph/Transform.h:22:5:[m[K [01;35m[Kwarning: [m[Ktype qualifiers ignored on function return type [[01;35m[K-Wignored-qualifiers[m[K]
[0.939s]    22 |     [01;35m[Kconst[m[K double* const rotationData(void) const;
[0.939s]       |     [01;35m[K^~~~~[m[K
[0.939s] [01m[K/home/deathstroke/vins-fusion-ros2/src/VINS-Fusion-ROS2-humble-arm/camera_models/include/camodocal/sparse_graph/Transform.h:27:5:[m[K [01;35m[Kwarning: [m[Ktype qualifiers ignored on function return type [[01;35m[K-Wignored-qualifiers[m[K]
[0.939s]    27 |     [01;35m[Kconst[m[K double* const translationData(void) const;
[0.939s]       |     [01;35m[K^~~~~[m[K
[0.939s] [01m[K/home/deathstroke/vins-fusion-ros2/src/VINS-Fusion-ROS2-humble-arm/camera_models/src/calib/CameraCalibration.cc:[m[K In member function ‘[01m[Kvoid camodocal::CameraCalibration::optimize(camodocal::CameraPtr&, std::vector<cv::Mat>&, std::vector<cv::Mat>&) const[m[K’:
[0.939s] [01m[K/home/deathstroke/vins-fusion-ros2/src/VINS-Fusion-ROS2-humble-arm/camera_models/src/calib/CameraCalibration.cc:507:39:[m[K [01;35m[Kwarning: [m[K‘[01m[KLocalParameterization[m[K’ is deprecated: LocalParameterizations will be removed from the Ceres Solver API in version 2.2.0. Use Manifolds instead. [[01;35m[K-Wdeprecated-declarations[m[K]
[0.939s]   507 |         ceres::LocalParameterization* [01;35m[KquaternionParameterization[m[K =
[0.939s]       |                                       [01;35m[K^~~~~~~~~~~~~~~~~~~~~~~~~~[m[K
[0.939s] In file included from [01m[K/home/deathstroke/vins-fusion-ros2/src/VINS-Fusion-ROS2-humble-arm/camera_models/include/camodocal/gpl/EigenQuaternionParameterization.h:4[m[K,
[0.939s]                  from [01m[K/home/deathstroke/vins-fusion-ros2/src/VINS-Fusion-ROS2-humble-arm/camera_models/src/calib/CameraCalibration.cc:16[m[K:
[0.940s] [01m[K/usr/local/include/ceres/local_parameterization.h:121:18:[m[K [01;36m[Knote: [m[Kdeclared here
[0.940s]   121 |     CERES_EXPORT [01;36m[KLocalParameterization[m[K {
[0.940s]       |                  [01;36m[K^~~~~~~~~~~~~~~~~~~~~[m[K
[0.940s] [01m[K/home/deathstroke/vins-fusion-ros2/src/VINS-Fusion-ROS2-humble-arm/camera_models/src/calib/CameraCalibration.cc:510:36:[m[K [01;35m[Kwarning: [m[K‘[01m[Kvoid ceres::Problem::SetParameterization(double*, ceres::LocalParameterization*)[m[K’ is deprecated: LocalParameterizations are deprecated. Use SetManifold instead. [[01;35m[K-Wdeprecated-declarations[m[K]
[0.940s]   510 |         [01;35m[Kproblem.SetParameterization(transformVec.at(i).rotationData(),[m[K
[0.940s]       |         [01;35m[K~~~~~~~~~~~~~~~~~~~~~~~~~~~^~~~~~~~~~~~~~~~~~~~~~~~~~~~~~~~~~~[m[K
[0.940s]   511 | [01;35m[K                                    quaternionParameterization)[m[K;
[0.940s]       |                                     [01;35m[K~~~~~~~~~~~~~~~~~~~~~~~~~~~[m[K
[0.940s] In file included from [01m[K/usr/local/include/ceres/ceres.h:66[m[K,
[0.940s]                  from [01m[K/home/deathstroke/vins-fusion-ros2/src/VINS-Fusion-ROS2-humble-arm/camera_models/src/calib/CameraCalibration.cc:20[m[K:
[0.940s] [01m[K/usr/local/include/ceres/problem.h:395:8:[m[K [01;36m[Knote: [m[Kdeclared here
[0.940s]   395 |   void [01;36m[KSetParameterization[m[K(double* values,
[0.940s]       |        [01;36m[K^~~~~~~~~~~~~~~~~~~[m[K
[1.026s] In file included from [01m[K/home/deathstroke/vins-fusion-ros2/src/VINS-Fusion-ROS2-humble-arm/camera_models/src/camera_models/CameraFactory.cc:8[m[K:
[1.027s] [01m[K/home/deathstroke/vins-fusion-ros2/src/VINS-Fusion-ROS2-humble-arm/camera_models/include/camodocal/camera_models/PinholeFullCamera.h:[m[K In member function ‘[01m[Kvoid camodocal::PinholeFullCamera::setInitIntrinsics(const std::vector<std::vector<cv::Point3_<float> > >&, const std::vector<std::vector<cv::Point_<float> > >&)[m[K’:
[1.027s] [01m[K/home/deathstroke/vins-fusion-ros2/src/VINS-Fusion-ROS2-humble-arm/camera_models/include/camodocal/camera_models/PinholeFullCamera.h:126:44:[m[K [01;35m[Kwarning: [m[Kimplicitly-declared ‘[01m[Kcamodocal::PinholeFullCamera::Parameters::Parameters(const camodocal::PinholeFullCamera::Parameters&)[m[K’ is deprecated [[01;35m[K-Wdeprecated-copy[m[K]
[1.027s]   126 |         Parameters params = getParameters( [01;35m[K)[m[K;
[1.027s]       |                                            [01;35m[K^[m[K
[1.027s] [01m[K/home/deathstroke/vins-fusion-ros2/src/VINS-Fusion-ROS2-humble-arm/camera_models/include/camodocal/camera_models/PinholeFullCamera.h:66:21:[m[K [01;36m[Knote: [m[Kbecause ‘[01m[Kcamodocal::PinholeFullCamera::Parameters[m[K’ has user-provided ‘[01m[Kcamodocal::PinholeFullCamera::Parameters& camodocal::PinholeFullCamera::Parameters::operator=(const camodocal::PinholeFullCamera::Parameters&)[m[K’
[1.027s]    66 |         Parameters& [01;36m[Koperator[m[K=( const Parameters& other );
[1.027s]       |                     [01;36m[K^~~~~~~~[m[K
[1.027s] [01m[K/home/deathstroke/vins-fusion-ros2/src/VINS-Fusion-ROS2-humble-arm/camera_models/src/camera_models/CameraFactory.cc:[m[K In member function ‘[01m[Kcamodocal::CameraPtr camodocal::CameraFactory::generateCamera(camodocal::Camera::ModelType, const string&, cv::Size) const[m[K’:
[1.027s] [01m[K/home/deathstroke/vins-fusion-ros2/src/VINS-Fusion-ROS2-humble-arm/camera_models/src/camera_models/CameraFactory.cc:40:75:[m[K [01;35m[Kwarning: [m[Kimplicitly-declared ‘[01m[Kcamodocal::EquidistantCamera::Parameters::Parameters(const camodocal::EquidistantCamera::Parameters&)[m[K’ is deprecated [[01;35m[K-Wdeprecated-copy[m[K]
[1.027s]    40 |             EquidistantCamera::Parameters params = camera->getParameters( [01;35m[K)[m[K;
[1.027s]       |                                                                           [01;35m[K^[m[K
[1.027s] In file included from [01m[K/home/deathstroke/vins-fusion-ros2/src/VINS-Fusion-ROS2-humble-arm/camera_models/src/camera_models/CameraFactory.cc:6[m[K:
[1.027s] [01m[K/home/deathstroke/vins-fusion-ros2/src/VINS-Fusion-ROS2-humble-arm/camera_models/include/camodocal/camera_models/EquidistantCamera.h:52:21:[m[K [01;36m[Knote: [m[Kbecause ‘[01m[Kcamodocal::EquidistantCamera::Parameters[m[K’ has user-provided ‘[01m[Kcamodocal::EquidistantCamera::Parameters& camodocal::EquidistantCamera::Parameters::operator=(const camodocal::EquidistantCamera::Parameters&)[m[K’
[1.027s]    52 |         Parameters& [01;36m[Koperator[m[K=(const Parameters& other);
[1.027s]       |                     [01;36m[K^~~~~~~~[m[K
[1.027s] [01m[K/home/deathstroke/vins-fusion-ros2/src/VINS-Fusion-ROS2-humble-arm/camera_models/src/camera_models/CameraFactory.cc:51:71:[m[K [01;35m[Kwarning: [m[Kimplicitly-declared ‘[01m[Kcamodocal::PinholeCamera::Parameters::Parameters(const camodocal::PinholeCamera::Parameters&)[m[K’ is deprecated [[01;35m[K-Wdeprecated-copy[m[K]
[1.027s]    51 |             PinholeCamera::Parameters params = camera->getParameters( [01;35m[K)[m[K;
[1.027s]       |                                                                       [01;35m[K^[m[K
[1.027s] In file included from [01m[K/home/deathstroke/vins-fusion-ros2/src/VINS-Fusion-ROS2-humble-arm/camera_models/src/camera_models/CameraFactory.cc:7[m[K:
[1.027s] [01m[K/home/deathstroke/vins-fusion-ros2/src/VINS-Fusion-ROS2-humble-arm/camera_models/include/camodocal/camera_models/PinholeCamera.h:47:21:[m[K [01;36m[Knote: [m[Kbecause ‘[01m[Kcamodocal::PinholeCamera::Parameters[m[K’ has user-provided ‘[01m[Kcamodocal::PinholeCamera::Parameters& camodocal::PinholeCamera::Parameters::operator=(const camodocal::PinholeCamera::Parameters&)[m[K’
[1.027s]    47 |         Parameters& [01;36m[Koperator[m[K=(const Parameters& other);
[1.027s]       |                     [01;36m[K^~~~~~~~[m[K
[1.027s] [01m[K/home/deathstroke/vins-fusion-ros2/src/VINS-Fusion-ROS2-humble-arm/camera_models/src/camera_models/CameraFactory.cc:62:75:[m[K [01;35m[Kwarning: [m[Kimplicitly-declared ‘[01m[Kcamodocal::PinholeFullCamera::Parameters::Parameters(const camodocal::PinholeFullCamera::Parameters&)[m[K’ is deprecated [[01;35m[K-Wdeprecated-copy[m[K]
[1.027s]    62 |             PinholeFullCamera::Parameters params = camera->getParameters( [01;35m[K)[m[K;
[1.027s]       |                                                                           [01;35m[K^[m[K
[1.027s] In file included from [01m[K/home/deathstroke/vins-fusion-ros2/src/VINS-Fusion-ROS2-humble-arm/camera_models/src/camera_models/CameraFactory.cc:8[m[K:
[1.027s] [01m[K/home/deathstroke/vins-fusion-ros2/src/VINS-Fusion-ROS2-humble-arm/camera_models/include/camodocal/camera_models/PinholeFullCamera.h:66:21:[m[K [01;36m[Knote: [m[Kbecause ‘[01m[Kcamodocal::PinholeFullCamera::Parameters[m[K’ has user-provided ‘[01m[Kcamodocal::PinholeFullCamera::Parameters& camodocal::PinholeFullCamera::Parameters::operator=(const camodocal::PinholeFullCamera::Parameters&)[m[K’
[1.027s]    66 |         Parameters& [01;36m[Koperator[m[K=( const Parameters& other );
[1.027s]       |                     [01;36m[K^~~~~~~~[m[K
[1.027s] [01m[K/home/deathstroke/vins-fusion-ros2/src/VINS-Fusion-ROS2-humble-arm/camera_models/src/camera_models/CameraFactory.cc:73:68:[m[K [01;35m[Kwarning: [m[Kimplicitly-declared ‘[01m[Kcamodocal::OCAMCamera::Parameters::Parameters(const camodocal::OCAMCamera::Parameters&)[m[K’ is deprecated [[01;35m[K-Wdeprecated-copy[m[K]
[1.027s]    73 |             OCAMCamera::Parameters params = camera->getParameters( [01;35m[K)[m[K;
[1.027s]       |                                                                    [01;35m[K^[m[K
[1.027s] In file included from [01m[K/home/deathstroke/vins-fusion-ros2/src/VINS-Fusion-ROS2-humble-arm/camera_models/src/camera_models/CameraFactory.cc:9[m[K:
[1.027s] [01m[K/home/deathstroke/vins-fusion-ros2/src/VINS-Fusion-ROS2-humble-arm/camera_models/include/camodocal/camera_models/ScaramuzzaCamera.h:54:21:[m[K [01;36m[Knote: [m[Kbecause ‘[01m[Kcamodocal::OCAMCamera::Parameters[m[K’ has user-provided ‘[01m[Kcamodocal::OCAMCamera::Parameters& camodocal::OCAMCamera::Parameters::operator=(const camodocal::OCAMCamera::Parameters&)[m[K’
[1.027s]    54 |         Parameters& [01;36m[Koperator[m[K=(const Parameters& other);
[1.027s]       |                     [01;36m[K^~~~~~~~[m[K
[1.027s] [01m[K/home/deathstroke/vins-fusion-ros2/src/VINS-Fusion-ROS2-humble-arm/camera_models/src/camera_models/CameraFactory.cc:85:68:[m[K [01;35m[Kwarning: [m[Kimplicitly-declared ‘[01m[Kcamodocal::CataCamera::Parameters::Parameters(const camodocal::CataCamera::Parameters&)[m[K’ is deprecated [[01;35m[K-Wdeprecated-copy[m[K]
[1.027s]    85 |             CataCamera::Parameters params = camera->getParameters( [01;35m[K)[m[K;
[1.027s]       |                                                                    [01;35m[K^[m[K
[1.027s] In file included from [01m[K/home/deathstroke/vins-fusion-ros2/src/VINS-Fusion-ROS2-humble-arm/camera_models/src/camera_models/CameraFactory.cc:5[m[K:
[1.027s] [01m[K/home/deathstroke/vins-fusion-ros2/src/VINS-Fusion-ROS2-humble-arm/camera_models/include/camodocal/camera_models/CataCamera.h:54:21:[m[K [01;36m[Knote: [m[Kbecause ‘[01m[Kcamodocal::CataCamera::Parameters[m[K’ has user-provided ‘[01m[Kcamodocal::CataCamera::Parameters& camodocal::CataCamera::Parameters::operator=(const camodocal::CataCamera::Parameters&)[m[K’
[1.027s]    54 |         Parameters& [01;36m[Koperator[m[K=(const Parameters& other);
[1.027s]       |                     [01;36m[K^~~~~~~~[m[K
[1.027s] [01m[K/home/deathstroke/vins-fusion-ros2/src/VINS-Fusion-ROS2-humble-arm/camera_models/src/camera_models/CameraFactory.cc:[m[K In member function ‘[01m[Kcamodocal::CameraPtr camodocal::CameraFactory::generateCameraFromYamlFile(const string&)[m[K’:
[1.028s] [01m[K/home/deathstroke/vins-fusion-ros2/src/VINS-Fusion-ROS2-humble-arm/camera_models/src/camera_models/CameraFactory.cc:144:75:[m[K [01;35m[Kwarning: [m[Kimplicitly-declared ‘[01m[Kcamodocal::EquidistantCamera::Parameters::Parameters(const camodocal::EquidistantCamera::Parameters&)[m[K’ is deprecated [[01;35m[K-Wdeprecated-copy[m[K]
[1.028s]   144 |             EquidistantCamera::Parameters params = camera->getParameters( [01;35m[K)[m[K;
[1.028s]       |                                                                           [01;35m[K^[m[K
[1.028s] In file included from [01m[K/home/deathstroke/vins-fusion-ros2/src/VINS-Fusion-ROS2-humble-arm/camera_models/src/camera_models/CameraFactory.cc:6[m[K:
[1.028s] [01m[K/home/deathstroke/vins-fusion-ros2/src/VINS-Fusion-ROS2-humble-arm/camera_models/include/camodocal/camera_models/EquidistantCamera.h:52:21:[m[K [01;36m[Knote: [m[Kbecause ‘[01m[Kcamodocal::EquidistantCamera::Parameters[m[K’ has user-provided ‘[01m[Kcamodocal::EquidistantCamera::Parameters& camodocal::EquidistantCamera::Parameters::operator=(const camodocal::EquidistantCamera::Parameters&)[m[K’
[1.028s]    52 |         Parameters& [01;36m[Koperator[m[K=(const Parameters& other);
[1.028s]       |                     [01;36m[K^~~~~~~~[m[K
[1.028s] [01m[K/home/deathstroke/vins-fusion-ros2/src/VINS-Fusion-ROS2-humble-arm/camera_models/src/camera_models/CameraFactory.cc:153:71:[m[K [01;35m[Kwarning: [m[Kimplicitly-declared ‘[01m[Kcamodocal::PinholeCamera::Parameters::Parameters(const camodocal::PinholeCamera::Parameters&)[m[K’ is deprecated [[01;35m[K-Wdeprecated-copy[m[K]
[1.028s]   153 |             PinholeCamera::Parameters params = camera->getParameters( [01;35m[K)[m[K;
[1.028s]       |                                                                       [01;35m[K^[m[K
[1.028s] In file included from [01m[K/home/deathstroke/vins-fusion-ros2/src/VINS-Fusion-ROS2-humble-arm/camera_models/src/camera_models/CameraFactory.cc:7[m[K:
[1.028s] [01m[K/home/deathstroke/vins-fusion-ros2/src/VINS-Fusion-ROS2-humble-arm/camera_models/include/camodocal/camera_models/PinholeCamera.h:47:21:[m[K [01;36m[Knote: [m[Kbecause ‘[01m[Kcamodocal::PinholeCamera::Parameters[m[K’ has user-provided ‘[01m[Kcamodocal::PinholeCamera::Parameters& camodocal::PinholeCamera::Parameters::operator=(const camodocal::PinholeCamera::Parameters&)[m[K’
[1.028s]    47 |         Parameters& [01;36m[Koperator[m[K=(const Parameters& other);
[1.028s]       |                     [01;36m[K^~~~~~~~[m[K
[1.028s] [01m[K/home/deathstroke/vins-fusion-ros2/src/VINS-Fusion-ROS2-humble-arm/camera_models/src/camera_models/CameraFactory.cc:162:75:[m[K [01;35m[Kwarning: [m[Kimplicitly-declared ‘[01m[Kcamodocal::PinholeFullCamera::Parameters::Parameters(const camodocal::PinholeFullCamera::Parameters&)[m[K’ is deprecated [[01;35m[K-Wdeprecated-copy[m[K]
[1.028s]   162 |             PinholeFullCamera::Parameters params = camera->getParameters( [01;35m[K)[m[K;
[1.028s]       |                                                                           [01;35m[K^[m[K
[1.028s] In file included from [01m[K/home/deathstroke/vins-fusion-ros2/src/VINS-Fusion-ROS2-humble-arm/camera_models/src/camera_models/CameraFactory.cc:8[m[K:
[1.028s] [01m[K/home/deathstroke/vins-fusion-ros2/src/VINS-Fusion-ROS2-humble-arm/camera_models/include/camodocal/camera_models/PinholeFullCamera.h:66:21:[m[K [01;36m[Knote: [m[Kbecause ‘[01m[Kcamodocal::PinholeFullCamera::Parameters[m[K’ has user-provided ‘[01m[Kcamodocal::PinholeFullCamera::Parameters& camodocal::PinholeFullCamera::Parameters::operator=(const camodocal::PinholeFullCamera::Parameters&)[m[K’
[1.028s]    66 |         Parameters& [01;36m[Koperator[m[K=( const Parameters& other );
[1.028s]       |                     [01;36m[K^~~~~~~~[m[K
[1.028s] [01m[K/home/deathstroke/vins-fusion-ros2/src/VINS-Fusion-ROS2-humble-arm/camera_models/src/camera_models/CameraFactory.cc:171:68:[m[K [01;35m[Kwarning: [m[Kimplicitly-declared ‘[01m[Kcamodocal::OCAMCamera::Parameters::Parameters(const camodocal::OCAMCamera::Parameters&)[m[K’ is deprecated [[01;35m[K-Wdeprecated-copy[m[K]
[1.028s]   171 |             OCAMCamera::Parameters params = camera->getParameters( [01;35m[K)[m[K;
[1.028s]       |                                                                    [01;35m[K^[m[K
[1.028s] In file included from [01m[K/home/deathstroke/vins-fusion-ros2/src/VINS-Fusion-ROS2-humble-arm/camera_models/src/camera_models/CameraFactory.cc:9[m[K:
[1.028s] [01m[K/home/deathstroke/vins-fusion-ros2/src/VINS-Fusion-ROS2-humble-arm/camera_models/include/camodocal/camera_models/ScaramuzzaCamera.h:54:21:[m[K [01;36m[Knote: [m[Kbecause ‘[01m[Kcamodocal::OCAMCamera::Parameters[m[K’ has user-provided ‘[01m[Kcamodocal::OCAMCamera::Parameters& camodocal::OCAMCamera::Parameters::operator=(const camodocal::OCAMCamera::Parameters&)[m[K’
[1.028s]    54 |         Parameters& [01;36m[Koperator[m[K=(const Parameters& other);
[1.028s]       |                     [01;36m[K^~~~~~~~[m[K
[1.028s] [01m[K/home/deathstroke/vins-fusion-ros2/src/VINS-Fusion-ROS2-humble-arm/camera_models/src/camera_models/CameraFactory.cc:181:68:[m[K [01;35m[Kwarning: [m[Kimplicitly-declared ‘[01m[Kcamodocal::CataCamera::Parameters::Parameters(const camodocal::CataCamera::Parameters&)[m[K’ is deprecated [[01;35m[K-Wdeprecated-copy[m[K]
[1.028s]   181 |             CataCamera::Parameters params = camera->getParameters( [01;35m[K)[m[K;
[1.028s]       |                                                                    [01;35m[K^[m[K
[1.028s] In file included from [01m[K/home/deathstroke/vins-fusion-ros2/src/VINS-Fusion-ROS2-humble-arm/camera_models/src/camera_models/CameraFactory.cc:5[m[K:
[1.028s] [01m[K/home/deathstroke/vins-fusion-ros2/src/VINS-Fusion-ROS2-humble-arm/camera_models/include/camodocal/camera_models/CataCamera.h:54:21:[m[K [01;36m[Knote: [m[Kbecause ‘[01m[Kcamodocal::CataCamera::Parameters[m[K’ has user-provided ‘[01m[Kcamodocal::CataCamera::Parameters& camodocal::CataCamera::Parameters::operator=(const camodocal::CataCamera::Parameters&)[m[K’
[1.028s]    54 |         Parameters& [01;36m[Koperator[m[K=(const Parameters& other);
[1.028s]       |                     [01;36m[K^~~~~~~~[m[K
[1.167s] In file included from [01m[K/home/deathstroke/vins-fusion-ros2/src/VINS-Fusion-ROS2-humble-arm/camera_models/src/camera_models/CameraFactory.cc:8[m[K:
[1.167s] [01m[K/home/deathstroke/vins-fusion-ros2/src/VINS-Fusion-ROS2-humble-arm/camera_models/include/camodocal/camera_models/PinholeFullCamera.h:[m[K In member function ‘[01m[Kvoid camodocal::PinholeFullCamera::setInitIntrinsics(const std::vector<std::vector<cv::Point3_<float> > >&, const std::vector<std::vector<cv::Point_<float> > >&)[m[K’:
[1.167s] [01m[K/home/deathstroke/vins-fusion-ros2/src/VINS-Fusion-ROS2-humble-arm/camera_models/include/camodocal/camera_models/PinholeFullCamera.h:126:44:[m[K [01;35m[Kwarning: [m[Kimplicitly-declared ‘[01m[Kcamodocal::PinholeFullCamera::Parameters::Parameters(const camodocal::PinholeFullCamera::Parameters&)[m[K’ is deprecated [[01;35m[K-Wdeprecated-copy[m[K]
[1.167s]   126 |         Parameters params = getParameters( [01;35m[K)[m[K;
[1.167s]       |                                            [01;35m[K^[m[K
[1.167s] [01m[K/home/deathstroke/vins-fusion-ros2/src/VINS-Fusion-ROS2-humble-arm/camera_models/include/camodocal/camera_models/PinholeFullCamera.h:66:21:[m[K [01;36m[Knote: [m[Kbecause ‘[01m[Kcamodocal::PinholeFullCamera::Parameters[m[K’ has user-provided ‘[01m[Kcamodocal::PinholeFullCamera::Parameters& camodocal::PinholeFullCamera::Parameters::operator=(const camodocal::PinholeFullCamera::Parameters&)[m[K’
[1.167s]    66 |         Parameters& [01;36m[Koperator[m[K=( const Parameters& other );
[1.167s]       |                     [01;36m[K^~~~~~~~[m[K
[1.167s] [01m[K/home/deathstroke/vins-fusion-ros2/src/VINS-Fusion-ROS2-humble-arm/camera_models/src/camera_models/CameraFactory.cc:[m[K In member function ‘[01m[Kcamodocal::CameraPtr camodocal::CameraFactory::generateCamera(camodocal::Camera::ModelType, const string&, cv::Size) const[m[K’:
[1.167s] [01m[K/home/deathstroke/vins-fusion-ros2/src/VINS-Fusion-ROS2-humble-arm/camera_models/src/camera_models/CameraFactory.cc:40:75:[m[K [01;35m[Kwarning: [m[Kimplicitly-declared ‘[01m[Kcamodocal::EquidistantCamera::Parameters::Parameters(const camodocal::EquidistantCamera::Parameters&)[m[K’ is deprecated [[01;35m[K-Wdeprecated-copy[m[K]
[1.167s]    40 |             EquidistantCamera::Parameters params = camera->getParameters( [01;35m[K)[m[K;
[1.168s]       |                                                                           [01;35m[K^[m[K
[1.168s] In file included from [01m[K/home/deathstroke/vins-fusion-ros2/src/VINS-Fusion-ROS2-humble-arm/camera_models/src/camera_models/CameraFactory.cc:6[m[K:
[1.168s] [01m[K/home/deathstroke/vins-fusion-ros2/src/VINS-Fusion-ROS2-humble-arm/camera_models/include/camodocal/camera_models/EquidistantCamera.h:52:21:[m[K [01;36m[Knote: [m[Kbecause ‘[01m[Kcamodocal::EquidistantCamera::Parameters[m[K’ has user-provided ‘[01m[Kcamodocal::EquidistantCamera::Parameters& camodocal::EquidistantCamera::Parameters::operator=(const camodocal::EquidistantCamera::Parameters&)[m[K’
[1.168s]    52 |         Parameters& [01;36m[Koperator[m[K=(const Parameters& other);
[1.168s]       |                     [01;36m[K^~~~~~~~[m[K
[1.168s] [01m[K/home/deathstroke/vins-fusion-ros2/src/VINS-Fusion-ROS2-humble-arm/camera_models/src/camera_models/CameraFactory.cc:51:71:[m[K [01;35m[Kwarning: [m[Kimplicitly-declared ‘[01m[Kcamodocal::PinholeCamera::Parameters::Parameters(const camodocal::PinholeCamera::Parameters&)[m[K’ is deprecated [[01;35m[K-Wdeprecated-copy[m[K]
[1.168s]    51 |             PinholeCamera::Parameters params = camera->getParameters( [01;35m[K)[m[K;
[1.168s]       |                                                                       [01;35m[K^[m[K
[1.168s] In file included from [01m[K/home/deathstroke/vins-fusion-ros2/src/VINS-Fusion-ROS2-humble-arm/camera_models/src/camera_models/CameraFactory.cc:7[m[K:
[1.168s] [01m[K/home/deathstroke/vins-fusion-ros2/src/VINS-Fusion-ROS2-humble-arm/camera_models/include/camodocal/camera_models/PinholeCamera.h:47:21:[m[K [01;36m[Knote: [m[Kbecause ‘[01m[Kcamodocal::PinholeCamera::Parameters[m[K’ has user-provided ‘[01m[Kcamodocal::PinholeCamera::Parameters& camodocal::PinholeCamera::Parameters::operator=(const camodocal::PinholeCamera::Parameters&)[m[K’
[1.168s]    47 |         Parameters& [01;36m[Koperator[m[K=(const Parameters& other);
[1.168s]       |                     [01;36m[K^~~~~~~~[m[K
[1.168s] [01m[K/home/deathstroke/vins-fusion-ros2/src/VINS-Fusion-ROS2-humble-arm/camera_models/src/camera_models/CameraFactory.cc:62:75:[m[K [01;35m[Kwarning: [m[Kimplicitly-declared ‘[01m[Kcamodocal::PinholeFullCamera::Parameters::Parameters(const camodocal::PinholeFullCamera::Parameters&)[m[K’ is deprecated [[01;35m[K-Wdeprecated-copy[m[K]
[1.168s]    62 |             PinholeFullCamera::Parameters params = camera->getParameters( [01;35m[K)[m[K;
[1.168s]       |                                                                           [01;35m[K^[m[K
[1.168s] In file included from [01m[K/home/deathstroke/vins-fusion-ros2/src/VINS-Fusion-ROS2-humble-arm/camera_models/src/camera_models/CameraFactory.cc:8[m[K:
[1.168s] [01m[K/home/deathstroke/vins-fusion-ros2/src/VINS-Fusion-ROS2-humble-arm/camera_models/include/camodocal/camera_models/PinholeFullCamera.h:66:21:[m[K [01;36m[Knote: [m[Kbecause ‘[01m[Kcamodocal::PinholeFullCamera::Parameters[m[K’ has user-provided ‘[01m[Kcamodocal::PinholeFullCamera::Parameters& camodocal::PinholeFullCamera::Parameters::operator=(const camodocal::PinholeFullCamera::Parameters&)[m[K’
[1.168s]    66 |         Parameters& [01;36m[Koperator[m[K=( const Parameters& other );
[1.168s]       |                     [01;36m[K^~~~~~~~[m[K
[1.168s] [01m[K/home/deathstroke/vins-fusion-ros2/src/VINS-Fusion-ROS2-humble-arm/camera_models/src/camera_models/CameraFactory.cc:73:68:[m[K [01;35m[Kwarning: [m[Kimplicitly-declared ‘[01m[Kcamodocal::OCAMCamera::Parameters::Parameters(const camodocal::OCAMCamera::Parameters&)[m[K’ is deprecated [[01;35m[K-Wdeprecated-copy[m[K]
[1.168s]    73 |             OCAMCamera::Parameters params = camera->getParameters( [01;35m[K)[m[K;
[1.168s]       |                                                                    [01;35m[K^[m[K
[1.168s] In file included from [01m[K/home/deathstroke/vins-fusion-ros2/src/VINS-Fusion-ROS2-humble-arm/camera_models/src/camera_models/CameraFactory.cc:9[m[K:
[1.168s] [01m[K/home/deathstroke/vins-fusion-ros2/src/VINS-Fusion-ROS2-humble-arm/camera_models/include/camodocal/camera_models/ScaramuzzaCamera.h:54:21:[m[K [01;36m[Knote: [m[Kbecause ‘[01m[Kcamodocal::OCAMCamera::Parameters[m[K’ has user-provided ‘[01m[Kcamodocal::OCAMCamera::Parameters& camodocal::OCAMCamera::Parameters::operator=(const camodocal::OCAMCamera::Parameters&)[m[K’
[1.168s]    54 |         Parameters& [01;36m[Koperator[m[K=(const Parameters& other);
[1.168s]       |                     [01;36m[K^~~~~~~~[m[K
[1.168s] [01m[K/home/deathstroke/vins-fusion-ros2/src/VINS-Fusion-ROS2-humble-arm/camera_models/src/camera_models/CameraFactory.cc:85:68:[m[K [01;35m[Kwarning: [m[Kimplicitly-declared ‘[01m[Kcamodocal::CataCamera::Parameters::Parameters(const camodocal::CataCamera::Parameters&)[m[K’ is deprecated [[01;35m[K-Wdeprecated-copy[m[K]
[1.168s]    85 |             CataCamera::Parameters params = camera->getParameters( [01;35m[K)[m[K;
[1.168s]       |                                                                    [01;35m[K^[m[K
[1.168s] In file included from [01m[K/home/deathstroke/vins-fusion-ros2/src/VINS-Fusion-ROS2-humble-arm/camera_models/src/camera_models/CameraFactory.cc:5[m[K:
[1.168s] [01m[K/home/deathstroke/vins-fusion-ros2/src/VINS-Fusion-ROS2-humble-arm/camera_models/include/camodocal/camera_models/CataCamera.h:54:21:[m[K [01;36m[Knote: [m[Kbecause ‘[01m[Kcamodocal::CataCamera::Parameters[m[K’ has user-provided ‘[01m[Kcamodocal::CataCamera::Parameters& camodocal::CataCamera::Parameters::operator=(const camodocal::CataCamera::Parameters&)[m[K’
[1.168s]    54 |         Parameters& [01;36m[Koperator[m[K=(const Parameters& other);
[1.168s]       |                     [01;36m[K^~~~~~~~[m[K
[1.168s] [01m[K/home/deathstroke/vins-fusion-ros2/src/VINS-Fusion-ROS2-humble-arm/camera_models/src/camera_models/CameraFactory.cc:[m[K In member function ‘[01m[Kcamodocal::CameraPtr camodocal::CameraFactory::generateCameraFromYamlFile(const string&)[m[K’:
[1.168s] [01m[K/home/deathstroke/vins-fusion-ros2/src/VINS-Fusion-ROS2-humble-arm/camera_models/src/camera_models/CameraFactory.cc:144:75:[m[K [01;35m[Kwarning: [m[Kimplicitly-declared ‘[01m[Kcamodocal::EquidistantCamera::Parameters::Parameters(const camodocal::EquidistantCamera::Parameters&)[m[K’ is deprecated [[01;35m[K-Wdeprecated-copy[m[K]
[1.168s]   144 |             EquidistantCamera::Parameters params = camera->getParameters( [01;35m[K)[m[K;
[1.168s]       |                                                                           [01;35m[K^[m[K
[1.168s] In file included from [01m[K/home/deathstroke/vins-fusion-ros2/src/VINS-Fusion-ROS2-humble-arm/camera_models/src/camera_models/CameraFactory.cc:6[m[K:
[1.168s] [01m[K/home/deathstroke/vins-fusion-ros2/src/VINS-Fusion-ROS2-humble-arm/camera_models/include/camodocal/camera_models/EquidistantCamera.h:52:21:[m[K [01;36m[Knote: [m[Kbecause ‘[01m[Kcamodocal::EquidistantCamera::Parameters[m[K’ has user-provided ‘[01m[Kcamodocal::EquidistantCamera::Parameters& camodocal::EquidistantCamera::Parameters::operator=(const camodocal::EquidistantCamera::Parameters&)[m[K’
[1.168s]    52 |         Parameters& [01;36m[Koperator[m[K=(const Parameters& other);
[1.168s]       |                     [01;36m[K^~~~~~~~[m[K
[1.168s] [01m[K/home/deathstroke/vins-fusion-ros2/src/VINS-Fusion-ROS2-humble-arm/camera_models/src/camera_models/CameraFactory.cc:153:71:[m[K [01;35m[Kwarning: [m[Kimplicitly-declared ‘[01m[Kcamodocal::PinholeCamera::Parameters::Parameters(const camodocal::PinholeCamera::Parameters&)[m[K’ is deprecated [[01;35m[K-Wdeprecated-copy[m[K]
[1.168s]   153 |             PinholeCamera::Parameters params = camera->getParameters( [01;35m[K)[m[K;
[1.168s]       |                                                                       [01;35m[K^[m[K
[1.168s] In file included from [01m[K/home/deathstroke/vins-fusion-ros2/src/VINS-Fusion-ROS2-humble-arm/camera_models/src/camera_models/CameraFactory.cc:7[m[K:
[1.168s] [01m[K/home/deathstroke/vins-fusion-ros2/src/VINS-Fusion-ROS2-humble-arm/camera_models/include/camodocal/camera_models/PinholeCamera.h:47:21:[m[K [01;36m[Knote: [m[Kbecause ‘[01m[Kcamodocal::PinholeCamera::Parameters[m[K’ has user-provided ‘[01m[Kcamodocal::PinholeCamera::Parameters& camodocal::PinholeCamera::Parameters::operator=(const camodocal::PinholeCamera::Parameters&)[m[K’
[1.168s]    47 |         Parameters& [01;36m[Koperator[m[K=(const Parameters& other);
[1.169s]       |                     [01;36m[K^~~~~~~~[m[K
[1.169s] [01m[K/home/deathstroke/vins-fusion-ros2/src/VINS-Fusion-ROS2-humble-arm/camera_models/src/camera_models/CameraFactory.cc:162:75:[m[K [01;35m[Kwarning: [m[Kimplicitly-declared ‘[01m[Kcamodocal::PinholeFullCamera::Parameters::Parameters(const camodocal::PinholeFullCamera::Parameters&)[m[K’ is deprecated [[01;35m[K-Wdeprecated-copy[m[K]
[1.169s]   162 |             PinholeFullCamera::Parameters params = camera->getParameters( [01;35m[K)[m[K;
[1.169s]       |                                                                           [01;35m[K^[m[K
[1.169s] In file included from [01m[K/home/deathstroke/vins-fusion-ros2/src/VINS-Fusion-ROS2-humble-arm/camera_models/src/camera_models/CameraFactory.cc:8[m[K:
[1.169s] [01m[K/home/deathstroke/vins-fusion-ros2/src/VINS-Fusion-ROS2-humble-arm/camera_models/include/camodocal/camera_models/PinholeFullCamera.h:66:21:[m[K [01;36m[Knote: [m[Kbecause ‘[01m[Kcamodocal::PinholeFullCamera::Parameters[m[K’ has user-provided ‘[01m[Kcamodocal::PinholeFullCamera::Parameters& camodocal::PinholeFullCamera::Parameters::operator=(const camodocal::PinholeFullCamera::Parameters&)[m[K’
[1.169s]    66 |         Parameters& [01;36m[Koperator[m[K=( const Parameters& other );
[1.169s]       |                     [01;36m[K^~~~~~~~[m[K
[1.169s] [01m[K/home/deathstroke/vins-fusion-ros2/src/VINS-Fusion-ROS2-humble-arm/camera_models/src/camera_models/CameraFactory.cc:171:68:[m[K [01;35m[Kwarning: [m[Kimplicitly-declared ‘[01m[Kcamodocal::OCAMCamera::Parameters::Parameters(const camodocal::OCAMCamera::Parameters&)[m[K’ is deprecated [[01;35m[K-Wdeprecated-copy[m[K]
[1.169s]   171 |             OCAMCamera::Parameters params = camera->getParameters( [01;35m[K)[m[K;
[1.169s]       |                                                                    [01;35m[K^[m[K
[1.169s] In file included from [01m[K/home/deathstroke/vins-fusion-ros2/src/VINS-Fusion-ROS2-humble-arm/camera_models/src/camera_models/CameraFactory.cc:9[m[K:
[1.169s] [01m[K/home/deathstroke/vins-fusion-ros2/src/VINS-Fusion-ROS2-humble-arm/camera_models/include/camodocal/camera_models/ScaramuzzaCamera.h:54:21:[m[K [01;36m[Knote: [m[Kbecause ‘[01m[Kcamodocal::OCAMCamera::Parameters[m[K’ has user-provided ‘[01m[Kcamodocal::OCAMCamera::Parameters& camodocal::OCAMCamera::Parameters::operator=(const camodocal::OCAMCamera::Parameters&)[m[K’
[1.169s]    54 |         Parameters& [01;36m[Koperator[m[K=(const Parameters& other);
[1.169s]       |                     [01;36m[K^~~~~~~~[m[K
[1.169s] [01m[K/home/deathstroke/vins-fusion-ros2/src/VINS-Fusion-ROS2-humble-arm/camera_models/src/camera_models/CameraFactory.cc:181:68:[m[K [01;35m[Kwarning: [m[Kimplicitly-declared ‘[01m[Kcamodocal::CataCamera::Parameters::Parameters(const camodocal::CataCamera::Parameters&)[m[K’ is deprecated [[01;35m[K-Wdeprecated-copy[m[K]
[1.169s]   181 |             CataCamera::Parameters params = camera->getParameters( [01;35m[K)[m[K;
[1.169s]       |                                                                    [01;35m[K^[m[K
[1.169s] In file included from [01m[K/home/deathstroke/vins-fusion-ros2/src/VINS-Fusion-ROS2-humble-arm/camera_models/src/camera_models/CameraFactory.cc:5[m[K:
[1.169s] [01m[K/home/deathstroke/vins-fusion-ros2/src/VINS-Fusion-ROS2-humble-arm/camera_models/include/camodocal/camera_models/CataCamera.h:54:21:[m[K [01;36m[Knote: [m[Kbecause ‘[01m[Kcamodocal::CataCamera::Parameters[m[K’ has user-provided ‘[01m[Kcamodocal::CataCamera::Parameters& camodocal::CataCamera::Parameters::operator=(const camodocal::CataCamera::Parameters&)[m[K’
[1.169s]    54 |         Parameters& [01;36m[Koperator[m[K=(const Parameters& other);
[1.169s]       |                     [01;36m[K^~~~~~~~[m[K
[1.283s] [01m[K/home/deathstroke/vins-fusion-ros2/src/VINS-Fusion-ROS2-humble-arm/camera_models/src/camera_models/ScaramuzzaCamera.cc:[m[K In constructor ‘[01m[Kcamodocal::OCAMCamera::OCAMCamera(const camodocal::OCAMCamera::Parameters&)[m[K’:
[1.283s] [01m[K/home/deathstroke/vins-fusion-ros2/src/VINS-Fusion-ROS2-humble-arm/camera_models/src/camera_models/ScaramuzzaCamera.cc:198:4:[m[K [01;35m[Kwarning: [m[Kimplicitly-declared ‘[01m[Kcamodocal::OCAMCamera::Parameters::Parameters(const camodocal::OCAMCamera::Parameters&)[m[K’ is deprecated [[01;35m[K-Wdeprecated-copy[m[K]
[1.283s]   198 |  : [01;35m[KmParameters(params)[m[K
[1.283s]       |    [01;35m[K^~~~~~~~~~~~~~~~~~~[m[K
[1.283s] [01m[K/home/deathstroke/vins-fusion-ros2/src/VINS-Fusion-ROS2-humble-arm/camera_models/src/camera_models/ScaramuzzaCamera.cc:141:1:[m[K [01;36m[Knote: [m[Kbecause ‘[01m[Kcamodocal::OCAMCamera::Parameters[m[K’ has user-provided ‘[01m[Kcamodocal::OCAMCamera::Parameters& camodocal::OCAMCamera::Parameters::operator=(const camodocal::OCAMCamera::Parameters&)[m[K’
[1.283s]   141 | [01;36m[KOCAMCamera[m[K::Parameters::operator=(const OCAMCamera::Parameters& other)
[1.283s]       | [01;36m[K^~~~~~~~~~[m[K
[1.283s] [01m[K/home/deathstroke/vins-fusion-ros2/src/VINS-Fusion-ROS2-humble-arm/camera_models/src/camera_models/ScaramuzzaCamera.cc:[m[K In member function ‘[01m[Kvirtual void camodocal::OCAMCamera::estimateIntrinsics(const Size&, const std::vector<std::vector<cv::Point3_<float> > >&, const std::vector<std::vector<cv::Point_<float> > >&)[m[K’:
[1.283s] [01m[K/home/deathstroke/vins-fusion-ros2/src/VINS-Fusion-ROS2-humble-arm/camera_models/src/camera_models/ScaramuzzaCamera.cc:517:39:[m[K [01;35m[Kwarning: [m[Kimplicitly-declared ‘[01m[Kcamodocal::OCAMCamera::Parameters::Parameters(const camodocal::OCAMCamera::Parameters&)[m[K’ is deprecated [[01;35m[K-Wdeprecated-copy[m[K]
[1.283s]   517 |     Parameters params = getParameters([01;35m[K)[m[K;
[1.283s]       |                                       [01;35m[K^[m[K
[1.283s] [01m[K/home/deathstroke/vins-fusion-ros2/src/VINS-Fusion-ROS2-humble-arm/camera_models/src/camera_models/ScaramuzzaCamera.cc:141:1:[m[K [01;36m[Knote: [m[Kbecause ‘[01m[Kcamodocal::OCAMCamera::Parameters[m[K’ has user-provided ‘[01m[Kcamodocal::OCAMCamera::Parameters& camodocal::OCAMCamera::Parameters::operator=(const camodocal::OCAMCamera::Parameters&)[m[K’
[1.283s]   141 | [01;36m[KOCAMCamera[m[K::Parameters::operator=(const OCAMCamera::Parameters& other)
[1.283s]       | [01;36m[K^~~~~~~~~~[m[K
[1.283s] [01m[K/home/deathstroke/vins-fusion-ros2/src/VINS-Fusion-ROS2-humble-arm/camera_models/src/camera_models/ScaramuzzaCamera.cc:[m[K In member function ‘[01m[Kvirtual void camodocal::OCAMCamera::readParameters(const std::vector<double, std::allocator<double> >&)[m[K’:
[1.283s] [01m[K/home/deathstroke/vins-fusion-ros2/src/VINS-Fusion-ROS2-humble-arm/camera_models/src/camera_models/ScaramuzzaCamera.cc:788:39:[m[K [01;35m[Kwarning: [m[Kimplicitly-declared ‘[01m[Kcamodocal::OCAMCamera::Parameters::Parameters(const camodocal::OCAMCamera::Parameters&)[m[K’ is deprecated [[01;35m[K-Wdeprecated-copy[m[K]
[1.283s]   788 |     Parameters params = getParameters([01;35m[K)[m[K;
[1.283s]       |                                       [01;35m[K^[m[K
[1.283s] [01m[K/home/deathstroke/vins-fusion-ros2/src/VINS-Fusion-ROS2-humble-arm/camera_models/src/camera_models/ScaramuzzaCamera.cc:141:1:[m[K [01;36m[Knote: [m[Kbecause ‘[01m[Kcamodocal::OCAMCamera::Parameters[m[K’ has user-provided ‘[01m[Kcamodocal::OCAMCamera::Parameters& camodocal::OCAMCamera::Parameters::operator=(const camodocal::OCAMCamera::Parameters&)[m[K’
[1.283s]   141 | [01;36m[KOCAMCamera[m[K::Parameters::operator=(const OCAMCamera::Parameters& other)
[1.283s]       | [01;36m[K^~~~~~~~~~[m[K
[1.296s] [ 82%] [32m[1mLinking CXX static library libcamera_models.a[0m
[1.341s] [01m[K/home/deathstroke/vins-fusion-ros2/src/VINS-Fusion-ROS2-humble-arm/camera_models/src/camera_models/ScaramuzzaCamera.cc:[m[K In constructor ‘[01m[Kcamodocal::OCAMCamera::OCAMCamera(const camodocal::OCAMCamera::Parameters&)[m[K’:
[1.341s] [01m[K/home/deathstroke/vins-fusion-ros2/src/VINS-Fusion-ROS2-humble-arm/camera_models/src/camera_models/ScaramuzzaCamera.cc:198:4:[m[K [01;35m[Kwarning: [m[Kimplicitly-declared ‘[01m[Kcamodocal::OCAMCamera::Parameters::Parameters(const camodocal::OCAMCamera::Parameters&)[m[K’ is deprecated [[01;35m[K-Wdeprecated-copy[m[K]
[1.341s]   198 |  : [01;35m[KmParameters(params)[m[K
[1.341s]       |    [01;35m[K^~~~~~~~~~~~~~~~~~~[m[K
[1.341s] [01m[K/home/deathstroke/vins-fusion-ros2/src/VINS-Fusion-ROS2-humble-arm/camera_models/src/camera_models/ScaramuzzaCamera.cc:141:1:[m[K [01;36m[Knote: [m[Kbecause ‘[01m[Kcamodocal::OCAMCamera::Parameters[m[K’ has user-provided ‘[01m[Kcamodocal::OCAMCamera::Parameters& camodocal::OCAMCamera::Parameters::operator=(const camodocal::OCAMCamera::Parameters&)[m[K’
[1.341s]   141 | [01;36m[KOCAMCamera[m[K::Parameters::operator=(const OCAMCamera::Parameters& other)
[1.341s]       | [01;36m[K^~~~~~~~~~[m[K
[1.341s] [01m[K/home/deathstroke/vins-fusion-ros2/src/VINS-Fusion-ROS2-humble-arm/camera_models/src/camera_models/ScaramuzzaCamera.cc:[m[K In member function ‘[01m[Kvirtual void camodocal::OCAMCamera::estimateIntrinsics(const Size&, const std::vector<std::vector<cv::Point3_<float> > >&, const std::vector<std::vector<cv::Point_<float> > >&)[m[K’:
[1.341s] [01m[K/home/deathstroke/vins-fusion-ros2/src/VINS-Fusion-ROS2-humble-arm/camera_models/src/camera_models/ScaramuzzaCamera.cc:517:39:[m[K [01;35m[Kwarning: [m[Kimplicitly-declared ‘[01m[Kcamodocal::OCAMCamera::Parameters::Parameters(const camodocal::OCAMCamera::Parameters&)[m[K’ is deprecated [[01;35m[K-Wdeprecated-copy[m[K]
[1.341s]   517 |     Parameters params = getParameters([01;35m[K)[m[K;
[1.341s]       |                                       [01;35m[K^[m[K
[1.341s] [01m[K/home/deathstroke/vins-fusion-ros2/src/VINS-Fusion-ROS2-humble-arm/camera_models/src/camera_models/ScaramuzzaCamera.cc:141:1:[m[K [01;36m[Knote: [m[Kbecause ‘[01m[Kcamodocal::OCAMCamera::Parameters[m[K’ has user-provided ‘[01m[Kcamodocal::OCAMCamera::Parameters& camodocal::OCAMCamera::Parameters::operator=(const camodocal::OCAMCamera::Parameters&)[m[K’
[1.341s]   141 | [01;36m[KOCAMCamera[m[K::Parameters::operator=(const OCAMCamera::Parameters& other)
[1.341s]       | [01;36m[K^~~~~~~~~~[m[K
[1.341s] [01m[K/home/deathstroke/vins-fusion-ros2/src/VINS-Fusion-ROS2-humble-arm/camera_models/src/camera_models/ScaramuzzaCamera.cc:[m[K In member function ‘[01m[Kvirtual void camodocal::OCAMCamera::readParameters(const std::vector<double, std::allocator<double> >&)[m[K’:
[1.341s] [01m[K/home/deathstroke/vins-fusion-ros2/src/VINS-Fusion-ROS2-humble-arm/camera_models/src/camera_models/ScaramuzzaCamera.cc:788:39:[m[K [01;35m[Kwarning: [m[Kimplicitly-declared ‘[01m[Kcamodocal::OCAMCamera::Parameters::Parameters(const camodocal::OCAMCamera::Parameters&)[m[K’ is deprecated [[01;35m[K-Wdeprecated-copy[m[K]
[1.341s]   788 |     Parameters params = getParameters([01;35m[K)[m[K;
[1.341s]       |                                       [01;35m[K^[m[K
[1.341s] [01m[K/home/deathstroke/vins-fusion-ros2/src/VINS-Fusion-ROS2-humble-arm/camera_models/src/camera_models/ScaramuzzaCamera.cc:141:1:[m[K [01;36m[Knote: [m[Kbecause ‘[01m[Kcamodocal::OCAMCamera::Parameters[m[K’ has user-provided ‘[01m[Kcamodocal::OCAMCamera::Parameters& camodocal::OCAMCamera::Parameters::operator=(const camodocal::OCAMCamera::Parameters&)[m[K’
[1.341s]   141 | [01;36m[KOCAMCamera[m[K::Parameters::operator=(const OCAMCamera::Parameters& other)
[1.341s]       | [01;36m[K^~~~~~~~~~[m[K
[1.355s] [ 86%] [32m[1mLinking CXX executable Calibrations[0m
[1.874s] [ 93%] Built target camera_models
[3.619s] [100%] Built target Calibrations
[3.630s] Invoked command in '/home/deathstroke/vins-fusion-ros2/build/camera_models' returned '0': CMAKE_PREFIX_PATH=${CMAKE_PREFIX_PATH}:/home/deathstroke/realsense-ros/install/realsense2_ros_mqtt_bridge:/home/deathstroke/rust_ws/install/examples_worker_demo:/home/deathstroke/rust_ws/install/examples_rclrs_minimal_pub_sub:/home/deathstroke/rust_ws/install/examples_rclrs_minimal_client_service:/home/deathstroke/rust_ws/install/examples_parameter_demo:/home/deathstroke/rust_ws/install/examples_logging_demo:/home/deathstroke/rust_ws/install/sensor_msgs_py:/home/deathstroke/rust_ws/install/rust_pubsub:/home/deathstroke/rust_ws/install/examples_rclrs_message_demo:/home/deathstroke/rust_ws/install/rosidl_runtime_rs:/home/deathstroke/rust_ws/install/rclrs:/opt/ros/humble /usr/bin/cmake --build /home/deathstroke/vins-fusion-ros2/build/camera_models -- -j32 -l32
[3.631s] Invoking command in '/home/deathstroke/vins-fusion-ros2/build/camera_models': CMAKE_PREFIX_PATH=${CMAKE_PREFIX_PATH}:/home/deathstroke/realsense-ros/install/realsense2_ros_mqtt_bridge:/home/deathstroke/rust_ws/install/examples_worker_demo:/home/deathstroke/rust_ws/install/examples_rclrs_minimal_pub_sub:/home/deathstroke/rust_ws/install/examples_rclrs_minimal_client_service:/home/deathstroke/rust_ws/install/examples_parameter_demo:/home/deathstroke/rust_ws/install/examples_logging_demo:/home/deathstroke/rust_ws/install/sensor_msgs_py:/home/deathstroke/rust_ws/install/rust_pubsub:/home/deathstroke/rust_ws/install/examples_rclrs_message_demo:/home/deathstroke/rust_ws/install/rosidl_runtime_rs:/home/deathstroke/rust_ws/install/rclrs:/opt/ros/humble /usr/bin/cmake --install /home/deathstroke/vins-fusion-ros2/build/camera_models
[3.636s] -- Install configuration: ""
[3.636s] -- Execute custom install script
[3.636s] -- Up-to-date symlink: /home/deathstroke/vins-fusion-ros2/install/camera_models/share/camera_models/environment/library_path.sh
[3.636s] -- Up-to-date symlink: /home/deathstroke/vins-fusion-ros2/install/camera_models/share/camera_models/environment/library_path.dsv
[3.636s] -- Up-to-date symlink: /home/deathstroke/vins-fusion-ros2/install/camera_models/lib/camera_models/Calibrations
[3.636s] -- Up-to-date symlink: /home/deathstroke/vins-fusion-ros2/install/camera_models/bin/Calibrations
[3.636s] -- Up-to-date symlink: /home/deathstroke/vins-fusion-ros2/install/camera_models/lib/libcamera_models.a
[3.636s] -- Up-to-date symlink: /home/deathstroke/vins-fusion-ros2/install/camera_models/lib/camera_models/Calibrations
[3.637s] -- Up-to-date symlink: /home/deathstroke/vins-fusion-ros2/install/camera_models/include//camodocal/calib/CameraCalibration.h
[3.637s] -- Up-to-date symlink: /home/deathstroke/vins-fusion-ros2/install/camera_models/include//camodocal/camera_models/Camera.h
[3.637s] -- Up-to-date symlink: /home/deathstroke/vins-fusion-ros2/install/camera_models/include//camodocal/camera_models/CameraFactory.h
[3.637s] -- Up-to-date symlink: /home/deathstroke/vins-fusion-ros2/install/camera_models/include//camodocal/camera_models/CataCamera.h
[3.637s] -- Up-to-date symlink: /home/deathstroke/vins-fusion-ros2/install/camera_models/include//camodocal/camera_models/CostFunctionFactory.h
[3.637s] -- Up-to-date symlink: /home/deathstroke/vins-fusion-ros2/install/camera_models/include//camodocal/camera_models/EquidistantCamera.h
[3.637s] -- Up-to-date symlink: /home/deathstroke/vins-fusion-ros2/install/camera_models/include//camodocal/camera_models/PinholeCamera.h
[3.637s] -- Up-to-date symlink: /home/deathstroke/vins-fusion-ros2/install/camera_models/include//camodocal/camera_models/PinholeFullCamera.h
[3.637s] -- Up-to-date symlink: /home/deathstroke/vins-fusion-ros2/install/camera_models/include//camodocal/camera_models/ScaramuzzaCamera.h
[3.637s] -- Up-to-date symlink: /home/deathstroke/vins-fusion-ros2/install/camera_models/include//camodocal/chessboard/Chessboard.h
[3.637s] -- Up-to-date symlink: /home/deathstroke/vins-fusion-ros2/install/camera_models/include//camodocal/chessboard/ChessboardCorner.h
[3.637s] -- Up-to-date symlink: /home/deathstroke/vins-fusion-ros2/install/camera_models/include//camodocal/chessboard/ChessboardQuad.h
[3.637s] -- Up-to-date symlink: /home/deathstroke/vins-fusion-ros2/install/camera_models/include//camodocal/chessboard/Spline.h
[3.637s] -- Up-to-date symlink: /home/deathstroke/vins-fusion-ros2/install/camera_models/include//camodocal/gpl/EigenQuaternionParameterization.h
[3.637s] -- Up-to-date symlink: /home/deathstroke/vins-fusion-ros2/install/camera_models/include//camodocal/gpl/EigenUtils.h
[3.637s] -- Up-to-date symlink: /home/deathstroke/vins-fusion-ros2/install/camera_models/include//camodocal/gpl/gpl.h
[3.637s] -- Up-to-date symlink: /home/deathstroke/vins-fusion-ros2/install/camera_models/include//camodocal/sparse_graph/Transform.h
[3.637s] -- Up-to-date symlink: /home/deathstroke/vins-fusion-ros2/install/camera_models/share/ament_index/resource_index/package_run_dependencies/camera_models
[3.637s] -- Up-to-date symlink: /home/deathstroke/vins-fusion-ros2/install/camera_models/share/ament_index/resource_index/parent_prefix_path/camera_models
[3.637s] -- Up-to-date symlink: /home/deathstroke/vins-fusion-ros2/install/camera_models/share/camera_models/environment/ament_prefix_path.sh
[3.637s] -- Up-to-date symlink: /home/deathstroke/vins-fusion-ros2/install/camera_models/share/camera_models/environment/ament_prefix_path.dsv
[3.637s] -- Up-to-date symlink: /home/deathstroke/vins-fusion-ros2/install/camera_models/share/camera_models/environment/path.sh
[3.637s] -- Up-to-date symlink: /home/deathstroke/vins-fusion-ros2/install/camera_models/share/camera_models/environment/path.dsv
[3.637s] -- Up-to-date symlink: /home/deathstroke/vins-fusion-ros2/install/camera_models/share/camera_models/local_setup.bash
[3.637s] -- Up-to-date symlink: /home/deathstroke/vins-fusion-ros2/install/camera_models/share/camera_models/local_setup.sh
[3.638s] -- Up-to-date symlink: /home/deathstroke/vins-fusion-ros2/install/camera_models/share/camera_models/local_setup.zsh
[3.638s] -- Up-to-date symlink: /home/deathstroke/vins-fusion-ros2/install/camera_models/share/camera_models/local_setup.dsv
[3.638s] -- Symlinking: /home/deathstroke/vins-fusion-ros2/install/camera_models/share/camera_models/package.dsv
[3.644s] -- Up-to-date symlink: /home/deathstroke/vins-fusion-ros2/install/camera_models/share/ament_index/resource_index/packages/camera_models
[3.644s] -- Up-to-date symlink: /home/deathstroke/vins-fusion-ros2/install/camera_models/share/camera_models/cmake/ament_cmake_export_include_directories-extras.cmake
[3.645s] -- Up-to-date symlink: /home/deathstroke/vins-fusion-ros2/install/camera_models/share/camera_models/cmake/ament_cmake_export_libraries-extras.cmake
[3.645s] -- Up-to-date symlink: /home/deathstroke/vins-fusion-ros2/install/camera_models/share/camera_models/cmake/ament_cmake_export_dependencies-extras.cmake
[3.645s] -- Up-to-date symlink: /home/deathstroke/vins-fusion-ros2/install/camera_models/share/camera_models/cmake/camera_modelsConfig.cmake
[3.645s] -- Up-to-date symlink: /home/deathstroke/vins-fusion-ros2/install/camera_models/share/camera_models/cmake/camera_modelsConfig-version.cmake
[3.645s] -- Up-to-date symlink: /home/deathstroke/vins-fusion-ros2/install/camera_models/share/camera_models/package.xml
[3.647s] Invoked command in '/home/deathstroke/vins-fusion-ros2/build/camera_models' returned '0': CMAKE_PREFIX_PATH=${CMAKE_PREFIX_PATH}:/home/deathstroke/realsense-ros/install/realsense2_ros_mqtt_bridge:/home/deathstroke/rust_ws/install/examples_worker_demo:/home/deathstroke/rust_ws/install/examples_rclrs_minimal_pub_sub:/home/deathstroke/rust_ws/install/examples_rclrs_minimal_client_service:/home/deathstroke/rust_ws/install/examples_parameter_demo:/home/deathstroke/rust_ws/install/examples_logging_demo:/home/deathstroke/rust_ws/install/sensor_msgs_py:/home/deathstroke/rust_ws/install/rust_pubsub:/home/deathstroke/rust_ws/install/examples_rclrs_message_demo:/home/deathstroke/rust_ws/install/rosidl_runtime_rs:/home/deathstroke/rust_ws/install/rclrs:/opt/ros/humble /usr/bin/cmake --install /home/deathstroke/vins-fusion-ros2/build/camera_models
