[0.011s] Invoking command in '/home/deathstroke/vins-fusion-ros2/build/camera_models': CMAKE_PREFIX_PATH=${CMAKE_PREFIX_PATH}:/home/deathstroke/realsense-ros/install/realsense2_ros_mqtt_bridge:/home/deathstroke/rust_ws/install/examples_worker_demo:/home/deathstroke/rust_ws/install/examples_rclrs_minimal_pub_sub:/home/deathstroke/rust_ws/install/examples_rclrs_minimal_client_service:/home/deathstroke/rust_ws/install/examples_parameter_demo:/home/deathstroke/rust_ws/install/examples_logging_demo:/home/deathstroke/rust_ws/install/sensor_msgs_py:/home/deathstroke/rust_ws/install/rust_pubsub:/home/deathstroke/rust_ws/install/examples_rclrs_message_demo:/home/deathstroke/rust_ws/install/rosidl_runtime_rs:/home/deathstroke/rust_ws/install/rclrs:/opt/ros/humble /usr/bin/cmake /home/deathstroke/vins-fusion-ros2/src/VINS-Fusion-ROS2-humble-arm/camera_models -DAMENT_CMAKE_SYMLINK_INSTALL=1 -DCMAKE_INSTALL_PREFIX=/home/deathstroke/vins-fusion-ros2/install/camera_models
[0.050s] -- The C compiler identification is GNU 11.4.0
[0.089s] -- The CXX compiler identification is GNU 11.4.0
[0.095s] -- Detecting C compiler ABI info
[0.129s] -- Detecting C compiler ABI info - done
[0.132s] -- Check for working C compiler: /usr/lib/ccache/cc - skipped
[0.132s] -- Detecting C compile features
[0.133s] -- Detecting C compile features - done
[0.134s] -- Detecting CXX compiler ABI info
[0.172s] -- Detecting CXX compiler ABI info - done
[0.179s] -- Check for working CXX compiler: /usr/lib/ccache/c++ - skipped
[0.179s] -- Detecting CXX compile features
[0.179s] -- Detecting CXX compile features - done
[0.185s] -- Found ament_cmake: 1.3.14 (/opt/ros/humble/share/ament_cmake/cmake)
[0.579s] -- Found Python3: /usr/bin/python3 (found version "3.10.12") found components: Interpreter 
[0.623s] -- Override CMake install command with custom implementation using symlinks instead of copying resources
[0.663s] -- Found rclcpp: 16.0.19 (/opt/ros/humble/share/rclcpp/cmake)
[0.705s] -- Found rosidl_generator_c: 3.1.9 (/opt/ros/humble/share/rosidl_generator_c/cmake)
[0.711s] -- Found rosidl_adapter: 3.1.9 (/opt/ros/humble/share/rosidl_adapter/cmake)
[0.719s] -- Found rosidl_generator_cpp: 3.1.9 (/opt/ros/humble/share/rosidl_generator_cpp/cmake)
[0.732s] -- Using all available rosidl_typesupport_c: rosidl_typesupport_fastrtps_c;rosidl_typesupport_introspection_c
[0.747s] -- Using all available rosidl_typesupport_cpp: rosidl_typesupport_fastrtps_cpp;rosidl_typesupport_introspection_cpp
[0.786s] -- Found rmw_implementation_cmake: 6.1.2 (/opt/ros/humble/share/rmw_implementation_cmake/cmake)
[0.790s] -- Found rmw_fastrtps_cpp: 6.2.10 (/opt/ros/humble/share/rmw_fastrtps_cpp/cmake)
[0.855s] -- Found OpenSSL: /usr/lib/x86_64-linux-gnu/libcrypto.so (found version "3.0.2")  
[0.875s] -- Found FastRTPS: /opt/ros/humble/include  
[0.912s] -- Using RMW implementation 'rmw_fastrtps_cpp' as default
[0.922s] -- Looking for pthread.h
[0.951s] -- Looking for pthread.h - found
[0.951s] -- Performing Test CMAKE_HAVE_LIBC_PTHREAD
[0.984s] -- Performing Test CMAKE_HAVE_LIBC_PTHREAD - Success
[0.985s] -- Found Threads: TRUE  
[1.031s] -- Found Boost: /usr/lib/x86_64-linux-gnu/cmake/Boost-1.74.0/BoostConfig.cmake (found version "1.74.0") found components: filesystem program_options system 
[1.053s] -- Found CUDA: /usr/local/cuda-12.8 (found suitable exact version "12.8") 
[1.056s] -- Found OpenCV: /usr/local (found version "4.8.0") 
[1.070s] -- Found CXSparse: /usr/include/suitesparse (found suitable version "3.2.0", minimum required is "3.2.0") 
[1.266s] -- Found AMD headers in: /usr/include/suitesparse
[1.269s] -- Found AMD library: /usr/lib/x86_64-linux-gnu/libamd.so
[1.269s] -- Found CAMD headers in: /usr/include/suitesparse
[1.270s] -- Found CAMD library: /usr/lib/x86_64-linux-gnu/libcamd.so
[1.271s] -- Found CCOLAMD headers in: /usr/include/suitesparse
[1.272s] -- Found CCOLAMD library: /usr/lib/x86_64-linux-gnu/libccolamd.so
[1.273s] -- Found CHOLMOD headers in: /usr/include/suitesparse
[1.274s] -- Found CHOLMOD library: /usr/lib/x86_64-linux-gnu/libcholmod.so
[1.275s] -- Found COLAMD headers in: /usr/include/suitesparse
[1.276s] -- Found COLAMD library: /usr/lib/x86_64-linux-gnu/libcolamd.so
[1.277s] -- Found SPQR headers in: /usr/include/suitesparse
[1.278s] -- Found SPQR library: /usr/lib/x86_64-linux-gnu/libspqr.so
[1.278s] -- Found Config headers in: /usr/include/suitesparse
[1.279s] -- Found Config library: /usr/lib/x86_64-linux-gnu/libsuitesparseconfig.so
[1.282s] -- Found Intel Thread Building Blocks (TBB) library (2021.5 / ) include location: . Assuming SuiteSparseQR was compiled with TBB.
[1.282s] -- Looking for shm_open in rt
[1.317s] -- Looking for shm_open in rt - found
[1.317s] -- Adding librt to SuiteSparse_config libraries (required on Linux & Unix [not OSX] if SuiteSparse is compiled with timing).
[1.323s] -- Could NOT find METIS (missing: METIS_INCLUDE_DIR METIS_LIBRARY) 
[1.323s] -- Found SuiteSparse: /usr/include/suitesparse (found suitable version "5.10.1", minimum required is "5.10.1") found components: AMD CAMD CCOLAMD CHOLMOD COLAMD SPQR Config 
[1.327s] -- Found required Ceres dependency: Eigen version 3.3.91 in /usr/local/share/eigen3/cmake
[1.330s] -- Found required Ceres dependency: glog
[1.333s] -- Found required Ceres dependency: gflags
[1.334s] -- Found Ceres version: 2.1.0 installed in: /usr/local with components: [EigenSparse, SparseLinearAlgebraLibrary, LAPACK, SuiteSparse, CXSparse, SchurSpecializations, Multithreading]
[1.382s] -- Configuring done
[1.391s] -- Generating done
[1.393s] -- Build files have been written to: /home/deathstroke/vins-fusion-ros2/build/camera_models
[1.401s] Invoked command in '/home/deathstroke/vins-fusion-ros2/build/camera_models' returned '0': CMAKE_PREFIX_PATH=${CMAKE_PREFIX_PATH}:/home/deathstroke/realsense-ros/install/realsense2_ros_mqtt_bridge:/home/deathstroke/rust_ws/install/examples_worker_demo:/home/deathstroke/rust_ws/install/examples_rclrs_minimal_pub_sub:/home/deathstroke/rust_ws/install/examples_rclrs_minimal_client_service:/home/deathstroke/rust_ws/install/examples_parameter_demo:/home/deathstroke/rust_ws/install/examples_logging_demo:/home/deathstroke/rust_ws/install/sensor_msgs_py:/home/deathstroke/rust_ws/install/rust_pubsub:/home/deathstroke/rust_ws/install/examples_rclrs_message_demo:/home/deathstroke/rust_ws/install/rosidl_runtime_rs:/home/deathstroke/rust_ws/install/rclrs:/opt/ros/humble /usr/bin/cmake /home/deathstroke/vins-fusion-ros2/src/VINS-Fusion-ROS2-humble-arm/camera_models -DAMENT_CMAKE_SYMLINK_INSTALL=1 -DCMAKE_INSTALL_PREFIX=/home/deathstroke/vins-fusion-ros2/install/camera_models
[1.402s] Invoking command in '/home/deathstroke/vins-fusion-ros2/build/camera_models': CMAKE_PREFIX_PATH=${CMAKE_PREFIX_PATH}:/home/deathstroke/realsense-ros/install/realsense2_ros_mqtt_bridge:/home/deathstroke/rust_ws/install/examples_worker_demo:/home/deathstroke/rust_ws/install/examples_rclrs_minimal_pub_sub:/home/deathstroke/rust_ws/install/examples_rclrs_minimal_client_service:/home/deathstroke/rust_ws/install/examples_parameter_demo:/home/deathstroke/rust_ws/install/examples_logging_demo:/home/deathstroke/rust_ws/install/sensor_msgs_py:/home/deathstroke/rust_ws/install/rust_pubsub:/home/deathstroke/rust_ws/install/examples_rclrs_message_demo:/home/deathstroke/rust_ws/install/rosidl_runtime_rs:/home/deathstroke/rust_ws/install/rclrs:/opt/ros/humble /usr/bin/cmake --build /home/deathstroke/vins-fusion-ros2/build/camera_models -- -j32 -l32
[1.431s] [ 10%] [32mBuilding CXX object CMakeFiles/camera_models.dir/src/calib/CameraCalibration.cc.o[0m
[1.431s] [ 13%] [32mBuilding CXX object CMakeFiles/Calibrations.dir/src/calib/CameraCalibration.cc.o[0m
[1.431s] [ 13%] [32mBuilding CXX object CMakeFiles/camera_models.dir/src/camera_models/PinholeCamera.cc.o[0m
[1.431s] [ 10%] [32mBuilding CXX object CMakeFiles/camera_models.dir/src/camera_models/Camera.cc.o[0m
[1.432s] [ 17%] [32mBuilding CXX object CMakeFiles/camera_models.dir/src/camera_models/ScaramuzzaCamera.cc.o[0m
[1.432s] [ 20%] [32mBuilding CXX object CMakeFiles/Calibrations.dir/src/camera_models/Camera.cc.o[0m
[1.432s] [ 24%] [32mBuilding CXX object CMakeFiles/camera_models.dir/src/chessboard/Chessboard.cc.o[0m
[1.432s] [ 27%] [32mBuilding CXX object CMakeFiles/camera_models.dir/src/camera_models/CostFunctionFactory.cc.o[0m
[1.432s] [ 31%] [32mBuilding CXX object CMakeFiles/camera_models.dir/src/camera_models/EquidistantCamera.cc.o[0m
[1.432s] [ 34%] [32mBuilding CXX object CMakeFiles/Calibrations.dir/src/intrinsic_calib.cc.o[0m
[1.432s] [ 44%] [32mBuilding CXX object CMakeFiles/Calibrations.dir/src/camera_models/PinholeCamera.cc.o[0m
[1.432s] [ 44%] [32mBuilding CXX object CMakeFiles/camera_models.dir/src/camera_models/CameraFactory.cc.o[0m
[1.432s] [ 48%] [32mBuilding CXX object CMakeFiles/camera_models.dir/src/sparse_graph/Transform.cc.o[0m
[1.432s] [ 48%] [32mBuilding CXX object CMakeFiles/Calibrations.dir/src/chessboard/Chessboard.cc.o[0m
[1.432s] [ 51%] [32mBuilding CXX object CMakeFiles/Calibrations.dir/src/camera_models/CataCamera.cc.o[0m
[1.432s] [ 58%] [32mBuilding CXX object CMakeFiles/camera_models.dir/src/camera_models/CataCamera.cc.o[0m
[1.432s] [ 58%] [32mBuilding CXX object CMakeFiles/camera_models.dir/src/camera_models/PinholeFullCamera.cc.o[0m
[1.432s] [ 65%] [32mBuilding CXX object CMakeFiles/Calibrations.dir/src/camera_models/CameraFactory.cc.o[0m
[1.432s] [ 68%] [32mBuilding CXX object CMakeFiles/Calibrations.dir/src/camera_models/EquidistantCamera.cc.o[0m
[1.433s] [ 68%] [32mBuilding CXX object CMakeFiles/Calibrations.dir/src/sparse_graph/Transform.cc.o[0m
[1.433s] [ 75%] [32mBuilding CXX object CMakeFiles/Calibrations.dir/src/camera_models/CostFunctionFactory.cc.o[0m
[1.433s] [ 75%] [32mBuilding CXX object CMakeFiles/Calibrations.dir/src/gpl/gpl.cc.o[0m
[1.433s] [ 79%] [32mBuilding CXX object CMakeFiles/Calibrations.dir/src/gpl/EigenQuaternionParameterization.cc.o[0m
[1.433s] [ 82%] [32mBuilding CXX object CMakeFiles/Calibrations.dir/src/camera_models/PinholeFullCamera.cc.o[0m
[1.433s] [ 86%] [32mBuilding CXX object CMakeFiles/camera_models.dir/src/gpl/gpl.cc.o[0m
[1.433s] [ 89%] [32mBuilding CXX object CMakeFiles/Calibrations.dir/src/camera_models/ScaramuzzaCamera.cc.o[0m
[1.433s] [ 93%] [32mBuilding CXX object CMakeFiles/camera_models.dir/src/gpl/EigenQuaternionParameterization.cc.o[0m
[1.439s] In file included from [01m[K/home/deathstroke/vins-fusion-ros2/src/VINS-Fusion-ROS2-humble-arm/camera_models/src/sparse_graph/Transform.cc:1[m[K:
[1.439s] [01m[K/home/deathstroke/vins-fusion-ros2/src/VINS-Fusion-ROS2-humble-arm/camera_models/include/camodocal/sparse_graph/Transform.h:22:5:[m[K [01;35m[Kwarning: [m[Ktype qualifiers ignored on function return type [[01;35m[K-Wignored-qualifiers[m[K]
[1.439s]    22 |     [01;35m[Kconst[m[K double* const rotationData(void) const;
[1.439s]       |     [01;35m[K^~~~~[m[K
[1.439s] [01m[K/home/deathstroke/vins-fusion-ros2/src/VINS-Fusion-ROS2-humble-arm/camera_models/include/camodocal/sparse_graph/Transform.h:27:5:[m[K [01;35m[Kwarning: [m[Ktype qualifiers ignored on function return type [[01;35m[K-Wignored-qualifiers[m[K]
[1.439s]    27 |     [01;35m[Kconst[m[K double* const translationData(void) const;
[1.439s]       |     [01;35m[K^~~~~[m[K
[1.439s] [01m[K/home/deathstroke/vins-fusion-ros2/src/VINS-Fusion-ROS2-humble-arm/camera_models/src/sparse_graph/Transform.cc:36:1:[m[K [01;35m[Kwarning: [m[Ktype qualifiers ignored on function return type [[01;35m[K-Wignored-qualifiers[m[K]
[1.439s]    36 | [01;35m[Kconst[m[K double* const
[1.439s]       | [01;35m[K^~~~~[m[K
[1.439s] [01m[K/home/deathstroke/vins-fusion-ros2/src/VINS-Fusion-ROS2-humble-arm/camera_models/src/sparse_graph/Transform.cc:60:1:[m[K [01;35m[Kwarning: [m[Ktype qualifiers ignored on function return type [[01;35m[K-Wignored-qualifiers[m[K]
[1.439s]    60 | [01;35m[Kconst[m[K double* const
[1.439s]       | [01;35m[K^~~~~[m[K
[1.440s] In file included from [01m[K/home/deathstroke/vins-fusion-ros2/src/VINS-Fusion-ROS2-humble-arm/camera_models/src/sparse_graph/Transform.cc:1[m[K:
[1.440s] [01m[K/home/deathstroke/vins-fusion-ros2/src/VINS-Fusion-ROS2-humble-arm/camera_models/include/camodocal/sparse_graph/Transform.h:22:5:[m[K [01;35m[Kwarning: [m[Ktype qualifiers ignored on function return type [[01;35m[K-Wignored-qualifiers[m[K]
[1.440s]    22 |     [01;35m[Kconst[m[K double* const rotationData(void) const;
[1.440s]       |     [01;35m[K^~~~~[m[K
[1.440s] [01m[K/home/deathstroke/vins-fusion-ros2/src/VINS-Fusion-ROS2-humble-arm/camera_models/include/camodocal/sparse_graph/Transform.h:27:5:[m[K [01;35m[Kwarning: [m[Ktype qualifiers ignored on function return type [[01;35m[K-Wignored-qualifiers[m[K]
[1.440s]    27 |     [01;35m[Kconst[m[K double* const translationData(void) const;
[1.440s]       |     [01;35m[K^~~~~[m[K
[1.440s] [01m[K/home/deathstroke/vins-fusion-ros2/src/VINS-Fusion-ROS2-humble-arm/camera_models/src/sparse_graph/Transform.cc:36:1:[m[K [01;35m[Kwarning: [m[Ktype qualifiers ignored on function return type [[01;35m[K-Wignored-qualifiers[m[K]
[1.440s]    36 | [01;35m[Kconst[m[K double* const
[1.440s]       | [01;35m[K^~~~~[m[K
[1.440s] [01m[K/home/deathstroke/vins-fusion-ros2/src/VINS-Fusion-ROS2-humble-arm/camera_models/src/sparse_graph/Transform.cc:60:1:[m[K [01;35m[Kwarning: [m[Ktype qualifiers ignored on function return type [[01;35m[K-Wignored-qualifiers[m[K]
[1.440s]    60 | [01;35m[Kconst[m[K double* const
[1.440s]       | [01;35m[K^~~~~[m[K
[1.619s] [01m[K/home/deathstroke/vins-fusion-ros2/src/VINS-Fusion-ROS2-humble-arm/camera_models/src/camera_models/EquidistantCamera.cc:[m[K In constructor ‘[01m[Kcamodocal::EquidistantCamera::EquidistantCamera(const camodocal::EquidistantCamera::Parameters&)[m[K’:
[1.619s] [01m[K/home/deathstroke/vins-fusion-ros2/src/VINS-Fusion-ROS2-humble-arm/camera_models/src/camera_models/EquidistantCamera.cc:278:4:[m[K [01;35m[Kwarning: [m[Kimplicitly-declared ‘[01m[Kcamodocal::EquidistantCamera::Parameters::Parameters(const camodocal::EquidistantCamera::Parameters&)[m[K’ is deprecated [[01;35m[K-Wdeprecated-copy[m[K]
[1.619s]   278 |  : [01;35m[KmParameters(params)[m[K
[1.619s]       |    [01;35m[K^~~~~~~~~~~~~~~~~~~[m[K
[1.619s] [01m[K/home/deathstroke/vins-fusion-ros2/src/VINS-Fusion-ROS2-humble-arm/camera_models/src/camera_models/EquidistantCamera.cc:209:1:[m[K [01;36m[Knote: [m[Kbecause ‘[01m[Kcamodocal::EquidistantCamera::Parameters[m[K’ has user-provided ‘[01m[Kcamodocal::EquidistantCamera::Parameters& camodocal::EquidistantCamera::Parameters::operator=(const camodocal::EquidistantCamera::Parameters&)[m[K’
[1.619s]   209 | [01;36m[KEquidistantCamera[m[K::Parameters::operator=(const EquidistantCamera::Parameters& other)
[1.619s]       | [01;36m[K^~~~~~~~~~~~~~~~~[m[K
[1.619s] [01m[K/home/deathstroke/vins-fusion-ros2/src/VINS-Fusion-ROS2-humble-arm/camera_models/src/camera_models/EquidistantCamera.cc:[m[K In member function ‘[01m[Kvirtual void camodocal::EquidistantCamera::estimateIntrinsics(const Size&, const std::vector<std::vector<cv::Point3_<float> > >&, const std::vector<std::vector<cv::Point_<float> > >&)[m[K’:
[1.619s] [01m[K/home/deathstroke/vins-fusion-ros2/src/VINS-Fusion-ROS2-humble-arm/camera_models/src/camera_models/EquidistantCamera.cc:316:39:[m[K [01;35m[Kwarning: [m[Kimplicitly-declared ‘[01m[Kcamodocal::EquidistantCamera::Parameters::Parameters(const camodocal::EquidistantCamera::Parameters&)[m[K’ is deprecated [[01;35m[K-Wdeprecated-copy[m[K]
[1.619s]   316 |     Parameters params = getParameters([01;35m[K)[m[K;
[1.620s]       |                                       [01;35m[K^[m[K
[1.620s] [01m[K/home/deathstroke/vins-fusion-ros2/src/VINS-Fusion-ROS2-humble-arm/camera_models/src/camera_models/EquidistantCamera.cc:209:1:[m[K [01;36m[Knote: [m[Kbecause ‘[01m[Kcamodocal::EquidistantCamera::Parameters[m[K’ has user-provided ‘[01m[Kcamodocal::EquidistantCamera::Parameters& camodocal::EquidistantCamera::Parameters::operator=(const camodocal::EquidistantCamera::Parameters&)[m[K’
[1.620s]   209 | [01;36m[KEquidistantCamera[m[K::Parameters::operator=(const EquidistantCamera::Parameters& other)
[1.620s]       | [01;36m[K^~~~~~~~~~~~~~~~~[m[K
[1.620s] [01m[K/home/deathstroke/vins-fusion-ros2/src/VINS-Fusion-ROS2-humble-arm/camera_models/src/camera_models/EquidistantCamera.cc:345:16:[m[K [01;35m[Kwarning: [m[KISO C++ forbids variable length array ‘[01m[Kradius[m[K’ [[01;35m[K-Wvla[m[K]
[1.620s]   345 |         double [01;35m[Kradius[m[K[boardSize.height];
[1.620s]       |                [01;35m[K^~~~~~[m[K
[1.620s] [01m[K/home/deathstroke/vins-fusion-ros2/src/VINS-Fusion-ROS2-humble-arm/camera_models/src/camera_models/EquidistantCamera.cc:[m[K In member function ‘[01m[Kvirtual void camodocal::EquidistantCamera::readParameters(const std::vector<double, std::allocator<double> >&)[m[K’:
[1.620s] [01m[K/home/deathstroke/vins-fusion-ros2/src/VINS-Fusion-ROS2-humble-arm/camera_models/src/camera_models/EquidistantCamera.cc:637:29:[m[K [01;35m[Kwarning: [m[Kcomparison of integer expressions of different signedness: ‘[01m[Kstd::vector<double, std::allocator<double> >::size_type[m[K’ {aka ‘[01m[Klong unsigned int[m[K’} and ‘[01m[Kint[m[K’ [[01;35m[K-Wsign-compare[m[K]
[1.620s]   637 |     if ([01;35m[KparameterVec.size() != parameterCount()[m[K)
[1.620s]       |         [01;35m[K~~~~~~~~~~~~~~~~~~~~^~~~~~~~~~~~~~~~~~~[m[K
[1.620s] [01m[K/home/deathstroke/vins-fusion-ros2/src/VINS-Fusion-ROS2-humble-arm/camera_models/src/camera_models/EquidistantCamera.cc:642:39:[m[K [01;35m[Kwarning: [m[Kimplicitly-declared ‘[01m[Kcamodocal::EquidistantCamera::Parameters::Parameters(const camodocal::EquidistantCamera::Parameters&)[m[K’ is deprecated [[01;35m[K-Wdeprecated-copy[m[K]
[1.620s]   642 |     Parameters params = getParameters([01;35m[K)[m[K;
[1.620s]       |                                       [01;35m[K^[m[K
[1.620s] [01m[K/home/deathstroke/vins-fusion-ros2/src/VINS-Fusion-ROS2-humble-arm/camera_models/src/camera_models/EquidistantCamera.cc:209:1:[m[K [01;36m[Knote: [m[Kbecause ‘[01m[Kcamodocal::EquidistantCamera::Parameters[m[K’ has user-provided ‘[01m[Kcamodocal::EquidistantCamera::Parameters& camodocal::EquidistantCamera::Parameters::operator=(const camodocal::EquidistantCamera::Parameters&)[m[K’
[1.620s]   209 | [01;36m[KEquidistantCamera[m[K::Parameters::operator=(const EquidistantCamera::Parameters& other)
[1.620s]       | [01;36m[K^~~~~~~~~~~~~~~~~[m[K
[1.630s] In file included from [01m[K/home/deathstroke/vins-fusion-ros2/src/VINS-Fusion-ROS2-humble-arm/camera_models/src/camera_models/CostFunctionFactory.cc:6[m[K:
[1.630s] [01m[K/home/deathstroke/vins-fusion-ros2/src/VINS-Fusion-ROS2-humble-arm/camera_models/include/camodocal/camera_models/PinholeFullCamera.h:[m[K In member function ‘[01m[Kvoid camodocal::PinholeFullCamera::setInitIntrinsics(const std::vector<std::vector<cv::Point3_<float> > >&, const std::vector<std::vector<cv::Point_<float> > >&)[m[K’:
[1.630s] [01m[K/home/deathstroke/vins-fusion-ros2/src/VINS-Fusion-ROS2-humble-arm/camera_models/include/camodocal/camera_models/PinholeFullCamera.h:126:44:[m[K [01;35m[Kwarning: [m[Kimplicitly-declared ‘[01m[Kcamodocal::PinholeFullCamera::Parameters::Parameters(const camodocal::PinholeFullCamera::Parameters&)[m[K’ is deprecated [[01;35m[K-Wdeprecated-copy[m[K]
[1.630s]   126 |         Parameters params = getParameters( [01;35m[K)[m[K;
[1.630s]       |                                            [01;35m[K^[m[K
[1.630s] [01m[K/home/deathstroke/vins-fusion-ros2/src/VINS-Fusion-ROS2-humble-arm/camera_models/include/camodocal/camera_models/PinholeFullCamera.h:66:21:[m[K [01;36m[Knote: [m[Kbecause ‘[01m[Kcamodocal::PinholeFullCamera::Parameters[m[K’ has user-provided ‘[01m[Kcamodocal::PinholeFullCamera::Parameters& camodocal::PinholeFullCamera::Parameters::operator=(const camodocal::PinholeFullCamera::Parameters&)[m[K’
[1.630s]    66 |         Parameters& [01;36m[Koperator[m[K=( const Parameters& other );
[1.630s]       |                     [01;36m[K^~~~~~~~[m[K
[1.657s] [01m[K/home/deathstroke/vins-fusion-ros2/src/VINS-Fusion-ROS2-humble-arm/camera_models/src/camera_models/CataCamera.cc:[m[K In constructor ‘[01m[Kcamodocal::CataCamera::CataCamera(const camodocal::CataCamera::Parameters&)[m[K’:
[1.657s] [01m[K/home/deathstroke/vins-fusion-ros2/src/VINS-Fusion-ROS2-humble-arm/camera_models/src/camera_models/CataCamera.cc:327:4:[m[K [01;35m[Kwarning: [m[Kimplicitly-declared ‘[01m[Kcamodocal::CataCamera::Parameters::Parameters(const camodocal::CataCamera::Parameters&)[m[K’ is deprecated [[01;35m[K-Wdeprecated-copy[m[K]
[1.657s]   327 |  : [01;35m[KmParameters(params)[m[K
[1.657s]       |    [01;35m[K^~~~~~~~~~~~~~~~~~~[m[K
[1.657s] [01m[K/home/deathstroke/vins-fusion-ros2/src/VINS-Fusion-ROS2-humble-arm/camera_models/src/camera_models/CataCamera.cc:237:1:[m[K [01;36m[Knote: [m[Kbecause ‘[01m[Kcamodocal::CataCamera::Parameters[m[K’ has user-provided ‘[01m[Kcamodocal::CataCamera::Parameters& camodocal::CataCamera::Parameters::operator=(const camodocal::CataCamera::Parameters&)[m[K’
[1.657s]   237 | [01;36m[KCataCamera[m[K::Parameters::operator=(const CataCamera::Parameters& other)
[1.657s]       | [01;36m[K^~~~~~~~~~[m[K
[1.657s] [01m[K/home/deathstroke/vins-fusion-ros2/src/VINS-Fusion-ROS2-humble-arm/camera_models/src/camera_models/CataCamera.cc:[m[K In member function ‘[01m[Kvirtual void camodocal::CataCamera::estimateIntrinsics(const Size&, const std::vector<std::vector<cv::Point3_<float> > >&, const std::vector<std::vector<cv::Point_<float> > >&)[m[K’:
[1.657s] [01m[K/home/deathstroke/vins-fusion-ros2/src/VINS-Fusion-ROS2-humble-arm/camera_models/src/camera_models/CataCamera.cc:377:39:[m[K [01;35m[Kwarning: [m[Kimplicitly-declared ‘[01m[Kcamodocal::CataCamera::Parameters::Parameters(const camodocal::CataCamera::Parameters&)[m[K’ is deprecated [[01;35m[K-Wdeprecated-copy[m[K]
[1.657s]   377 |     Parameters params = getParameters([01;35m[K)[m[K;
[1.657s]       |                                       [01;35m[K^[m[K
[1.657s] [01m[K/home/deathstroke/vins-fusion-ros2/src/VINS-Fusion-ROS2-humble-arm/camera_models/src/camera_models/CataCamera.cc:237:1:[m[K [01;36m[Knote: [m[Kbecause ‘[01m[Kcamodocal::CataCamera::Parameters[m[K’ has user-provided ‘[01m[Kcamodocal::CataCamera::Parameters& camodocal::CataCamera::Parameters::operator=(const camodocal::CataCamera::Parameters&)[m[K’
[1.657s]   237 | [01;36m[KCataCamera[m[K::Parameters::operator=(const CataCamera::Parameters& other)
[1.657s]       | [01;36m[K^~~~~~~~~~[m[K
[1.657s] [01m[K/home/deathstroke/vins-fusion-ros2/src/VINS-Fusion-ROS2-humble-arm/camera_models/src/camera_models/CataCamera.cc:[m[K In member function ‘[01m[Kvirtual void camodocal::CataCamera::readParameters(const std::vector<double, std::allocator<double> >&)[m[K’:
[1.657s] [01m[K/home/deathstroke/vins-fusion-ros2/src/VINS-Fusion-ROS2-humble-arm/camera_models/src/camera_models/CataCamera.cc:960:39:[m[K [01;35m[Kwarning: [m[Kimplicitly-declared ‘[01m[Kcamodocal::CataCamera::Parameters::Parameters(const camodocal::CataCamera::Parameters&)[m[K’ is deprecated [[01;35m[K-Wdeprecated-copy[m[K]
[1.657s]   960 |     Parameters params = getParameters([01;35m[K)[m[K;
[1.657s]       |                                       [01;35m[K^[m[K
[1.657s] [01m[K/home/deathstroke/vins-fusion-ros2/src/VINS-Fusion-ROS2-humble-arm/camera_models/src/camera_models/CataCamera.cc:237:1:[m[K [01;36m[Knote: [m[Kbecause ‘[01m[Kcamodocal::CataCamera::Parameters[m[K’ has user-provided ‘[01m[Kcamodocal::CataCamera::Parameters& camodocal::CataCamera::Parameters::operator=(const camodocal::CataCamera::Parameters&)[m[K’
[1.657s]   237 | [01;36m[KCataCamera[m[K::Parameters::operator=(const CataCamera::Parameters& other)
[1.658s]       | [01;36m[K^~~~~~~~~~[m[K
[1.665s] [01m[K/home/deathstroke/vins-fusion-ros2/src/VINS-Fusion-ROS2-humble-arm/camera_models/src/camera_models/EquidistantCamera.cc:[m[K In constructor ‘[01m[Kcamodocal::EquidistantCamera::EquidistantCamera(const camodocal::EquidistantCamera::Parameters&)[m[K’:
[1.665s] [01m[K/home/deathstroke/vins-fusion-ros2/src/VINS-Fusion-ROS2-humble-arm/camera_models/src/camera_models/EquidistantCamera.cc:278:4:[m[K [01;35m[Kwarning: [m[Kimplicitly-declared ‘[01m[Kcamodocal::EquidistantCamera::Parameters::Parameters(const camodocal::EquidistantCamera::Parameters&)[m[K’ is deprecated [[01;35m[K-Wdeprecated-copy[m[K]
[1.665s]   278 |  : [01;35m[KmParameters(params)[m[K
[1.665s]       |    [01;35m[K^~~~~~~~~~~~~~~~~~~[m[K
[1.665s] [01m[K/home/deathstroke/vins-fusion-ros2/src/VINS-Fusion-ROS2-humble-arm/camera_models/src/camera_models/EquidistantCamera.cc:209:1:[m[K [01;36m[Knote: [m[Kbecause ‘[01m[Kcamodocal::EquidistantCamera::Parameters[m[K’ has user-provided ‘[01m[Kcamodocal::EquidistantCamera::Parameters& camodocal::EquidistantCamera::Parameters::operator=(const camodocal::EquidistantCamera::Parameters&)[m[K’
[1.665s]   209 | [01;36m[KEquidistantCamera[m[K::Parameters::operator=(const EquidistantCamera::Parameters& other)
[1.665s]       | [01;36m[K^~~~~~~~~~~~~~~~~[m[K
[1.665s] [01m[K/home/deathstroke/vins-fusion-ros2/src/VINS-Fusion-ROS2-humble-arm/camera_models/src/camera_models/EquidistantCamera.cc:[m[K In member function ‘[01m[Kvirtual void camodocal::EquidistantCamera::estimateIntrinsics(const Size&, const std::vector<std::vector<cv::Point3_<float> > >&, const std::vector<std::vector<cv::Point_<float> > >&)[m[K’:
[1.665s] [01m[K/home/deathstroke/vins-fusion-ros2/src/VINS-Fusion-ROS2-humble-arm/camera_models/src/camera_models/EquidistantCamera.cc:316:39:[m[K [01;35m[Kwarning: [m[Kimplicitly-declared ‘[01m[Kcamodocal::EquidistantCamera::Parameters::Parameters(const camodocal::EquidistantCamera::Parameters&)[m[K’ is deprecated [[01;35m[K-Wdeprecated-copy[m[K]
[1.665s]   316 |     Parameters params = getParameters([01;35m[K)[m[K;
[1.665s]       |                                       [01;35m[K^[m[K
[1.665s] [01m[K/home/deathstroke/vins-fusion-ros2/src/VINS-Fusion-ROS2-humble-arm/camera_models/src/camera_models/EquidistantCamera.cc:209:1:[m[K [01;36m[Knote: [m[Kbecause ‘[01m[Kcamodocal::EquidistantCamera::Parameters[m[K’ has user-provided ‘[01m[Kcamodocal::EquidistantCamera::Parameters& camodocal::EquidistantCamera::Parameters::operator=(const camodocal::EquidistantCamera::Parameters&)[m[K’
[1.665s]   209 | [01;36m[KEquidistantCamera[m[K::Parameters::operator=(const EquidistantCamera::Parameters& other)
[1.665s]       | [01;36m[K^~~~~~~~~~~~~~~~~[m[K
[1.665s] [01m[K/home/deathstroke/vins-fusion-ros2/src/VINS-Fusion-ROS2-humble-arm/camera_models/src/camera_models/EquidistantCamera.cc:345:16:[m[K [01;35m[Kwarning: [m[KISO C++ forbids variable length array ‘[01m[Kradius[m[K’ [[01;35m[K-Wvla[m[K]
[1.665s]   345 |         double [01;35m[Kradius[m[K[boardSize.height];
[1.665s]       |                [01;35m[K^~~~~~[m[K
[1.665s] [01m[K/home/deathstroke/vins-fusion-ros2/src/VINS-Fusion-ROS2-humble-arm/camera_models/src/camera_models/EquidistantCamera.cc:[m[K In member function ‘[01m[Kvirtual void camodocal::EquidistantCamera::readParameters(const std::vector<double, std::allocator<double> >&)[m[K’:
[1.665s] [01m[K/home/deathstroke/vins-fusion-ros2/src/VINS-Fusion-ROS2-humble-arm/camera_models/src/camera_models/EquidistantCamera.cc:637:29:[m[K [01;35m[Kwarning: [m[Kcomparison of integer expressions of different signedness: ‘[01m[Kstd::vector<double, std::allocator<double> >::size_type[m[K’ {aka ‘[01m[Klong unsigned int[m[K’} and ‘[01m[Kint[m[K’ [[01;35m[K-Wsign-compare[m[K]
[1.666s]   637 |     if ([01;35m[KparameterVec.size() != parameterCount()[m[K)
[1.666s]       |         [01;35m[K~~~~~~~~~~~~~~~~~~~~^~~~~~~~~~~~~~~~~~~[m[K
[1.666s] [01m[K/home/deathstroke/vins-fusion-ros2/src/VINS-Fusion-ROS2-humble-arm/camera_models/src/camera_models/EquidistantCamera.cc:642:39:[m[K [01;35m[Kwarning: [m[Kimplicitly-declared ‘[01m[Kcamodocal::EquidistantCamera::Parameters::Parameters(const camodocal::EquidistantCamera::Parameters&)[m[K’ is deprecated [[01;35m[K-Wdeprecated-copy[m[K]
[1.666s]   642 |     Parameters params = getParameters([01;35m[K)[m[K;
[1.666s]       |                                       [01;35m[K^[m[K
[1.666s] [01m[K/home/deathstroke/vins-fusion-ros2/src/VINS-Fusion-ROS2-humble-arm/camera_models/src/camera_models/EquidistantCamera.cc:209:1:[m[K [01;36m[Knote: [m[Kbecause ‘[01m[Kcamodocal::EquidistantCamera::Parameters[m[K’ has user-provided ‘[01m[Kcamodocal::EquidistantCamera::Parameters& camodocal::EquidistantCamera::Parameters::operator=(const camodocal::EquidistantCamera::Parameters&)[m[K’
[1.666s]   209 | [01;36m[KEquidistantCamera[m[K::Parameters::operator=(const EquidistantCamera::Parameters& other)
[1.666s]       | [01;36m[K^~~~~~~~~~~~~~~~~[m[K
[1.686s] In file included from [01m[K/home/deathstroke/vins-fusion-ros2/src/VINS-Fusion-ROS2-humble-arm/camera_models/src/camera_models/PinholeFullCamera.cc:1[m[K:
[1.686s] [01m[K/home/deathstroke/vins-fusion-ros2/src/VINS-Fusion-ROS2-humble-arm/camera_models/include/camodocal/camera_models/PinholeFullCamera.h:[m[K In member function ‘[01m[Kvoid camodocal::PinholeFullCamera::setInitIntrinsics(const std::vector<std::vector<cv::Point3_<float> > >&, const std::vector<std::vector<cv::Point_<float> > >&)[m[K’:
[1.686s] [01m[K/home/deathstroke/vins-fusion-ros2/src/VINS-Fusion-ROS2-humble-arm/camera_models/include/camodocal/camera_models/PinholeFullCamera.h:126:44:[m[K [01;35m[Kwarning: [m[Kimplicitly-declared ‘[01m[Kcamodocal::PinholeFullCamera::Parameters::Parameters(const camodocal::PinholeFullCamera::Parameters&)[m[K’ is deprecated [[01;35m[K-Wdeprecated-copy[m[K]
[1.686s]   126 |         Parameters params = getParameters( [01;35m[K)[m[K;
[1.686s]       |                                            [01;35m[K^[m[K
[1.686s] [01m[K/home/deathstroke/vins-fusion-ros2/src/VINS-Fusion-ROS2-humble-arm/camera_models/include/camodocal/camera_models/PinholeFullCamera.h:66:21:[m[K [01;36m[Knote: [m[Kbecause ‘[01m[Kcamodocal::PinholeFullCamera::Parameters[m[K’ has user-provided ‘[01m[Kcamodocal::PinholeFullCamera::Parameters& camodocal::PinholeFullCamera::Parameters::operator=(const camodocal::PinholeFullCamera::Parameters&)[m[K’
[1.686s]    66 |         Parameters& [01;36m[Koperator[m[K=( const Parameters& other );
[1.686s]       |                     [01;36m[K^~~~~~~~[m[K
[1.686s] [01m[K/home/deathstroke/vins-fusion-ros2/src/VINS-Fusion-ROS2-humble-arm/camera_models/src/camera_models/PinholeFullCamera.cc:[m[K In constructor ‘[01m[Kcamodocal::PinholeFullCamera::PinholeFullCamera(const camodocal::PinholeFullCamera::Parameters&)[m[K’:
[1.686s] [01m[K/home/deathstroke/vins-fusion-ros2/src/VINS-Fusion-ROS2-humble-arm/camera_models/src/camera_models/PinholeFullCamera.cc:381:3:[m[K [01;35m[Kwarning: [m[Kimplicitly-declared ‘[01m[Kcamodocal::PinholeFullCamera::Parameters::Parameters(const camodocal::PinholeFullCamera::Parameters&)[m[K’ is deprecated [[01;35m[K-Wdeprecated-copy[m[K]
[1.686s]   381 | : [01;35m[KmParameters( params )[m[K
[1.686s]       |   [01;35m[K^~~~~~~~~~~~~~~~~~~~~[m[K
[1.686s] [01m[K/home/deathstroke/vins-fusion-ros2/src/VINS-Fusion-ROS2-humble-arm/camera_models/src/camera_models/PinholeFullCamera.cc:280:1:[m[K [01;36m[Knote: [m[Kbecause ‘[01m[Kcamodocal::PinholeFullCamera::Parameters[m[K’ has user-provided ‘[01m[Kcamodocal::PinholeFullCamera::Parameters& camodocal::PinholeFullCamera::Parameters::operator=(const camodocal::PinholeFullCamera::Parameters&)[m[K’
[1.686s]   280 | [01;36m[KPinholeFullCamera[m[K::Parameters::operator=( const PinholeFullCamera::Parameters& other )
[1.686s]       | [01;36m[K^~~~~~~~~~~~~~~~~[m[K
[1.686s] [01m[K/home/deathstroke/vins-fusion-ros2/src/VINS-Fusion-ROS2-humble-arm/camera_models/src/camera_models/PinholeFullCamera.cc:[m[K In member function ‘[01m[Kvirtual void camodocal::PinholeFullCamera::estimateIntrinsics(const Size&, const std::vector<std::vector<cv::Point3_<float> > >&, const std::vector<std::vector<cv::Point_<float> > >&)[m[K’:
[1.686s] [01m[K/home/deathstroke/vins-fusion-ros2/src/VINS-Fusion-ROS2-humble-arm/camera_models/src/camera_models/PinholeFullCamera.cc:431:40:[m[K [01;35m[Kwarning: [m[Kimplicitly-declared ‘[01m[Kcamodocal::PinholeFullCamera::Parameters::Parameters(const camodocal::PinholeFullCamera::Parameters&)[m[K’ is deprecated [[01;35m[K-Wdeprecated-copy[m[K]
[1.686s]   431 |     Parameters params = getParameters( [01;35m[K)[m[K;
[1.686s]       |                                        [01;35m[K^[m[K
[1.686s] [01m[K/home/deathstroke/vins-fusion-ros2/src/VINS-Fusion-ROS2-humble-arm/camera_models/src/camera_models/PinholeFullCamera.cc:280:1:[m[K [01;36m[Knote: [m[Kbecause ‘[01m[Kcamodocal::PinholeFullCamera::Parameters[m[K’ has user-provided ‘[01m[Kcamodocal::PinholeFullCamera::Parameters& camodocal::PinholeFullCamera::Parameters::operator=(const camodocal::PinholeFullCamera::Parameters&)[m[K’
[1.686s]   280 | [01;36m[KPinholeFullCamera[m[K::Parameters::operator=( const PinholeFullCamera::Parameters& other )
[1.686s]       | [01;36m[K^~~~~~~~~~~~~~~~~[m[K
[1.686s] [01m[K/home/deathstroke/vins-fusion-ros2/src/VINS-Fusion-ROS2-humble-arm/camera_models/src/camera_models/PinholeFullCamera.cc:[m[K In member function ‘[01m[Kvirtual void camodocal::PinholeFullCamera::readParameters(const std::vector<double, std::allocator<double> >&)[m[K’:
[1.686s] [01m[K/home/deathstroke/vins-fusion-ros2/src/VINS-Fusion-ROS2-humble-arm/camera_models/src/camera_models/PinholeFullCamera.cc:950:40:[m[K [01;35m[Kwarning: [m[Kimplicitly-declared ‘[01m[Kcamodocal::PinholeFullCamera::Parameters::Parameters(const camodocal::PinholeFullCamera::Parameters&)[m[K’ is deprecated [[01;35m[K-Wdeprecated-copy[m[K]
[1.686s]   950 |     Parameters params = getParameters( [01;35m[K)[m[K;
[1.686s]       |                                        [01;35m[K^[m[K
[1.686s] [01m[K/home/deathstroke/vins-fusion-ros2/src/VINS-Fusion-ROS2-humble-arm/camera_models/src/camera_models/PinholeFullCamera.cc:280:1:[m[K [01;36m[Knote: [m[Kbecause ‘[01m[Kcamodocal::PinholeFullCamera::Parameters[m[K’ has user-provided ‘[01m[Kcamodocal::PinholeFullCamera::Parameters& camodocal::PinholeFullCamera::Parameters::operator=(const camodocal::PinholeFullCamera::Parameters&)[m[K’
[1.686s]   280 | [01;36m[KPinholeFullCamera[m[K::Parameters::operator=( const PinholeFullCamera::Parameters& other )
[1.686s]       | [01;36m[K^~~~~~~~~~~~~~~~~[m[K
[1.686s] [01m[K/home/deathstroke/vins-fusion-ros2/src/VINS-Fusion-ROS2-humble-arm/camera_models/src/camera_models/PinholeFullCamera.cc:[m[K In member function ‘[01m[Kvirtual void camodocal::PinholeFullCamera::liftProjective(const Vector2d&, Eigen::Vector3d&) const[m[K’:
[1.686s] [01m[K/home/deathstroke/vins-fusion-ros2/src/VINS-Fusion-ROS2-humble-arm/camera_models/src/camera_models/PinholeFullCamera.cc:599:32:[m[K [01;35m[Kwarning: [m[K‘[01m[Kxd[m[K’ may be used uninitialized [[01;35m[K-Wmaybe-uninitialized[m[K]
[1.686s]   599 |             double x_proj = [01;35m[Kxd * fx[m[K + cx;
[1.687s]       |                             [01;35m[K~~~^~~~[m[K
[1.687s] [01m[K/home/deathstroke/vins-fusion-ros2/src/VINS-Fusion-ROS2-humble-arm/camera_models/src/camera_models/PinholeFullCamera.cc:600:32:[m[K [01;35m[Kwarning: [m[K‘[01m[Kyd[m[K’ may be used uninitialized [[01;35m[K-Wmaybe-uninitialized[m[K]
[1.687s]   600 |             double y_proj = [01;35m[Kyd * fy[m[K + cy;
[1.687s]       |                             [01;35m[K~~~^~~~[m[K
[1.687s] [01m[K/home/deathstroke/vins-fusion-ros2/src/VINS-Fusion-ROS2-humble-arm/camera_models/src/camera_models/PinholeFullCamera.cc:[m[K In member function ‘[01m[Kvoid camodocal::PinholeFullCamera::spaceToPlane(const Vector3d&, Eigen::Vector2d&, Eigen::Matrix<double, 2, 3>&) const[m[K’:
[1.687s] [01m[K/home/deathstroke/vins-fusion-ros2/src/VINS-Fusion-ROS2-humble-arm/camera_models/src/camera_models/PinholeFullCamera.cc:701:29:[m[K [01;35m[Kwarning: [m[K‘[01m[Kdxdmx[m[K’ may be used uninitialized [[01;35m[K-Wmaybe-uninitialized[m[K]
[1.687s]   701 |     inv_denom = fx * ( [01;35m[Kdudx * dxdmx[m[K + dvdx * dxdmy ); // reuse
[1.687s]       |                        [01;35m[K~~~~~^~~~~~~[m[K
[1.687s] [01m[K/home/deathstroke/vins-fusion-ros2/src/VINS-Fusion-ROS2-humble-arm/camera_models/src/camera_models/PinholeFullCamera.cc:701:44:[m[K [01;35m[Kwarning: [m[K‘[01m[Kdxdmy[m[K’ may be used uninitialized [[01;35m[K-Wmaybe-uninitialized[m[K]
[1.687s]   701 |     inv_denom = fx * ( dudx * dxdmx + [01;35m[Kdvdx * dxdmy[m[K ); // reuse
[1.687s]       |                                       [01;35m[K~~~~~^~~~~~~[m[K
[1.687s] [01m[K/home/deathstroke/vins-fusion-ros2/src/VINS-Fusion-ROS2-humble-arm/camera_models/src/camera_models/PinholeFullCamera.cc:702:29:[m[K [01;35m[Kwarning: [m[K‘[01m[Kdydmx[m[K’ may be used uninitialized [[01;35m[K-Wmaybe-uninitialized[m[K]
[1.687s]   702 |     dvdx      = fy * ( [01;35m[Kdudx * dydmx[m[K + dvdx * dydmy );
[1.687s]       |                        [01;35m[K~~~~~^~~~~~~[m[K
[1.687s] [01m[K/home/deathstroke/vins-fusion-ros2/src/VINS-Fusion-ROS2-humble-arm/camera_models/src/camera_models/PinholeFullCamera.cc:702:44:[m[K [01;35m[Kwarning: [m[K‘[01m[Kdydmy[m[K’ may be used uninitialized [[01;35m[K-Wmaybe-uninitialized[m[K]
[1.687s]   702 |     dvdx      = fy * ( dudx * dydmx + [01;35m[Kdvdx * dydmy[m[K );
[1.687s]       |                                       [01;35m[K~~~~~^~~~~~~[m[K
[1.693s] [01m[K/home/deathstroke/vins-fusion-ros2/src/VINS-Fusion-ROS2-humble-arm/camera_models/src/camera_models/PinholeCamera.cc:[m[K In constructor ‘[01m[Kcamodocal::PinholeCamera::PinholeCamera(const camodocal::PinholeCamera::Parameters&)[m[K’:
[1.693s] [01m[K/home/deathstroke/vins-fusion-ros2/src/VINS-Fusion-ROS2-humble-arm/camera_models/src/camera_models/PinholeCamera.cc:299:4:[m[K [01;35m[Kwarning: [m[Kimplicitly-declared ‘[01m[Kcamodocal::PinholeCamera::Parameters::Parameters(const camodocal::PinholeCamera::Parameters&)[m[K’ is deprecated [[01;35m[K-Wdeprecated-copy[m[K]
[1.694s]   299 |  : [01;35m[KmParameters(params)[m[K
[1.694s]       |    [01;35m[K^~~~~~~~~~~~~~~~~~~[m[K
[1.694s] [01m[K/home/deathstroke/vins-fusion-ros2/src/VINS-Fusion-ROS2-humble-arm/camera_models/src/camera_models/PinholeCamera.cc:214:1:[m[K [01;36m[Knote: [m[Kbecause ‘[01m[Kcamodocal::PinholeCamera::Parameters[m[K’ has user-provided ‘[01m[Kcamodocal::PinholeCamera::Parameters& camodocal::PinholeCamera::Parameters::operator=(const camodocal::PinholeCamera::Parameters&)[m[K’
[1.694s]   214 | [01;36m[KPinholeCamera[m[K::Parameters::operator=(const PinholeCamera::Parameters& other)
[1.694s]       | [01;36m[K^~~~~~~~~~~~~[m[K
[1.694s] [01m[K/home/deathstroke/vins-fusion-ros2/src/VINS-Fusion-ROS2-humble-arm/camera_models/src/camera_models/PinholeCamera.cc:[m[K In member function ‘[01m[Kvirtual void camodocal::PinholeCamera::estimateIntrinsics(const Size&, const std::vector<std::vector<cv::Point3_<float> > >&, const std::vector<std::vector<cv::Point_<float> > >&)[m[K’:
[1.694s] [01m[K/home/deathstroke/vins-fusion-ros2/src/VINS-Fusion-ROS2-humble-arm/camera_models/src/camera_models/PinholeCamera.cc:351:39:[m[K [01;35m[Kwarning: [m[Kimplicitly-declared ‘[01m[Kcamodocal::PinholeCamera::Parameters::Parameters(const camodocal::PinholeCamera::Parameters&)[m[K’ is deprecated [[01;35m[K-Wdeprecated-copy[m[K]
[1.694s]   351 |     Parameters params = getParameters([01;35m[K)[m[K;
[1.694s]       |                                       [01;35m[K^[m[K
[1.694s] [01m[K/home/deathstroke/vins-fusion-ros2/src/VINS-Fusion-ROS2-humble-arm/camera_models/src/camera_models/PinholeCamera.cc:214:1:[m[K [01;36m[Knote: [m[Kbecause ‘[01m[Kcamodocal::PinholeCamera::Parameters[m[K’ has user-provided ‘[01m[Kcamodocal::PinholeCamera::Parameters& camodocal::PinholeCamera::Parameters::operator=(const camodocal::PinholeCamera::Parameters&)[m[K’
[1.694s]   214 | [01;36m[KPinholeCamera[m[K::Parameters::operator=(const PinholeCamera::Parameters& other)
[1.694s]       | [01;36m[K^~~~~~~~~~~~~[m[K
[1.694s] [01m[K/home/deathstroke/vins-fusion-ros2/src/VINS-Fusion-ROS2-humble-arm/camera_models/src/camera_models/PinholeCamera.cc:[m[K In member function ‘[01m[Kvirtual void camodocal::PinholeCamera::readParameters(const std::vector<double, std::allocator<double> >&)[m[K’:
[1.694s] [01m[K/home/deathstroke/vins-fusion-ros2/src/VINS-Fusion-ROS2-humble-arm/camera_models/src/camera_models/PinholeCamera.cc:838:39:[m[K [01;35m[Kwarning: [m[Kimplicitly-declared ‘[01m[Kcamodocal::PinholeCamera::Parameters::Parameters(const camodocal::PinholeCamera::Parameters&)[m[K’ is deprecated [[01;35m[K-Wdeprecated-copy[m[K]
[1.694s]   838 |     Parameters params = getParameters([01;35m[K)[m[K;
[1.694s]       |                                       [01;35m[K^[m[K
[1.694s] [01m[K/home/deathstroke/vins-fusion-ros2/src/VINS-Fusion-ROS2-humble-arm/camera_models/src/camera_models/PinholeCamera.cc:214:1:[m[K [01;36m[Knote: [m[Kbecause ‘[01m[Kcamodocal::PinholeCamera::Parameters[m[K’ has user-provided ‘[01m[Kcamodocal::PinholeCamera::Parameters& camodocal::PinholeCamera::Parameters::operator=(const camodocal::PinholeCamera::Parameters&)[m[K’
[1.694s]   214 | [01;36m[KPinholeCamera[m[K::Parameters::operator=(const PinholeCamera::Parameters& other)
[1.694s]       | [01;36m[K^~~~~~~~~~~~~[m[K
[1.695s] [01m[K/home/deathstroke/vins-fusion-ros2/src/VINS-Fusion-ROS2-humble-arm/camera_models/src/camera_models/CataCamera.cc:[m[K In constructor ‘[01m[Kcamodocal::CataCamera::CataCamera(const camodocal::CataCamera::Parameters&)[m[K’:
[1.695s] [01m[K/home/deathstroke/vins-fusion-ros2/src/VINS-Fusion-ROS2-humble-arm/camera_models/src/camera_models/CataCamera.cc:327:4:[m[K [01;35m[Kwarning: [m[Kimplicitly-declared ‘[01m[Kcamodocal::CataCamera::Parameters::Parameters(const camodocal::CataCamera::Parameters&)[m[K’ is deprecated [[01;35m[K-Wdeprecated-copy[m[K]
[1.695s]   327 |  : [01;35m[KmParameters(params)[m[K
[1.695s]       |    [01;35m[K^~~~~~~~~~~~~~~~~~~[m[K
[1.695s] [01m[K/home/deathstroke/vins-fusion-ros2/src/VINS-Fusion-ROS2-humble-arm/camera_models/src/camera_models/CataCamera.cc:237:1:[m[K [01;36m[Knote: [m[Kbecause ‘[01m[Kcamodocal::CataCamera::Parameters[m[K’ has user-provided ‘[01m[Kcamodocal::CataCamera::Parameters& camodocal::CataCamera::Parameters::operator=(const camodocal::CataCamera::Parameters&)[m[K’
[1.695s]   237 | [01;36m[KCataCamera[m[K::Parameters::operator=(const CataCamera::Parameters& other)
[1.695s]       | [01;36m[K^~~~~~~~~~[m[K
[1.695s] [01m[K/home/deathstroke/vins-fusion-ros2/src/VINS-Fusion-ROS2-humble-arm/camera_models/src/camera_models/CataCamera.cc:[m[K In member function ‘[01m[Kvirtual void camodocal::CataCamera::estimateIntrinsics(const Size&, const std::vector<std::vector<cv::Point3_<float> > >&, const std::vector<std::vector<cv::Point_<float> > >&)[m[K’:
[1.695s] [01m[K/home/deathstroke/vins-fusion-ros2/src/VINS-Fusion-ROS2-humble-arm/camera_models/src/camera_models/CataCamera.cc:377:39:[m[K [01;35m[Kwarning: [m[Kimplicitly-declared ‘[01m[Kcamodocal::CataCamera::Parameters::Parameters(const camodocal::CataCamera::Parameters&)[m[K’ is deprecated [[01;35m[K-Wdeprecated-copy[m[K]
[1.695s]   377 |     Parameters params = getParameters([01;35m[K)[m[K;
[1.695s]       |                                       [01;35m[K^[m[K
[1.695s] [01m[K/home/deathstroke/vins-fusion-ros2/src/VINS-Fusion-ROS2-humble-arm/camera_models/src/camera_models/CataCamera.cc:237:1:[m[K [01;36m[Knote: [m[Kbecause ‘[01m[Kcamodocal::CataCamera::Parameters[m[K’ has user-provided ‘[01m[Kcamodocal::CataCamera::Parameters& camodocal::CataCamera::Parameters::operator=(const camodocal::CataCamera::Parameters&)[m[K’
[1.695s]   237 | [01;36m[KCataCamera[m[K::Parameters::operator=(const CataCamera::Parameters& other)
[1.695s]       | [01;36m[K^~~~~~~~~~[m[K
[1.695s] [01m[K/home/deathstroke/vins-fusion-ros2/src/VINS-Fusion-ROS2-humble-arm/camera_models/src/camera_models/CataCamera.cc:[m[K In member function ‘[01m[Kvirtual void camodocal::CataCamera::readParameters(const std::vector<double, std::allocator<double> >&)[m[K’:
[1.695s] [01m[K/home/deathstroke/vins-fusion-ros2/src/VINS-Fusion-ROS2-humble-arm/camera_models/src/camera_models/CataCamera.cc:960:39:[m[K [01;35m[Kwarning: [m[Kimplicitly-declared ‘[01m[Kcamodocal::CataCamera::Parameters::Parameters(const camodocal::CataCamera::Parameters&)[m[K’ is deprecated [[01;35m[K-Wdeprecated-copy[m[K]
[1.696s]   960 |     Parameters params = getParameters([01;35m[K)[m[K;
[1.696s]       |                                       [01;35m[K^[m[K
[1.696s] [01m[K/home/deathstroke/vins-fusion-ros2/src/VINS-Fusion-ROS2-humble-arm/camera_models/src/camera_models/CataCamera.cc:237:1:[m[K [01;36m[Knote: [m[Kbecause ‘[01m[Kcamodocal::CataCamera::Parameters[m[K’ has user-provided ‘[01m[Kcamodocal::CataCamera::Parameters& camodocal::CataCamera::Parameters::operator=(const camodocal::CataCamera::Parameters&)[m[K’
[1.696s]   237 | [01;36m[KCataCamera[m[K::Parameters::operator=(const CataCamera::Parameters& other)
[1.696s]       | [01;36m[K^~~~~~~~~~[m[K
[1.705s] In file included from [01m[K/home/deathstroke/vins-fusion-ros2/src/VINS-Fusion-ROS2-humble-arm/camera_models/src/camera_models/CostFunctionFactory.cc:6[m[K:
[1.705s] [01m[K/home/deathstroke/vins-fusion-ros2/src/VINS-Fusion-ROS2-humble-arm/camera_models/include/camodocal/camera_models/PinholeFullCamera.h:[m[K In member function ‘[01m[Kvoid camodocal::PinholeFullCamera::setInitIntrinsics(const std::vector<std::vector<cv::Point3_<float> > >&, const std::vector<std::vector<cv::Point_<float> > >&)[m[K’:
[1.705s] [01m[K/home/deathstroke/vins-fusion-ros2/src/VINS-Fusion-ROS2-humble-arm/camera_models/include/camodocal/camera_models/PinholeFullCamera.h:126:44:[m[K [01;35m[Kwarning: [m[Kimplicitly-declared ‘[01m[Kcamodocal::PinholeFullCamera::Parameters::Parameters(const camodocal::PinholeFullCamera::Parameters&)[m[K’ is deprecated [[01;35m[K-Wdeprecated-copy[m[K]
[1.705s]   126 |         Parameters params = getParameters( [01;35m[K)[m[K;
[1.706s]       |                                            [01;35m[K^[m[K
[1.706s] [01m[K/home/deathstroke/vins-fusion-ros2/src/VINS-Fusion-ROS2-humble-arm/camera_models/include/camodocal/camera_models/PinholeFullCamera.h:66:21:[m[K [01;36m[Knote: [m[Kbecause ‘[01m[Kcamodocal::PinholeFullCamera::Parameters[m[K’ has user-provided ‘[01m[Kcamodocal::PinholeFullCamera::Parameters& camodocal::PinholeFullCamera::Parameters::operator=(const camodocal::PinholeFullCamera::Parameters&)[m[K’
[1.706s]    66 |         Parameters& [01;36m[Koperator[m[K=( const Parameters& other );
[1.706s]       |                     [01;36m[K^~~~~~~~[m[K
[1.715s] In file included from [01m[K/home/deathstroke/vins-fusion-ros2/src/VINS-Fusion-ROS2-humble-arm/camera_models/src/calib/CameraCalibration.cc:15[m[K:
[1.715s] [01m[K/home/deathstroke/vins-fusion-ros2/src/VINS-Fusion-ROS2-humble-arm/camera_models/include/camodocal/sparse_graph/Transform.h:22:5:[m[K [01;35m[Kwarning: [m[Ktype qualifiers ignored on function return type [[01;35m[K-Wignored-qualifiers[m[K]
[1.715s]    22 |     [01;35m[Kconst[m[K double* const rotationData(void) const;
[1.715s]       |     [01;35m[K^~~~~[m[K
[1.715s] [01m[K/home/deathstroke/vins-fusion-ros2/src/VINS-Fusion-ROS2-humble-arm/camera_models/include/camodocal/sparse_graph/Transform.h:27:5:[m[K [01;35m[Kwarning: [m[Ktype qualifiers ignored on function return type [[01;35m[K-Wignored-qualifiers[m[K]
[1.715s]    27 |     [01;35m[Kconst[m[K double* const translationData(void) const;
[1.715s]       |     [01;35m[K^~~~~[m[K
[1.715s] [01m[K/home/deathstroke/vins-fusion-ros2/src/VINS-Fusion-ROS2-humble-arm/camera_models/src/calib/CameraCalibration.cc:[m[K In member function ‘[01m[Kvoid camodocal::CameraCalibration::optimize(camodocal::CameraPtr&, std::vector<cv::Mat>&, std::vector<cv::Mat>&) const[m[K’:
[1.715s] [01m[K/home/deathstroke/vins-fusion-ros2/src/VINS-Fusion-ROS2-humble-arm/camera_models/src/calib/CameraCalibration.cc:507:39:[m[K [01;35m[Kwarning: [m[K‘[01m[KLocalParameterization[m[K’ is deprecated: LocalParameterizations will be removed from the Ceres Solver API in version 2.2.0. Use Manifolds instead. [[01;35m[K-Wdeprecated-declarations[m[K]
[1.715s]   507 |         ceres::LocalParameterization* [01;35m[KquaternionParameterization[m[K =
[1.715s]       |                                       [01;35m[K^~~~~~~~~~~~~~~~~~~~~~~~~~[m[K
[1.715s] In file included from [01m[K/home/deathstroke/vins-fusion-ros2/src/VINS-Fusion-ROS2-humble-arm/camera_models/include/camodocal/gpl/EigenQuaternionParameterization.h:4[m[K,
[1.715s]                  from [01m[K/home/deathstroke/vins-fusion-ros2/src/VINS-Fusion-ROS2-humble-arm/camera_models/src/calib/CameraCalibration.cc:16[m[K:
[1.715s] [01m[K/usr/local/include/ceres/local_parameterization.h:121:18:[m[K [01;36m[Knote: [m[Kdeclared here
[1.715s]   121 |     CERES_EXPORT [01;36m[KLocalParameterization[m[K {
[1.715s]       |                  [01;36m[K^~~~~~~~~~~~~~~~~~~~~[m[K
[1.715s] [01m[K/home/deathstroke/vins-fusion-ros2/src/VINS-Fusion-ROS2-humble-arm/camera_models/src/calib/CameraCalibration.cc:510:36:[m[K [01;35m[Kwarning: [m[K‘[01m[Kvoid ceres::Problem::SetParameterization(double*, ceres::LocalParameterization*)[m[K’ is deprecated: LocalParameterizations are deprecated. Use SetManifold instead. [[01;35m[K-Wdeprecated-declarations[m[K]
[1.716s]   510 |         [01;35m[Kproblem.SetParameterization(transformVec.at(i).rotationData(),[m[K
[1.716s]       |         [01;35m[K~~~~~~~~~~~~~~~~~~~~~~~~~~~^~~~~~~~~~~~~~~~~~~~~~~~~~~~~~~~~~~[m[K
[1.716s]   511 | [01;35m[K                                    quaternionParameterization)[m[K;
[1.716s]       |                                     [01;35m[K~~~~~~~~~~~~~~~~~~~~~~~~~~~[m[K
[1.716s] In file included from [01m[K/usr/local/include/ceres/ceres.h:66[m[K,
[1.716s]                  from [01m[K/home/deathstroke/vins-fusion-ros2/src/VINS-Fusion-ROS2-humble-arm/camera_models/src/calib/CameraCalibration.cc:20[m[K:
[1.716s] [01m[K/usr/local/include/ceres/problem.h:395:8:[m[K [01;36m[Knote: [m[Kdeclared here
[1.716s]   395 |   void [01;36m[KSetParameterization[m[K(double* values,
[1.716s]       |        [01;36m[K^~~~~~~~~~~~~~~~~~~[m[K
[1.722s] [01m[K/home/deathstroke/vins-fusion-ros2/src/VINS-Fusion-ROS2-humble-arm/camera_models/src/camera_models/PinholeCamera.cc:[m[K In constructor ‘[01m[Kcamodocal::PinholeCamera::PinholeCamera(const camodocal::PinholeCamera::Parameters&)[m[K’:
[1.722s] [01m[K/home/deathstroke/vins-fusion-ros2/src/VINS-Fusion-ROS2-humble-arm/camera_models/src/camera_models/PinholeCamera.cc:299:4:[m[K [01;35m[Kwarning: [m[Kimplicitly-declared ‘[01m[Kcamodocal::PinholeCamera::Parameters::Parameters(const camodocal::PinholeCamera::Parameters&)[m[K’ is deprecated [[01;35m[K-Wdeprecated-copy[m[K]
[1.723s]   299 |  : [01;35m[KmParameters(params)[m[K
[1.723s]       |    [01;35m[K^~~~~~~~~~~~~~~~~~~[m[K
[1.723s] [01m[K/home/deathstroke/vins-fusion-ros2/src/VINS-Fusion-ROS2-humble-arm/camera_models/src/camera_models/PinholeCamera.cc:214:1:[m[K [01;36m[Knote: [m[Kbecause ‘[01m[Kcamodocal::PinholeCamera::Parameters[m[K’ has user-provided ‘[01m[Kcamodocal::PinholeCamera::Parameters& camodocal::PinholeCamera::Parameters::operator=(const camodocal::PinholeCamera::Parameters&)[m[K’
[1.723s]   214 | [01;36m[KPinholeCamera[m[K::Parameters::operator=(const PinholeCamera::Parameters& other)
[1.723s]       | [01;36m[K^~~~~~~~~~~~~[m[K
[1.723s] [01m[K/home/deathstroke/vins-fusion-ros2/src/VINS-Fusion-ROS2-humble-arm/camera_models/src/camera_models/PinholeCamera.cc:[m[K In member function ‘[01m[Kvirtual void camodocal::PinholeCamera::estimateIntrinsics(const Size&, const std::vector<std::vector<cv::Point3_<float> > >&, const std::vector<std::vector<cv::Point_<float> > >&)[m[K’:
[1.723s] [01m[K/home/deathstroke/vins-fusion-ros2/src/VINS-Fusion-ROS2-humble-arm/camera_models/src/camera_models/PinholeCamera.cc:351:39:[m[K [01;35m[Kwarning: [m[Kimplicitly-declared ‘[01m[Kcamodocal::PinholeCamera::Parameters::Parameters(const camodocal::PinholeCamera::Parameters&)[m[K’ is deprecated [[01;35m[K-Wdeprecated-copy[m[K]
[1.723s]   351 |     Parameters params = getParameters([01;35m[K)[m[K;
[1.723s]       |                                       [01;35m[K^[m[K
[1.723s] [01m[K/home/deathstroke/vins-fusion-ros2/src/VINS-Fusion-ROS2-humble-arm/camera_models/src/camera_models/PinholeCamera.cc:214:1:[m[K [01;36m[Knote: [m[Kbecause ‘[01m[Kcamodocal::PinholeCamera::Parameters[m[K’ has user-provided ‘[01m[Kcamodocal::PinholeCamera::Parameters& camodocal::PinholeCamera::Parameters::operator=(const camodocal::PinholeCamera::Parameters&)[m[K’
[1.723s]   214 | [01;36m[KPinholeCamera[m[K::Parameters::operator=(const PinholeCamera::Parameters& other)
[1.723s]       | [01;36m[K^~~~~~~~~~~~~[m[K
[1.723s] [01m[K/home/deathstroke/vins-fusion-ros2/src/VINS-Fusion-ROS2-humble-arm/camera_models/src/camera_models/PinholeCamera.cc:[m[K In member function ‘[01m[Kvirtual void camodocal::PinholeCamera::readParameters(const std::vector<double, std::allocator<double> >&)[m[K’:
[1.723s] [01m[K/home/deathstroke/vins-fusion-ros2/src/VINS-Fusion-ROS2-humble-arm/camera_models/src/camera_models/PinholeCamera.cc:838:39:[m[K [01;35m[Kwarning: [m[Kimplicitly-declared ‘[01m[Kcamodocal::PinholeCamera::Parameters::Parameters(const camodocal::PinholeCamera::Parameters&)[m[K’ is deprecated [[01;35m[K-Wdeprecated-copy[m[K]
[1.723s]   838 |     Parameters params = getParameters([01;35m[K)[m[K;
[1.723s]       |                                       [01;35m[K^[m[K
[1.723s] [01m[K/home/deathstroke/vins-fusion-ros2/src/VINS-Fusion-ROS2-humble-arm/camera_models/src/camera_models/PinholeCamera.cc:214:1:[m[K [01;36m[Knote: [m[Kbecause ‘[01m[Kcamodocal::PinholeCamera::Parameters[m[K’ has user-provided ‘[01m[Kcamodocal::PinholeCamera::Parameters& camodocal::PinholeCamera::Parameters::operator=(const camodocal::PinholeCamera::Parameters&)[m[K’
[1.723s]   214 | [01;36m[KPinholeCamera[m[K::Parameters::operator=(const PinholeCamera::Parameters& other)
[1.723s]       | [01;36m[K^~~~~~~~~~~~~[m[K
[1.734s] In file included from [01m[K/home/deathstroke/vins-fusion-ros2/src/VINS-Fusion-ROS2-humble-arm/camera_models/src/calib/CameraCalibration.cc:15[m[K:
[1.734s] [01m[K/home/deathstroke/vins-fusion-ros2/src/VINS-Fusion-ROS2-humble-arm/camera_models/include/camodocal/sparse_graph/Transform.h:22:5:[m[K [01;35m[Kwarning: [m[Ktype qualifiers ignored on function return type [[01;35m[K-Wignored-qualifiers[m[K]
[1.734s]    22 |     [01;35m[Kconst[m[K double* const rotationData(void) const;
[1.734s]       |     [01;35m[K^~~~~[m[K
[1.734s] [01m[K/home/deathstroke/vins-fusion-ros2/src/VINS-Fusion-ROS2-humble-arm/camera_models/include/camodocal/sparse_graph/Transform.h:27:5:[m[K [01;35m[Kwarning: [m[Ktype qualifiers ignored on function return type [[01;35m[K-Wignored-qualifiers[m[K]
[1.734s]    27 |     [01;35m[Kconst[m[K double* const translationData(void) const;
[1.734s]       |     [01;35m[K^~~~~[m[K
[1.734s] [01m[K/home/deathstroke/vins-fusion-ros2/src/VINS-Fusion-ROS2-humble-arm/camera_models/src/calib/CameraCalibration.cc:[m[K In member function ‘[01m[Kvoid camodocal::CameraCalibration::optimize(camodocal::CameraPtr&, std::vector<cv::Mat>&, std::vector<cv::Mat>&) const[m[K’:
[1.734s] [01m[K/home/deathstroke/vins-fusion-ros2/src/VINS-Fusion-ROS2-humble-arm/camera_models/src/calib/CameraCalibration.cc:507:39:[m[K [01;35m[Kwarning: [m[K‘[01m[KLocalParameterization[m[K’ is deprecated: LocalParameterizations will be removed from the Ceres Solver API in version 2.2.0. Use Manifolds instead. [[01;35m[K-Wdeprecated-declarations[m[K]
[1.734s]   507 |         ceres::LocalParameterization* [01;35m[KquaternionParameterization[m[K =
[1.734s]       |                                       [01;35m[K^~~~~~~~~~~~~~~~~~~~~~~~~~[m[K
[1.734s] In file included from [01m[K/home/deathstroke/vins-fusion-ros2/src/VINS-Fusion-ROS2-humble-arm/camera_models/include/camodocal/gpl/EigenQuaternionParameterization.h:4[m[K,
[1.734s]                  from [01m[K/home/deathstroke/vins-fusion-ros2/src/VINS-Fusion-ROS2-humble-arm/camera_models/src/calib/CameraCalibration.cc:16[m[K:
[1.734s] [01m[K/usr/local/include/ceres/local_parameterization.h:121:18:[m[K [01;36m[Knote: [m[Kdeclared here
[1.734s]   121 |     CERES_EXPORT [01;36m[KLocalParameterization[m[K {
[1.734s]       |                  [01;36m[K^~~~~~~~~~~~~~~~~~~~~[m[K
[1.734s] [01m[K/home/deathstroke/vins-fusion-ros2/src/VINS-Fusion-ROS2-humble-arm/camera_models/src/calib/CameraCalibration.cc:510:36:[m[K [01;35m[Kwarning: [m[K‘[01m[Kvoid ceres::Problem::SetParameterization(double*, ceres::LocalParameterization*)[m[K’ is deprecated: LocalParameterizations are deprecated. Use SetManifold instead. [[01;35m[K-Wdeprecated-declarations[m[K]
[1.734s]   510 |         [01;35m[Kproblem.SetParameterization(transformVec.at(i).rotationData(),[m[K
[1.734s]       |         [01;35m[K~~~~~~~~~~~~~~~~~~~~~~~~~~~^~~~~~~~~~~~~~~~~~~~~~~~~~~~~~~~~~~[m[K
[1.734s]   511 | [01;35m[K                                    quaternionParameterization)[m[K;
[1.734s]       |                                     [01;35m[K~~~~~~~~~~~~~~~~~~~~~~~~~~~[m[K
[1.734s] In file included from [01m[K/usr/local/include/ceres/ceres.h:66[m[K,
[1.734s]                  from [01m[K/home/deathstroke/vins-fusion-ros2/src/VINS-Fusion-ROS2-humble-arm/camera_models/src/calib/CameraCalibration.cc:20[m[K:
[1.735s] [01m[K/usr/local/include/ceres/problem.h:395:8:[m[K [01;36m[Knote: [m[Kdeclared here
[1.735s]   395 |   void [01;36m[KSetParameterization[m[K(double* values,
[1.735s]       |        [01;36m[K^~~~~~~~~~~~~~~~~~~[m[K
[1.755s] In file included from [01m[K/home/deathstroke/vins-fusion-ros2/src/VINS-Fusion-ROS2-humble-arm/camera_models/src/camera_models/PinholeFullCamera.cc:1[m[K:
[1.755s] [01m[K/home/deathstroke/vins-fusion-ros2/src/VINS-Fusion-ROS2-humble-arm/camera_models/include/camodocal/camera_models/PinholeFullCamera.h:[m[K In member function ‘[01m[Kvoid camodocal::PinholeFullCamera::setInitIntrinsics(const std::vector<std::vector<cv::Point3_<float> > >&, const std::vector<std::vector<cv::Point_<float> > >&)[m[K’:
[1.755s] [01m[K/home/deathstroke/vins-fusion-ros2/src/VINS-Fusion-ROS2-humble-arm/camera_models/include/camodocal/camera_models/PinholeFullCamera.h:126:44:[m[K [01;35m[Kwarning: [m[Kimplicitly-declared ‘[01m[Kcamodocal::PinholeFullCamera::Parameters::Parameters(const camodocal::PinholeFullCamera::Parameters&)[m[K’ is deprecated [[01;35m[K-Wdeprecated-copy[m[K]
[1.755s]   126 |         Parameters params = getParameters( [01;35m[K)[m[K;
[1.755s]       |                                            [01;35m[K^[m[K
[1.755s] [01m[K/home/deathstroke/vins-fusion-ros2/src/VINS-Fusion-ROS2-humble-arm/camera_models/include/camodocal/camera_models/PinholeFullCamera.h:66:21:[m[K [01;36m[Knote: [m[Kbecause ‘[01m[Kcamodocal::PinholeFullCamera::Parameters[m[K’ has user-provided ‘[01m[Kcamodocal::PinholeFullCamera::Parameters& camodocal::PinholeFullCamera::Parameters::operator=(const camodocal::PinholeFullCamera::Parameters&)[m[K’
[1.755s]    66 |         Parameters& [01;36m[Koperator[m[K=( const Parameters& other );
[1.755s]       |                     [01;36m[K^~~~~~~~[m[K
[1.755s] [01m[K/home/deathstroke/vins-fusion-ros2/src/VINS-Fusion-ROS2-humble-arm/camera_models/src/camera_models/PinholeFullCamera.cc:[m[K In constructor ‘[01m[Kcamodocal::PinholeFullCamera::PinholeFullCamera(const camodocal::PinholeFullCamera::Parameters&)[m[K’:
[1.755s] [01m[K/home/deathstroke/vins-fusion-ros2/src/VINS-Fusion-ROS2-humble-arm/camera_models/src/camera_models/PinholeFullCamera.cc:381:3:[m[K [01;35m[Kwarning: [m[Kimplicitly-declared ‘[01m[Kcamodocal::PinholeFullCamera::Parameters::Parameters(const camodocal::PinholeFullCamera::Parameters&)[m[K’ is deprecated [[01;35m[K-Wdeprecated-copy[m[K]
[1.755s]   381 | : [01;35m[KmParameters( params )[m[K
[1.755s]       |   [01;35m[K^~~~~~~~~~~~~~~~~~~~~[m[K
[1.756s] [01m[K/home/deathstroke/vins-fusion-ros2/src/VINS-Fusion-ROS2-humble-arm/camera_models/src/camera_models/PinholeFullCamera.cc:280:1:[m[K [01;36m[Knote: [m[Kbecause ‘[01m[Kcamodocal::PinholeFullCamera::Parameters[m[K’ has user-provided ‘[01m[Kcamodocal::PinholeFullCamera::Parameters& camodocal::PinholeFullCamera::Parameters::operator=(const camodocal::PinholeFullCamera::Parameters&)[m[K’
[1.756s]   280 | [01;36m[KPinholeFullCamera[m[K::Parameters::operator=( const PinholeFullCamera::Parameters& other )
[1.756s]       | [01;36m[K^~~~~~~~~~~~~~~~~[m[K
[1.756s] [01m[K/home/deathstroke/vins-fusion-ros2/src/VINS-Fusion-ROS2-humble-arm/camera_models/src/camera_models/PinholeFullCamera.cc:[m[K In member function ‘[01m[Kvirtual void camodocal::PinholeFullCamera::estimateIntrinsics(const Size&, const std::vector<std::vector<cv::Point3_<float> > >&, const std::vector<std::vector<cv::Point_<float> > >&)[m[K’:
[1.756s] [01m[K/home/deathstroke/vins-fusion-ros2/src/VINS-Fusion-ROS2-humble-arm/camera_models/src/camera_models/PinholeFullCamera.cc:431:40:[m[K [01;35m[Kwarning: [m[Kimplicitly-declared ‘[01m[Kcamodocal::PinholeFullCamera::Parameters::Parameters(const camodocal::PinholeFullCamera::Parameters&)[m[K’ is deprecated [[01;35m[K-Wdeprecated-copy[m[K]
[1.756s]   431 |     Parameters params = getParameters( [01;35m[K)[m[K;
[1.756s]       |                                        [01;35m[K^[m[K
[1.756s] [01m[K/home/deathstroke/vins-fusion-ros2/src/VINS-Fusion-ROS2-humble-arm/camera_models/src/camera_models/PinholeFullCamera.cc:280:1:[m[K [01;36m[Knote: [m[Kbecause ‘[01m[Kcamodocal::PinholeFullCamera::Parameters[m[K’ has user-provided ‘[01m[Kcamodocal::PinholeFullCamera::Parameters& camodocal::PinholeFullCamera::Parameters::operator=(const camodocal::PinholeFullCamera::Parameters&)[m[K’
[1.756s]   280 | [01;36m[KPinholeFullCamera[m[K::Parameters::operator=( const PinholeFullCamera::Parameters& other )
[1.756s]       | [01;36m[K^~~~~~~~~~~~~~~~~[m[K
[1.756s] [01m[K/home/deathstroke/vins-fusion-ros2/src/VINS-Fusion-ROS2-humble-arm/camera_models/src/camera_models/PinholeFullCamera.cc:[m[K In member function ‘[01m[Kvirtual void camodocal::PinholeFullCamera::readParameters(const std::vector<double, std::allocator<double> >&)[m[K’:
[1.756s] [01m[K/home/deathstroke/vins-fusion-ros2/src/VINS-Fusion-ROS2-humble-arm/camera_models/src/camera_models/PinholeFullCamera.cc:950:40:[m[K [01;35m[Kwarning: [m[Kimplicitly-declared ‘[01m[Kcamodocal::PinholeFullCamera::Parameters::Parameters(const camodocal::PinholeFullCamera::Parameters&)[m[K’ is deprecated [[01;35m[K-Wdeprecated-copy[m[K]
[1.756s]   950 |     Parameters params = getParameters( [01;35m[K)[m[K;
[1.756s]       |                                        [01;35m[K^[m[K
[1.756s] [01m[K/home/deathstroke/vins-fusion-ros2/src/VINS-Fusion-ROS2-humble-arm/camera_models/src/camera_models/PinholeFullCamera.cc:280:1:[m[K [01;36m[Knote: [m[Kbecause ‘[01m[Kcamodocal::PinholeFullCamera::Parameters[m[K’ has user-provided ‘[01m[Kcamodocal::PinholeFullCamera::Parameters& camodocal::PinholeFullCamera::Parameters::operator=(const camodocal::PinholeFullCamera::Parameters&)[m[K’
[1.756s]   280 | [01;36m[KPinholeFullCamera[m[K::Parameters::operator=( const PinholeFullCamera::Parameters& other )
[1.756s]       | [01;36m[K^~~~~~~~~~~~~~~~~[m[K
[1.756s] [01m[K/home/deathstroke/vins-fusion-ros2/src/VINS-Fusion-ROS2-humble-arm/camera_models/src/camera_models/PinholeFullCamera.cc:[m[K In member function ‘[01m[Kvirtual void camodocal::PinholeFullCamera::liftProjective(const Vector2d&, Eigen::Vector3d&) const[m[K’:
[1.756s] [01m[K/home/deathstroke/vins-fusion-ros2/src/VINS-Fusion-ROS2-humble-arm/camera_models/src/camera_models/PinholeFullCamera.cc:599:32:[m[K [01;35m[Kwarning: [m[K‘[01m[Kxd[m[K’ may be used uninitialized [[01;35m[K-Wmaybe-uninitialized[m[K]
[1.756s]   599 |             double x_proj = [01;35m[Kxd * fx[m[K + cx;
[1.756s]       |                             [01;35m[K~~~^~~~[m[K
[1.756s] [01m[K/home/deathstroke/vins-fusion-ros2/src/VINS-Fusion-ROS2-humble-arm/camera_models/src/camera_models/PinholeFullCamera.cc:600:32:[m[K [01;35m[Kwarning: [m[K‘[01m[Kyd[m[K’ may be used uninitialized [[01;35m[K-Wmaybe-uninitialized[m[K]
[1.756s]   600 |             double y_proj = [01;35m[Kyd * fy[m[K + cy;
[1.757s]       |                             [01;35m[K~~~^~~~[m[K
[1.757s] [01m[K/home/deathstroke/vins-fusion-ros2/src/VINS-Fusion-ROS2-humble-arm/camera_models/src/camera_models/PinholeFullCamera.cc:[m[K In member function ‘[01m[Kvoid camodocal::PinholeFullCamera::spaceToPlane(const Vector3d&, Eigen::Vector2d&, Eigen::Matrix<double, 2, 3>&) const[m[K’:
[1.757s] [01m[K/home/deathstroke/vins-fusion-ros2/src/VINS-Fusion-ROS2-humble-arm/camera_models/src/camera_models/PinholeFullCamera.cc:701:29:[m[K [01;35m[Kwarning: [m[K‘[01m[Kdxdmx[m[K’ may be used uninitialized [[01;35m[K-Wmaybe-uninitialized[m[K]
[1.757s]   701 |     inv_denom = fx * ( [01;35m[Kdudx * dxdmx[m[K + dvdx * dxdmy ); // reuse
[1.757s]       |                        [01;35m[K~~~~~^~~~~~~[m[K
[1.757s] [01m[K/home/deathstroke/vins-fusion-ros2/src/VINS-Fusion-ROS2-humble-arm/camera_models/src/camera_models/PinholeFullCamera.cc:701:44:[m[K [01;35m[Kwarning: [m[K‘[01m[Kdxdmy[m[K’ may be used uninitialized [[01;35m[K-Wmaybe-uninitialized[m[K]
[1.757s]   701 |     inv_denom = fx * ( dudx * dxdmx + [01;35m[Kdvdx * dxdmy[m[K ); // reuse
[1.757s]       |                                       [01;35m[K~~~~~^~~~~~~[m[K
[1.757s] [01m[K/home/deathstroke/vins-fusion-ros2/src/VINS-Fusion-ROS2-humble-arm/camera_models/src/camera_models/PinholeFullCamera.cc:702:29:[m[K [01;35m[Kwarning: [m[K‘[01m[Kdydmx[m[K’ may be used uninitialized [[01;35m[K-Wmaybe-uninitialized[m[K]
[1.757s]   702 |     dvdx      = fy * ( [01;35m[Kdudx * dydmx[m[K + dvdx * dydmy );
[1.757s]       |                        [01;35m[K~~~~~^~~~~~~[m[K
[1.757s] [01m[K/home/deathstroke/vins-fusion-ros2/src/VINS-Fusion-ROS2-humble-arm/camera_models/src/camera_models/PinholeFullCamera.cc:702:44:[m[K [01;35m[Kwarning: [m[K‘[01m[Kdydmy[m[K’ may be used uninitialized [[01;35m[K-Wmaybe-uninitialized[m[K]
[1.757s]   702 |     dvdx      = fy * ( dudx * dydmx + [01;35m[Kdvdx * dydmy[m[K );
[1.757s]       |                                       [01;35m[K~~~~~^~~~~~~[m[K
[1.871s] In file included from [01m[K/home/deathstroke/vins-fusion-ros2/src/VINS-Fusion-ROS2-humble-arm/camera_models/src/camera_models/CameraFactory.cc:8[m[K:
[1.871s] [01m[K/home/deathstroke/vins-fusion-ros2/src/VINS-Fusion-ROS2-humble-arm/camera_models/include/camodocal/camera_models/PinholeFullCamera.h:[m[K In member function ‘[01m[Kvoid camodocal::PinholeFullCamera::setInitIntrinsics(const std::vector<std::vector<cv::Point3_<float> > >&, const std::vector<std::vector<cv::Point_<float> > >&)[m[K’:
[1.871s] [01m[K/home/deathstroke/vins-fusion-ros2/src/VINS-Fusion-ROS2-humble-arm/camera_models/include/camodocal/camera_models/PinholeFullCamera.h:126:44:[m[K [01;35m[Kwarning: [m[Kimplicitly-declared ‘[01m[Kcamodocal::PinholeFullCamera::Parameters::Parameters(const camodocal::PinholeFullCamera::Parameters&)[m[K’ is deprecated [[01;35m[K-Wdeprecated-copy[m[K]
[1.871s]   126 |         Parameters params = getParameters( [01;35m[K)[m[K;
[1.871s]       |                                            [01;35m[K^[m[K
[1.871s] [01m[K/home/deathstroke/vins-fusion-ros2/src/VINS-Fusion-ROS2-humble-arm/camera_models/include/camodocal/camera_models/PinholeFullCamera.h:66:21:[m[K [01;36m[Knote: [m[Kbecause ‘[01m[Kcamodocal::PinholeFullCamera::Parameters[m[K’ has user-provided ‘[01m[Kcamodocal::PinholeFullCamera::Parameters& camodocal::PinholeFullCamera::Parameters::operator=(const camodocal::PinholeFullCamera::Parameters&)[m[K’
[1.871s]    66 |         Parameters& [01;36m[Koperator[m[K=( const Parameters& other );
[1.871s]       |                     [01;36m[K^~~~~~~~[m[K
[1.871s] [01m[K/home/deathstroke/vins-fusion-ros2/src/VINS-Fusion-ROS2-humble-arm/camera_models/src/camera_models/CameraFactory.cc:[m[K In member function ‘[01m[Kcamodocal::CameraPtr camodocal::CameraFactory::generateCamera(camodocal::Camera::ModelType, const string&, cv::Size) const[m[K’:
[1.872s] [01m[K/home/deathstroke/vins-fusion-ros2/src/VINS-Fusion-ROS2-humble-arm/camera_models/src/camera_models/CameraFactory.cc:40:75:[m[K [01;35m[Kwarning: [m[Kimplicitly-declared ‘[01m[Kcamodocal::EquidistantCamera::Parameters::Parameters(const camodocal::EquidistantCamera::Parameters&)[m[K’ is deprecated [[01;35m[K-Wdeprecated-copy[m[K]
[1.872s]    40 |             EquidistantCamera::Parameters params = camera->getParameters( [01;35m[K)[m[K;
[1.872s]       |                                                                           [01;35m[K^[m[K
[1.872s] In file included from [01m[K/home/deathstroke/vins-fusion-ros2/src/VINS-Fusion-ROS2-humble-arm/camera_models/src/camera_models/CameraFactory.cc:6[m[K:
[1.872s] [01m[K/home/deathstroke/vins-fusion-ros2/src/VINS-Fusion-ROS2-humble-arm/camera_models/include/camodocal/camera_models/EquidistantCamera.h:52:21:[m[K [01;36m[Knote: [m[Kbecause ‘[01m[Kcamodocal::EquidistantCamera::Parameters[m[K’ has user-provided ‘[01m[Kcamodocal::EquidistantCamera::Parameters& camodocal::EquidistantCamera::Parameters::operator=(const camodocal::EquidistantCamera::Parameters&)[m[K’
[1.872s]    52 |         Parameters& [01;36m[Koperator[m[K=(const Parameters& other);
[1.872s]       |                     [01;36m[K^~~~~~~~[m[K
[1.872s] [01m[K/home/deathstroke/vins-fusion-ros2/src/VINS-Fusion-ROS2-humble-arm/camera_models/src/camera_models/CameraFactory.cc:51:71:[m[K [01;35m[Kwarning: [m[Kimplicitly-declared ‘[01m[Kcamodocal::PinholeCamera::Parameters::Parameters(const camodocal::PinholeCamera::Parameters&)[m[K’ is deprecated [[01;35m[K-Wdeprecated-copy[m[K]
[1.872s]    51 |             PinholeCamera::Parameters params = camera->getParameters( [01;35m[K)[m[K;
[1.872s]       |                                                                       [01;35m[K^[m[K
[1.872s] In file included from [01m[K/home/deathstroke/vins-fusion-ros2/src/VINS-Fusion-ROS2-humble-arm/camera_models/src/camera_models/CameraFactory.cc:7[m[K:
[1.872s] [01m[K/home/deathstroke/vins-fusion-ros2/src/VINS-Fusion-ROS2-humble-arm/camera_models/include/camodocal/camera_models/PinholeCamera.h:47:21:[m[K [01;36m[Knote: [m[Kbecause ‘[01m[Kcamodocal::PinholeCamera::Parameters[m[K’ has user-provided ‘[01m[Kcamodocal::PinholeCamera::Parameters& camodocal::PinholeCamera::Parameters::operator=(const camodocal::PinholeCamera::Parameters&)[m[K’
[1.872s]    47 |         Parameters& [01;36m[Koperator[m[K=(const Parameters& other);
[1.872s]       |                     [01;36m[K^~~~~~~~[m[K
[1.872s] [01m[K/home/deathstroke/vins-fusion-ros2/src/VINS-Fusion-ROS2-humble-arm/camera_models/src/camera_models/CameraFactory.cc:62:75:[m[K [01;35m[Kwarning: [m[Kimplicitly-declared ‘[01m[Kcamodocal::PinholeFullCamera::Parameters::Parameters(const camodocal::PinholeFullCamera::Parameters&)[m[K’ is deprecated [[01;35m[K-Wdeprecated-copy[m[K]
[1.872s]    62 |             PinholeFullCamera::Parameters params = camera->getParameters( [01;35m[K)[m[K;
[1.872s]       |                                                                           [01;35m[K^[m[K
[1.872s] In file included from [01m[K/home/deathstroke/vins-fusion-ros2/src/VINS-Fusion-ROS2-humble-arm/camera_models/src/camera_models/CameraFactory.cc:8[m[K:
[1.872s] [01m[K/home/deathstroke/vins-fusion-ros2/src/VINS-Fusion-ROS2-humble-arm/camera_models/include/camodocal/camera_models/PinholeFullCamera.h:66:21:[m[K [01;36m[Knote: [m[Kbecause ‘[01m[Kcamodocal::PinholeFullCamera::Parameters[m[K’ has user-provided ‘[01m[Kcamodocal::PinholeFullCamera::Parameters& camodocal::PinholeFullCamera::Parameters::operator=(const camodocal::PinholeFullCamera::Parameters&)[m[K’
[1.872s]    66 |         Parameters& [01;36m[Koperator[m[K=( const Parameters& other );
[1.872s]       |                     [01;36m[K^~~~~~~~[m[K
[1.872s] [01m[K/home/deathstroke/vins-fusion-ros2/src/VINS-Fusion-ROS2-humble-arm/camera_models/src/camera_models/CameraFactory.cc:73:68:[m[K [01;35m[Kwarning: [m[Kimplicitly-declared ‘[01m[Kcamodocal::OCAMCamera::Parameters::Parameters(const camodocal::OCAMCamera::Parameters&)[m[K’ is deprecated [[01;35m[K-Wdeprecated-copy[m[K]
[1.873s]    73 |             OCAMCamera::Parameters params = camera->getParameters( [01;35m[K)[m[K;
[1.873s]       |                                                                    [01;35m[K^[m[K
[1.873s] In file included from [01m[K/home/deathstroke/vins-fusion-ros2/src/VINS-Fusion-ROS2-humble-arm/camera_models/src/camera_models/CameraFactory.cc:9[m[K:
[1.873s] [01m[K/home/deathstroke/vins-fusion-ros2/src/VINS-Fusion-ROS2-humble-arm/camera_models/include/camodocal/camera_models/ScaramuzzaCamera.h:54:21:[m[K [01;36m[Knote: [m[Kbecause ‘[01m[Kcamodocal::OCAMCamera::Parameters[m[K’ has user-provided ‘[01m[Kcamodocal::OCAMCamera::Parameters& camodocal::OCAMCamera::Parameters::operator=(const camodocal::OCAMCamera::Parameters&)[m[K’
[1.873s]    54 |         Parameters& [01;36m[Koperator[m[K=(const Parameters& other);
[1.873s]       |                     [01;36m[K^~~~~~~~[m[K
[1.873s] [01m[K/home/deathstroke/vins-fusion-ros2/src/VINS-Fusion-ROS2-humble-arm/camera_models/src/camera_models/CameraFactory.cc:85:68:[m[K [01;35m[Kwarning: [m[Kimplicitly-declared ‘[01m[Kcamodocal::CataCamera::Parameters::Parameters(const camodocal::CataCamera::Parameters&)[m[K’ is deprecated [[01;35m[K-Wdeprecated-copy[m[K]
[1.873s]    85 |             CataCamera::Parameters params = camera->getParameters( [01;35m[K)[m[K;
[1.873s]       |                                                                    [01;35m[K^[m[K
[1.873s] In file included from [01m[K/home/deathstroke/vins-fusion-ros2/src/VINS-Fusion-ROS2-humble-arm/camera_models/src/camera_models/CameraFactory.cc:5[m[K:
[1.873s] [01m[K/home/deathstroke/vins-fusion-ros2/src/VINS-Fusion-ROS2-humble-arm/camera_models/include/camodocal/camera_models/CataCamera.h:54:21:[m[K [01;36m[Knote: [m[Kbecause ‘[01m[Kcamodocal::CataCamera::Parameters[m[K’ has user-provided ‘[01m[Kcamodocal::CataCamera::Parameters& camodocal::CataCamera::Parameters::operator=(const camodocal::CataCamera::Parameters&)[m[K’
[1.873s]    54 |         Parameters& [01;36m[Koperator[m[K=(const Parameters& other);
[1.873s]       |                     [01;36m[K^~~~~~~~[m[K
[1.873s] [01m[K/home/deathstroke/vins-fusion-ros2/src/VINS-Fusion-ROS2-humble-arm/camera_models/src/camera_models/CameraFactory.cc:[m[K In member function ‘[01m[Kcamodocal::CameraPtr camodocal::CameraFactory::generateCameraFromYamlFile(const string&)[m[K’:
[1.873s] [01m[K/home/deathstroke/vins-fusion-ros2/src/VINS-Fusion-ROS2-humble-arm/camera_models/src/camera_models/CameraFactory.cc:144:75:[m[K [01;35m[Kwarning: [m[Kimplicitly-declared ‘[01m[Kcamodocal::EquidistantCamera::Parameters::Parameters(const camodocal::EquidistantCamera::Parameters&)[m[K’ is deprecated [[01;35m[K-Wdeprecated-copy[m[K]
[1.873s]   144 |             EquidistantCamera::Parameters params = camera->getParameters( [01;35m[K)[m[K;
[1.873s]       |                                                                           [01;35m[K^[m[K
[1.873s] In file included from [01m[K/home/deathstroke/vins-fusion-ros2/src/VINS-Fusion-ROS2-humble-arm/camera_models/src/camera_models/CameraFactory.cc:6[m[K:
[1.873s] [01m[K/home/deathstroke/vins-fusion-ros2/src/VINS-Fusion-ROS2-humble-arm/camera_models/include/camodocal/camera_models/EquidistantCamera.h:52:21:[m[K [01;36m[Knote: [m[Kbecause ‘[01m[Kcamodocal::EquidistantCamera::Parameters[m[K’ has user-provided ‘[01m[Kcamodocal::EquidistantCamera::Parameters& camodocal::EquidistantCamera::Parameters::operator=(const camodocal::EquidistantCamera::Parameters&)[m[K’
[1.873s]    52 |         Parameters& [01;36m[Koperator[m[K=(const Parameters& other);
[1.873s]       |                     [01;36m[K^~~~~~~~[m[K
[1.873s] [01m[K/home/deathstroke/vins-fusion-ros2/src/VINS-Fusion-ROS2-humble-arm/camera_models/src/camera_models/CameraFactory.cc:153:71:[m[K [01;35m[Kwarning: [m[Kimplicitly-declared ‘[01m[Kcamodocal::PinholeCamera::Parameters::Parameters(const camodocal::PinholeCamera::Parameters&)[m[K’ is deprecated [[01;35m[K-Wdeprecated-copy[m[K]
[1.873s]   153 |             PinholeCamera::Parameters params = camera->getParameters( [01;35m[K)[m[K;
[1.874s]       |                                                                       [01;35m[K^[m[K
[1.874s] In file included from [01m[K/home/deathstroke/vins-fusion-ros2/src/VINS-Fusion-ROS2-humble-arm/camera_models/src/camera_models/CameraFactory.cc:7[m[K:
[1.874s] [01m[K/home/deathstroke/vins-fusion-ros2/src/VINS-Fusion-ROS2-humble-arm/camera_models/include/camodocal/camera_models/PinholeCamera.h:47:21:[m[K [01;36m[Knote: [m[Kbecause ‘[01m[Kcamodocal::PinholeCamera::Parameters[m[K’ has user-provided ‘[01m[Kcamodocal::PinholeCamera::Parameters& camodocal::PinholeCamera::Parameters::operator=(const camodocal::PinholeCamera::Parameters&)[m[K’
[1.874s]    47 |         Parameters& [01;36m[Koperator[m[K=(const Parameters& other);
[1.874s]       |                     [01;36m[K^~~~~~~~[m[K
[1.874s] [01m[K/home/deathstroke/vins-fusion-ros2/src/VINS-Fusion-ROS2-humble-arm/camera_models/src/camera_models/CameraFactory.cc:162:75:[m[K [01;35m[Kwarning: [m[Kimplicitly-declared ‘[01m[Kcamodocal::PinholeFullCamera::Parameters::Parameters(const camodocal::PinholeFullCamera::Parameters&)[m[K’ is deprecated [[01;35m[K-Wdeprecated-copy[m[K]
[1.874s]   162 |             PinholeFullCamera::Parameters params = camera->getParameters( [01;35m[K)[m[K;
[1.874s]       |                                                                           [01;35m[K^[m[K
[1.874s] In file included from [01m[K/home/deathstroke/vins-fusion-ros2/src/VINS-Fusion-ROS2-humble-arm/camera_models/src/camera_models/CameraFactory.cc:8[m[K:
[1.874s] [01m[K/home/deathstroke/vins-fusion-ros2/src/VINS-Fusion-ROS2-humble-arm/camera_models/include/camodocal/camera_models/PinholeFullCamera.h:66:21:[m[K [01;36m[Knote: [m[Kbecause ‘[01m[Kcamodocal::PinholeFullCamera::Parameters[m[K’ has user-provided ‘[01m[Kcamodocal::PinholeFullCamera::Parameters& camodocal::PinholeFullCamera::Parameters::operator=(const camodocal::PinholeFullCamera::Parameters&)[m[K’
[1.874s]    66 |         Parameters& [01;36m[Koperator[m[K=( const Parameters& other );
[1.874s]       |                     [01;36m[K^~~~~~~~[m[K
[1.874s] [01m[K/home/deathstroke/vins-fusion-ros2/src/VINS-Fusion-ROS2-humble-arm/camera_models/src/camera_models/CameraFactory.cc:171:68:[m[K [01;35m[Kwarning: [m[Kimplicitly-declared ‘[01m[Kcamodocal::OCAMCamera::Parameters::Parameters(const camodocal::OCAMCamera::Parameters&)[m[K’ is deprecated [[01;35m[K-Wdeprecated-copy[m[K]
[1.874s]   171 |             OCAMCamera::Parameters params = camera->getParameters( [01;35m[K)[m[K;
[1.874s]       |                                                                    [01;35m[K^[m[K
[1.874s] In file included from [01m[K/home/deathstroke/vins-fusion-ros2/src/VINS-Fusion-ROS2-humble-arm/camera_models/src/camera_models/CameraFactory.cc:9[m[K:
[1.874s] [01m[K/home/deathstroke/vins-fusion-ros2/src/VINS-Fusion-ROS2-humble-arm/camera_models/include/camodocal/camera_models/ScaramuzzaCamera.h:54:21:[m[K [01;36m[Knote: [m[Kbecause ‘[01m[Kcamodocal::OCAMCamera::Parameters[m[K’ has user-provided ‘[01m[Kcamodocal::OCAMCamera::Parameters& camodocal::OCAMCamera::Parameters::operator=(const camodocal::OCAMCamera::Parameters&)[m[K’
[1.874s]    54 |         Parameters& [01;36m[Koperator[m[K=(const Parameters& other);
[1.874s]       |                     [01;36m[K^~~~~~~~[m[K
[1.874s] [01m[K/home/deathstroke/vins-fusion-ros2/src/VINS-Fusion-ROS2-humble-arm/camera_models/src/camera_models/CameraFactory.cc:181:68:[m[K [01;35m[Kwarning: [m[Kimplicitly-declared ‘[01m[Kcamodocal::CataCamera::Parameters::Parameters(const camodocal::CataCamera::Parameters&)[m[K’ is deprecated [[01;35m[K-Wdeprecated-copy[m[K]
[1.874s]   181 |             CataCamera::Parameters params = camera->getParameters( [01;35m[K)[m[K;
[1.874s]       |                                                                    [01;35m[K^[m[K
[1.874s] In file included from [01m[K/home/deathstroke/vins-fusion-ros2/src/VINS-Fusion-ROS2-humble-arm/camera_models/src/camera_models/CameraFactory.cc:5[m[K:
[1.875s] [01m[K/home/deathstroke/vins-fusion-ros2/src/VINS-Fusion-ROS2-humble-arm/camera_models/include/camodocal/camera_models/CataCamera.h:54:21:[m[K [01;36m[Knote: [m[Kbecause ‘[01m[Kcamodocal::CataCamera::Parameters[m[K’ has user-provided ‘[01m[Kcamodocal::CataCamera::Parameters& camodocal::CataCamera::Parameters::operator=(const camodocal::CataCamera::Parameters&)[m[K’
[1.875s]    54 |         Parameters& [01;36m[Koperator[m[K=(const Parameters& other);
[1.875s]       |                     [01;36m[K^~~~~~~~[m[K
[1.910s] In file included from [01m[K/home/deathstroke/vins-fusion-ros2/src/VINS-Fusion-ROS2-humble-arm/camera_models/src/camera_models/CameraFactory.cc:8[m[K:
[1.910s] [01m[K/home/deathstroke/vins-fusion-ros2/src/VINS-Fusion-ROS2-humble-arm/camera_models/include/camodocal/camera_models/PinholeFullCamera.h:[m[K In member function ‘[01m[Kvoid camodocal::PinholeFullCamera::setInitIntrinsics(const std::vector<std::vector<cv::Point3_<float> > >&, const std::vector<std::vector<cv::Point_<float> > >&)[m[K’:
[1.910s] [01m[K/home/deathstroke/vins-fusion-ros2/src/VINS-Fusion-ROS2-humble-arm/camera_models/include/camodocal/camera_models/PinholeFullCamera.h:126:44:[m[K [01;35m[Kwarning: [m[Kimplicitly-declared ‘[01m[Kcamodocal::PinholeFullCamera::Parameters::Parameters(const camodocal::PinholeFullCamera::Parameters&)[m[K’ is deprecated [[01;35m[K-Wdeprecated-copy[m[K]
[1.910s]   126 |         Parameters params = getParameters( [01;35m[K)[m[K;
[1.910s]       |                                            [01;35m[K^[m[K
[1.910s] [01m[K/home/deathstroke/vins-fusion-ros2/src/VINS-Fusion-ROS2-humble-arm/camera_models/include/camodocal/camera_models/PinholeFullCamera.h:66:21:[m[K [01;36m[Knote: [m[Kbecause ‘[01m[Kcamodocal::PinholeFullCamera::Parameters[m[K’ has user-provided ‘[01m[Kcamodocal::PinholeFullCamera::Parameters& camodocal::PinholeFullCamera::Parameters::operator=(const camodocal::PinholeFullCamera::Parameters&)[m[K’
[1.910s]    66 |         Parameters& [01;36m[Koperator[m[K=( const Parameters& other );
[1.910s]       |                     [01;36m[K^~~~~~~~[m[K
[1.910s] [01m[K/home/deathstroke/vins-fusion-ros2/src/VINS-Fusion-ROS2-humble-arm/camera_models/src/camera_models/CameraFactory.cc:[m[K In member function ‘[01m[Kcamodocal::CameraPtr camodocal::CameraFactory::generateCamera(camodocal::Camera::ModelType, const string&, cv::Size) const[m[K’:
[1.910s] [01m[K/home/deathstroke/vins-fusion-ros2/src/VINS-Fusion-ROS2-humble-arm/camera_models/src/camera_models/CameraFactory.cc:40:75:[m[K [01;35m[Kwarning: [m[Kimplicitly-declared ‘[01m[Kcamodocal::EquidistantCamera::Parameters::Parameters(const camodocal::EquidistantCamera::Parameters&)[m[K’ is deprecated [[01;35m[K-Wdeprecated-copy[m[K]
[1.910s]    40 |             EquidistantCamera::Parameters params = camera->getParameters( [01;35m[K)[m[K;
[1.910s]       |                                                                           [01;35m[K^[m[K
[1.911s] In file included from [01m[K/home/deathstroke/vins-fusion-ros2/src/VINS-Fusion-ROS2-humble-arm/camera_models/src/camera_models/CameraFactory.cc:6[m[K:
[1.911s] [01m[K/home/deathstroke/vins-fusion-ros2/src/VINS-Fusion-ROS2-humble-arm/camera_models/include/camodocal/camera_models/EquidistantCamera.h:52:21:[m[K [01;36m[Knote: [m[Kbecause ‘[01m[Kcamodocal::EquidistantCamera::Parameters[m[K’ has user-provided ‘[01m[Kcamodocal::EquidistantCamera::Parameters& camodocal::EquidistantCamera::Parameters::operator=(const camodocal::EquidistantCamera::Parameters&)[m[K’
[1.911s]    52 |         Parameters& [01;36m[Koperator[m[K=(const Parameters& other);
[1.911s]       |                     [01;36m[K^~~~~~~~[m[K
[1.911s] [01m[K/home/deathstroke/vins-fusion-ros2/src/VINS-Fusion-ROS2-humble-arm/camera_models/src/camera_models/CameraFactory.cc:51:71:[m[K [01;35m[Kwarning: [m[Kimplicitly-declared ‘[01m[Kcamodocal::PinholeCamera::Parameters::Parameters(const camodocal::PinholeCamera::Parameters&)[m[K’ is deprecated [[01;35m[K-Wdeprecated-copy[m[K]
[1.911s]    51 |             PinholeCamera::Parameters params = camera->getParameters( [01;35m[K)[m[K;
[1.911s]       |                                                                       [01;35m[K^[m[K
[1.911s] In file included from [01m[K/home/deathstroke/vins-fusion-ros2/src/VINS-Fusion-ROS2-humble-arm/camera_models/src/camera_models/CameraFactory.cc:7[m[K:
[1.911s] [01m[K/home/deathstroke/vins-fusion-ros2/src/VINS-Fusion-ROS2-humble-arm/camera_models/include/camodocal/camera_models/PinholeCamera.h:47:21:[m[K [01;36m[Knote: [m[Kbecause ‘[01m[Kcamodocal::PinholeCamera::Parameters[m[K’ has user-provided ‘[01m[Kcamodocal::PinholeCamera::Parameters& camodocal::PinholeCamera::Parameters::operator=(const camodocal::PinholeCamera::Parameters&)[m[K’
[1.911s]    47 |         Parameters& [01;36m[Koperator[m[K=(const Parameters& other);
[1.911s]       |                     [01;36m[K^~~~~~~~[m[K
[1.911s] [01m[K/home/deathstroke/vins-fusion-ros2/src/VINS-Fusion-ROS2-humble-arm/camera_models/src/camera_models/CameraFactory.cc:62:75:[m[K [01;35m[Kwarning: [m[Kimplicitly-declared ‘[01m[Kcamodocal::PinholeFullCamera::Parameters::Parameters(const camodocal::PinholeFullCamera::Parameters&)[m[K’ is deprecated [[01;35m[K-Wdeprecated-copy[m[K]
[1.911s]    62 |             PinholeFullCamera::Parameters params = camera->getParameters( [01;35m[K)[m[K;
[1.911s]       |                                                                           [01;35m[K^[m[K
[1.911s] In file included from [01m[K/home/deathstroke/vins-fusion-ros2/src/VINS-Fusion-ROS2-humble-arm/camera_models/src/camera_models/CameraFactory.cc:8[m[K:
[1.911s] [01m[K/home/deathstroke/vins-fusion-ros2/src/VINS-Fusion-ROS2-humble-arm/camera_models/include/camodocal/camera_models/PinholeFullCamera.h:66:21:[m[K [01;36m[Knote: [m[Kbecause ‘[01m[Kcamodocal::PinholeFullCamera::Parameters[m[K’ has user-provided ‘[01m[Kcamodocal::PinholeFullCamera::Parameters& camodocal::PinholeFullCamera::Parameters::operator=(const camodocal::PinholeFullCamera::Parameters&)[m[K’
[1.911s]    66 |         Parameters& [01;36m[Koperator[m[K=( const Parameters& other );
[1.911s]       |                     [01;36m[K^~~~~~~~[m[K
[1.911s] [01m[K/home/deathstroke/vins-fusion-ros2/src/VINS-Fusion-ROS2-humble-arm/camera_models/src/camera_models/CameraFactory.cc:73:68:[m[K [01;35m[Kwarning: [m[Kimplicitly-declared ‘[01m[Kcamodocal::OCAMCamera::Parameters::Parameters(const camodocal::OCAMCamera::Parameters&)[m[K’ is deprecated [[01;35m[K-Wdeprecated-copy[m[K]
[1.911s]    73 |             OCAMCamera::Parameters params = camera->getParameters( [01;35m[K)[m[K;
[1.911s]       |                                                                    [01;35m[K^[m[K
[1.911s] In file included from [01m[K/home/deathstroke/vins-fusion-ros2/src/VINS-Fusion-ROS2-humble-arm/camera_models/src/camera_models/CameraFactory.cc:9[m[K:
[1.911s] [01m[K/home/deathstroke/vins-fusion-ros2/src/VINS-Fusion-ROS2-humble-arm/camera_models/include/camodocal/camera_models/ScaramuzzaCamera.h:54:21:[m[K [01;36m[Knote: [m[Kbecause ‘[01m[Kcamodocal::OCAMCamera::Parameters[m[K’ has user-provided ‘[01m[Kcamodocal::OCAMCamera::Parameters& camodocal::OCAMCamera::Parameters::operator=(const camodocal::OCAMCamera::Parameters&)[m[K’
[1.912s]    54 |         Parameters& [01;36m[Koperator[m[K=(const Parameters& other);
[1.912s]       |                     [01;36m[K^~~~~~~~[m[K
[1.912s] [01m[K/home/deathstroke/vins-fusion-ros2/src/VINS-Fusion-ROS2-humble-arm/camera_models/src/camera_models/CameraFactory.cc:85:68:[m[K [01;35m[Kwarning: [m[Kimplicitly-declared ‘[01m[Kcamodocal::CataCamera::Parameters::Parameters(const camodocal::CataCamera::Parameters&)[m[K’ is deprecated [[01;35m[K-Wdeprecated-copy[m[K]
[1.912s]    85 |             CataCamera::Parameters params = camera->getParameters( [01;35m[K)[m[K;
[1.912s]       |                                                                    [01;35m[K^[m[K
[1.912s] In file included from [01m[K/home/deathstroke/vins-fusion-ros2/src/VINS-Fusion-ROS2-humble-arm/camera_models/src/camera_models/CameraFactory.cc:5[m[K:
[1.912s] [01m[K/home/deathstroke/vins-fusion-ros2/src/VINS-Fusion-ROS2-humble-arm/camera_models/include/camodocal/camera_models/CataCamera.h:54:21:[m[K [01;36m[Knote: [m[Kbecause ‘[01m[Kcamodocal::CataCamera::Parameters[m[K’ has user-provided ‘[01m[Kcamodocal::CataCamera::Parameters& camodocal::CataCamera::Parameters::operator=(const camodocal::CataCamera::Parameters&)[m[K’
[1.912s]    54 |         Parameters& [01;36m[Koperator[m[K=(const Parameters& other);
[1.912s]       |                     [01;36m[K^~~~~~~~[m[K
[1.912s] [01m[K/home/deathstroke/vins-fusion-ros2/src/VINS-Fusion-ROS2-humble-arm/camera_models/src/camera_models/CameraFactory.cc:[m[K In member function ‘[01m[Kcamodocal::CameraPtr camodocal::CameraFactory::generateCameraFromYamlFile(const string&)[m[K’:
[1.912s] [01m[K/home/deathstroke/vins-fusion-ros2/src/VINS-Fusion-ROS2-humble-arm/camera_models/src/camera_models/CameraFactory.cc:144:75:[m[K [01;35m[Kwarning: [m[Kimplicitly-declared ‘[01m[Kcamodocal::EquidistantCamera::Parameters::Parameters(const camodocal::EquidistantCamera::Parameters&)[m[K’ is deprecated [[01;35m[K-Wdeprecated-copy[m[K]
[1.912s]   144 |             EquidistantCamera::Parameters params = camera->getParameters( [01;35m[K)[m[K;
[1.912s]       |                                                                           [01;35m[K^[m[K
[1.912s] In file included from [01m[K/home/deathstroke/vins-fusion-ros2/src/VINS-Fusion-ROS2-humble-arm/camera_models/src/camera_models/CameraFactory.cc:6[m[K:
[1.912s] [01m[K/home/deathstroke/vins-fusion-ros2/src/VINS-Fusion-ROS2-humble-arm/camera_models/include/camodocal/camera_models/EquidistantCamera.h:52:21:[m[K [01;36m[Knote: [m[Kbecause ‘[01m[Kcamodocal::EquidistantCamera::Parameters[m[K’ has user-provided ‘[01m[Kcamodocal::EquidistantCamera::Parameters& camodocal::EquidistantCamera::Parameters::operator=(const camodocal::EquidistantCamera::Parameters&)[m[K’
[1.912s]    52 |         Parameters& [01;36m[Koperator[m[K=(const Parameters& other);
[1.912s]       |                     [01;36m[K^~~~~~~~[m[K
[1.912s] [01m[K/home/deathstroke/vins-fusion-ros2/src/VINS-Fusion-ROS2-humble-arm/camera_models/src/camera_models/CameraFactory.cc:153:71:[m[K [01;35m[Kwarning: [m[Kimplicitly-declared ‘[01m[Kcamodocal::PinholeCamera::Parameters::Parameters(const camodocal::PinholeCamera::Parameters&)[m[K’ is deprecated [[01;35m[K-Wdeprecated-copy[m[K]
[1.912s]   153 |             PinholeCamera::Parameters params = camera->getParameters( [01;35m[K)[m[K;
[1.912s]       |                                                                       [01;35m[K^[m[K
[1.912s] In file included from [01m[K/home/deathstroke/vins-fusion-ros2/src/VINS-Fusion-ROS2-humble-arm/camera_models/src/camera_models/CameraFactory.cc:7[m[K:
[1.912s] [01m[K/home/deathstroke/vins-fusion-ros2/src/VINS-Fusion-ROS2-humble-arm/camera_models/include/camodocal/camera_models/PinholeCamera.h:47:21:[m[K [01;36m[Knote: [m[Kbecause ‘[01m[Kcamodocal::PinholeCamera::Parameters[m[K’ has user-provided ‘[01m[Kcamodocal::PinholeCamera::Parameters& camodocal::PinholeCamera::Parameters::operator=(const camodocal::PinholeCamera::Parameters&)[m[K’
[1.912s]    47 |         Parameters& [01;36m[Koperator[m[K=(const Parameters& other);
[1.913s]       |                     [01;36m[K^~~~~~~~[m[K
[1.913s] [01m[K/home/deathstroke/vins-fusion-ros2/src/VINS-Fusion-ROS2-humble-arm/camera_models/src/camera_models/CameraFactory.cc:162:75:[m[K [01;35m[Kwarning: [m[Kimplicitly-declared ‘[01m[Kcamodocal::PinholeFullCamera::Parameters::Parameters(const camodocal::PinholeFullCamera::Parameters&)[m[K’ is deprecated [[01;35m[K-Wdeprecated-copy[m[K]
[1.913s]   162 |             PinholeFullCamera::Parameters params = camera->getParameters( [01;35m[K)[m[K;
[1.913s]       |                                                                           [01;35m[K^[m[K
[1.913s] In file included from [01m[K/home/deathstroke/vins-fusion-ros2/src/VINS-Fusion-ROS2-humble-arm/camera_models/src/camera_models/CameraFactory.cc:8[m[K:
[1.913s] [01m[K/home/deathstroke/vins-fusion-ros2/src/VINS-Fusion-ROS2-humble-arm/camera_models/include/camodocal/camera_models/PinholeFullCamera.h:66:21:[m[K [01;36m[Knote: [m[Kbecause ‘[01m[Kcamodocal::PinholeFullCamera::Parameters[m[K’ has user-provided ‘[01m[Kcamodocal::PinholeFullCamera::Parameters& camodocal::PinholeFullCamera::Parameters::operator=(const camodocal::PinholeFullCamera::Parameters&)[m[K’
[1.913s]    66 |         Parameters& [01;36m[Koperator[m[K=( const Parameters& other );
[1.913s]       |                     [01;36m[K^~~~~~~~[m[K
[1.913s] [01m[K/home/deathstroke/vins-fusion-ros2/src/VINS-Fusion-ROS2-humble-arm/camera_models/src/camera_models/CameraFactory.cc:171:68:[m[K [01;35m[Kwarning: [m[Kimplicitly-declared ‘[01m[Kcamodocal::OCAMCamera::Parameters::Parameters(const camodocal::OCAMCamera::Parameters&)[m[K’ is deprecated [[01;35m[K-Wdeprecated-copy[m[K]
[1.913s]   171 |             OCAMCamera::Parameters params = camera->getParameters( [01;35m[K)[m[K;
[1.913s]       |                                                                    [01;35m[K^[m[K
[1.913s] In file included from [01m[K/home/deathstroke/vins-fusion-ros2/src/VINS-Fusion-ROS2-humble-arm/camera_models/src/camera_models/CameraFactory.cc:9[m[K:
[1.913s] [01m[K/home/deathstroke/vins-fusion-ros2/src/VINS-Fusion-ROS2-humble-arm/camera_models/include/camodocal/camera_models/ScaramuzzaCamera.h:54:21:[m[K [01;36m[Knote: [m[Kbecause ‘[01m[Kcamodocal::OCAMCamera::Parameters[m[K’ has user-provided ‘[01m[Kcamodocal::OCAMCamera::Parameters& camodocal::OCAMCamera::Parameters::operator=(const camodocal::OCAMCamera::Parameters&)[m[K’
[1.913s]    54 |         Parameters& [01;36m[Koperator[m[K=(const Parameters& other);
[1.913s]       |                     [01;36m[K^~~~~~~~[m[K
[1.913s] [01m[K/home/deathstroke/vins-fusion-ros2/src/VINS-Fusion-ROS2-humble-arm/camera_models/src/camera_models/CameraFactory.cc:181:68:[m[K [01;35m[Kwarning: [m[Kimplicitly-declared ‘[01m[Kcamodocal::CataCamera::Parameters::Parameters(const camodocal::CataCamera::Parameters&)[m[K’ is deprecated [[01;35m[K-Wdeprecated-copy[m[K]
[1.913s]   181 |             CataCamera::Parameters params = camera->getParameters( [01;35m[K)[m[K;
[1.913s]       |                                                                    [01;35m[K^[m[K
[1.913s] In file included from [01m[K/home/deathstroke/vins-fusion-ros2/src/VINS-Fusion-ROS2-humble-arm/camera_models/src/camera_models/CameraFactory.cc:5[m[K:
[1.913s] [01m[K/home/deathstroke/vins-fusion-ros2/src/VINS-Fusion-ROS2-humble-arm/camera_models/include/camodocal/camera_models/CataCamera.h:54:21:[m[K [01;36m[Knote: [m[Kbecause ‘[01m[Kcamodocal::CataCamera::Parameters[m[K’ has user-provided ‘[01m[Kcamodocal::CataCamera::Parameters& camodocal::CataCamera::Parameters::operator=(const camodocal::CataCamera::Parameters&)[m[K’
[1.913s]    54 |         Parameters& [01;36m[Koperator[m[K=(const Parameters& other);
[1.913s]       |                     [01;36m[K^~~~~~~~[m[K
[2.002s] [01m[K/home/deathstroke/vins-fusion-ros2/src/VINS-Fusion-ROS2-humble-arm/camera_models/src/camera_models/ScaramuzzaCamera.cc:[m[K In constructor ‘[01m[Kcamodocal::OCAMCamera::OCAMCamera(const camodocal::OCAMCamera::Parameters&)[m[K’:
[2.003s] [01m[K/home/deathstroke/vins-fusion-ros2/src/VINS-Fusion-ROS2-humble-arm/camera_models/src/camera_models/ScaramuzzaCamera.cc:198:4:[m[K [01;35m[Kwarning: [m[Kimplicitly-declared ‘[01m[Kcamodocal::OCAMCamera::Parameters::Parameters(const camodocal::OCAMCamera::Parameters&)[m[K’ is deprecated [[01;35m[K-Wdeprecated-copy[m[K]
[2.003s]   198 |  : [01;35m[KmParameters(params)[m[K
[2.003s]       |    [01;35m[K^~~~~~~~~~~~~~~~~~~[m[K
[2.003s] [01m[K/home/deathstroke/vins-fusion-ros2/src/VINS-Fusion-ROS2-humble-arm/camera_models/src/camera_models/ScaramuzzaCamera.cc:141:1:[m[K [01;36m[Knote: [m[Kbecause ‘[01m[Kcamodocal::OCAMCamera::Parameters[m[K’ has user-provided ‘[01m[Kcamodocal::OCAMCamera::Parameters& camodocal::OCAMCamera::Parameters::operator=(const camodocal::OCAMCamera::Parameters&)[m[K’
[2.003s]   141 | [01;36m[KOCAMCamera[m[K::Parameters::operator=(const OCAMCamera::Parameters& other)
[2.003s]       | [01;36m[K^~~~~~~~~~[m[K
[2.003s] [01m[K/home/deathstroke/vins-fusion-ros2/src/VINS-Fusion-ROS2-humble-arm/camera_models/src/camera_models/ScaramuzzaCamera.cc:[m[K In member function ‘[01m[Kvirtual void camodocal::OCAMCamera::estimateIntrinsics(const Size&, const std::vector<std::vector<cv::Point3_<float> > >&, const std::vector<std::vector<cv::Point_<float> > >&)[m[K’:
[2.003s] [01m[K/home/deathstroke/vins-fusion-ros2/src/VINS-Fusion-ROS2-humble-arm/camera_models/src/camera_models/ScaramuzzaCamera.cc:517:39:[m[K [01;35m[Kwarning: [m[Kimplicitly-declared ‘[01m[Kcamodocal::OCAMCamera::Parameters::Parameters(const camodocal::OCAMCamera::Parameters&)[m[K’ is deprecated [[01;35m[K-Wdeprecated-copy[m[K]
[2.003s]   517 |     Parameters params = getParameters([01;35m[K)[m[K;
[2.003s]       |                                       [01;35m[K^[m[K
[2.003s] [01m[K/home/deathstroke/vins-fusion-ros2/src/VINS-Fusion-ROS2-humble-arm/camera_models/src/camera_models/ScaramuzzaCamera.cc:141:1:[m[K [01;36m[Knote: [m[Kbecause ‘[01m[Kcamodocal::OCAMCamera::Parameters[m[K’ has user-provided ‘[01m[Kcamodocal::OCAMCamera::Parameters& camodocal::OCAMCamera::Parameters::operator=(const camodocal::OCAMCamera::Parameters&)[m[K’
[2.003s]   141 | [01;36m[KOCAMCamera[m[K::Parameters::operator=(const OCAMCamera::Parameters& other)
[2.003s]       | [01;36m[K^~~~~~~~~~[m[K
[2.003s] [01m[K/home/deathstroke/vins-fusion-ros2/src/VINS-Fusion-ROS2-humble-arm/camera_models/src/camera_models/ScaramuzzaCamera.cc:[m[K In member function ‘[01m[Kvirtual void camodocal::OCAMCamera::readParameters(const std::vector<double, std::allocator<double> >&)[m[K’:
[2.003s] [01m[K/home/deathstroke/vins-fusion-ros2/src/VINS-Fusion-ROS2-humble-arm/camera_models/src/camera_models/ScaramuzzaCamera.cc:788:39:[m[K [01;35m[Kwarning: [m[Kimplicitly-declared ‘[01m[Kcamodocal::OCAMCamera::Parameters::Parameters(const camodocal::OCAMCamera::Parameters&)[m[K’ is deprecated [[01;35m[K-Wdeprecated-copy[m[K]
[2.003s]   788 |     Parameters params = getParameters([01;35m[K)[m[K;
[2.003s]       |                                       [01;35m[K^[m[K
[2.003s] [01m[K/home/deathstroke/vins-fusion-ros2/src/VINS-Fusion-ROS2-humble-arm/camera_models/src/camera_models/ScaramuzzaCamera.cc:141:1:[m[K [01;36m[Knote: [m[Kbecause ‘[01m[Kcamodocal::OCAMCamera::Parameters[m[K’ has user-provided ‘[01m[Kcamodocal::OCAMCamera::Parameters& camodocal::OCAMCamera::Parameters::operator=(const camodocal::OCAMCamera::Parameters&)[m[K’
[2.003s]   141 | [01;36m[KOCAMCamera[m[K::Parameters::operator=(const OCAMCamera::Parameters& other)
[2.003s]       | [01;36m[K^~~~~~~~~~[m[K
[2.014s] [ 96%] [32m[1mLinking CXX static library libcamera_models.a[0m
[2.136s] [01m[K/home/deathstroke/vins-fusion-ros2/src/VINS-Fusion-ROS2-humble-arm/camera_models/src/camera_models/ScaramuzzaCamera.cc:[m[K In constructor ‘[01m[Kcamodocal::OCAMCamera::OCAMCamera(const camodocal::OCAMCamera::Parameters&)[m[K’:
[2.136s] [01m[K/home/deathstroke/vins-fusion-ros2/src/VINS-Fusion-ROS2-humble-arm/camera_models/src/camera_models/ScaramuzzaCamera.cc:198:4:[m[K [01;35m[Kwarning: [m[Kimplicitly-declared ‘[01m[Kcamodocal::OCAMCamera::Parameters::Parameters(const camodocal::OCAMCamera::Parameters&)[m[K’ is deprecated [[01;35m[K-Wdeprecated-copy[m[K]
[2.136s]   198 |  : [01;35m[KmParameters(params)[m[K
[2.136s]       |    [01;35m[K^~~~~~~~~~~~~~~~~~~[m[K
[2.136s] [01m[K/home/deathstroke/vins-fusion-ros2/src/VINS-Fusion-ROS2-humble-arm/camera_models/src/camera_models/ScaramuzzaCamera.cc:141:1:[m[K [01;36m[Knote: [m[Kbecause ‘[01m[Kcamodocal::OCAMCamera::Parameters[m[K’ has user-provided ‘[01m[Kcamodocal::OCAMCamera::Parameters& camodocal::OCAMCamera::Parameters::operator=(const camodocal::OCAMCamera::Parameters&)[m[K’
[2.136s]   141 | [01;36m[KOCAMCamera[m[K::Parameters::operator=(const OCAMCamera::Parameters& other)
[2.136s]       | [01;36m[K^~~~~~~~~~[m[K
[2.136s] [01m[K/home/deathstroke/vins-fusion-ros2/src/VINS-Fusion-ROS2-humble-arm/camera_models/src/camera_models/ScaramuzzaCamera.cc:[m[K In member function ‘[01m[Kvirtual void camodocal::OCAMCamera::estimateIntrinsics(const Size&, const std::vector<std::vector<cv::Point3_<float> > >&, const std::vector<std::vector<cv::Point_<float> > >&)[m[K’:
[2.136s] [01m[K/home/deathstroke/vins-fusion-ros2/src/VINS-Fusion-ROS2-humble-arm/camera_models/src/camera_models/ScaramuzzaCamera.cc:517:39:[m[K [01;35m[Kwarning: [m[Kimplicitly-declared ‘[01m[Kcamodocal::OCAMCamera::Parameters::Parameters(const camodocal::OCAMCamera::Parameters&)[m[K’ is deprecated [[01;35m[K-Wdeprecated-copy[m[K]
[2.136s]   517 |     Parameters params = getParameters([01;35m[K)[m[K;
[2.136s]       |                                       [01;35m[K^[m[K
[2.136s] [01m[K/home/deathstroke/vins-fusion-ros2/src/VINS-Fusion-ROS2-humble-arm/camera_models/src/camera_models/ScaramuzzaCamera.cc:141:1:[m[K [01;36m[Knote: [m[Kbecause ‘[01m[Kcamodocal::OCAMCamera::Parameters[m[K’ has user-provided ‘[01m[Kcamodocal::OCAMCamera::Parameters& camodocal::OCAMCamera::Parameters::operator=(const camodocal::OCAMCamera::Parameters&)[m[K’
[2.136s]   141 | [01;36m[KOCAMCamera[m[K::Parameters::operator=(const OCAMCamera::Parameters& other)
[2.136s]       | [01;36m[K^~~~~~~~~~[m[K
[2.136s] [01m[K/home/deathstroke/vins-fusion-ros2/src/VINS-Fusion-ROS2-humble-arm/camera_models/src/camera_models/ScaramuzzaCamera.cc:[m[K In member function ‘[01m[Kvirtual void camodocal::OCAMCamera::readParameters(const std::vector<double, std::allocator<double> >&)[m[K’:
[2.136s] [01m[K/home/deathstroke/vins-fusion-ros2/src/VINS-Fusion-ROS2-humble-arm/camera_models/src/camera_models/ScaramuzzaCamera.cc:788:39:[m[K [01;35m[Kwarning: [m[Kimplicitly-declared ‘[01m[Kcamodocal::OCAMCamera::Parameters::Parameters(const camodocal::OCAMCamera::Parameters&)[m[K’ is deprecated [[01;35m[K-Wdeprecated-copy[m[K]
[2.136s]   788 |     Parameters params = getParameters([01;35m[K)[m[K;
[2.136s]       |                                       [01;35m[K^[m[K
[2.136s] [01m[K/home/deathstroke/vins-fusion-ros2/src/VINS-Fusion-ROS2-humble-arm/camera_models/src/camera_models/ScaramuzzaCamera.cc:141:1:[m[K [01;36m[Knote: [m[Kbecause ‘[01m[Kcamodocal::OCAMCamera::Parameters[m[K’ has user-provided ‘[01m[Kcamodocal::OCAMCamera::Parameters& camodocal::OCAMCamera::Parameters::operator=(const camodocal::OCAMCamera::Parameters&)[m[K’
[2.136s]   141 | [01;36m[KOCAMCamera[m[K::Parameters::operator=(const OCAMCamera::Parameters& other)
[2.136s]       | [01;36m[K^~~~~~~~~~[m[K
[2.149s] [100%] [32m[1mLinking CXX executable Calibrations[0m
[2.533s] [100%] Built target camera_models
[3.673s] [100%] Built target Calibrations
[3.684s] Invoked command in '/home/deathstroke/vins-fusion-ros2/build/camera_models' returned '0': CMAKE_PREFIX_PATH=${CMAKE_PREFIX_PATH}:/home/deathstroke/realsense-ros/install/realsense2_ros_mqtt_bridge:/home/deathstroke/rust_ws/install/examples_worker_demo:/home/deathstroke/rust_ws/install/examples_rclrs_minimal_pub_sub:/home/deathstroke/rust_ws/install/examples_rclrs_minimal_client_service:/home/deathstroke/rust_ws/install/examples_parameter_demo:/home/deathstroke/rust_ws/install/examples_logging_demo:/home/deathstroke/rust_ws/install/sensor_msgs_py:/home/deathstroke/rust_ws/install/rust_pubsub:/home/deathstroke/rust_ws/install/examples_rclrs_message_demo:/home/deathstroke/rust_ws/install/rosidl_runtime_rs:/home/deathstroke/rust_ws/install/rclrs:/opt/ros/humble /usr/bin/cmake --build /home/deathstroke/vins-fusion-ros2/build/camera_models -- -j32 -l32
[3.685s] Invoking command in '/home/deathstroke/vins-fusion-ros2/build/camera_models': CMAKE_PREFIX_PATH=${CMAKE_PREFIX_PATH}:/home/deathstroke/realsense-ros/install/realsense2_ros_mqtt_bridge:/home/deathstroke/rust_ws/install/examples_worker_demo:/home/deathstroke/rust_ws/install/examples_rclrs_minimal_pub_sub:/home/deathstroke/rust_ws/install/examples_rclrs_minimal_client_service:/home/deathstroke/rust_ws/install/examples_parameter_demo:/home/deathstroke/rust_ws/install/examples_logging_demo:/home/deathstroke/rust_ws/install/sensor_msgs_py:/home/deathstroke/rust_ws/install/rust_pubsub:/home/deathstroke/rust_ws/install/examples_rclrs_message_demo:/home/deathstroke/rust_ws/install/rosidl_runtime_rs:/home/deathstroke/rust_ws/install/rclrs:/opt/ros/humble /usr/bin/cmake --install /home/deathstroke/vins-fusion-ros2/build/camera_models
[3.689s] -- Install configuration: ""
[3.690s] -- Execute custom install script
[3.690s] -- Symlinking: /home/deathstroke/vins-fusion-ros2/install/camera_models/share/camera_models/environment/library_path.sh
[3.693s] -- Symlinking: /home/deathstroke/vins-fusion-ros2/install/camera_models/share/camera_models/environment/library_path.dsv
[3.698s] -- Symlinking: /home/deathstroke/vins-fusion-ros2/install/camera_models/lib/camera_models/Calibrations
[3.702s] -- Symlinking: /home/deathstroke/vins-fusion-ros2/install/camera_models/bin/Calibrations
[3.707s] -- Symlinking: /home/deathstroke/vins-fusion-ros2/install/camera_models/lib/libcamera_models.a
[3.712s] -- Up-to-date symlink: /home/deathstroke/vins-fusion-ros2/install/camera_models/lib/camera_models/Calibrations
[3.712s] -- Symlinking: /home/deathstroke/vins-fusion-ros2/install/camera_models/include//camodocal/calib/CameraCalibration.h
[3.718s] -- Symlinking: /home/deathstroke/vins-fusion-ros2/install/camera_models/include//camodocal/camera_models/Camera.h
[3.722s] -- Symlinking: /home/deathstroke/vins-fusion-ros2/install/camera_models/include//camodocal/camera_models/CameraFactory.h
[3.727s] -- Symlinking: /home/deathstroke/vins-fusion-ros2/install/camera_models/include//camodocal/camera_models/CataCamera.h
[3.731s] -- Symlinking: /home/deathstroke/vins-fusion-ros2/install/camera_models/include//camodocal/camera_models/CostFunctionFactory.h
[3.736s] -- Symlinking: /home/deathstroke/vins-fusion-ros2/install/camera_models/include//camodocal/camera_models/EquidistantCamera.h
[3.740s] -- Symlinking: /home/deathstroke/vins-fusion-ros2/install/camera_models/include//camodocal/camera_models/PinholeCamera.h
[3.745s] -- Symlinking: /home/deathstroke/vins-fusion-ros2/install/camera_models/include//camodocal/camera_models/PinholeFullCamera.h
[3.750s] -- Symlinking: /home/deathstroke/vins-fusion-ros2/install/camera_models/include//camodocal/camera_models/ScaramuzzaCamera.h
[3.754s] -- Symlinking: /home/deathstroke/vins-fusion-ros2/install/camera_models/include//camodocal/chessboard/Chessboard.h
[3.759s] -- Symlinking: /home/deathstroke/vins-fusion-ros2/install/camera_models/include//camodocal/chessboard/ChessboardCorner.h
[3.763s] -- Symlinking: /home/deathstroke/vins-fusion-ros2/install/camera_models/include//camodocal/chessboard/ChessboardQuad.h
[3.767s] -- Symlinking: /home/deathstroke/vins-fusion-ros2/install/camera_models/include//camodocal/chessboard/Spline.h
[3.771s] -- Symlinking: /home/deathstroke/vins-fusion-ros2/install/camera_models/include//camodocal/gpl/EigenQuaternionParameterization.h
[3.776s] -- Symlinking: /home/deathstroke/vins-fusion-ros2/install/camera_models/include//camodocal/gpl/EigenUtils.h
[3.780s] -- Symlinking: /home/deathstroke/vins-fusion-ros2/install/camera_models/include//camodocal/gpl/gpl.h
[3.784s] -- Symlinking: /home/deathstroke/vins-fusion-ros2/install/camera_models/include//camodocal/sparse_graph/Transform.h
[3.789s] -- Symlinking: /home/deathstroke/vins-fusion-ros2/install/camera_models/share/ament_index/resource_index/package_run_dependencies/camera_models
[3.794s] -- Symlinking: /home/deathstroke/vins-fusion-ros2/install/camera_models/share/ament_index/resource_index/parent_prefix_path/camera_models
[3.798s] -- Symlinking: /home/deathstroke/vins-fusion-ros2/install/camera_models/share/camera_models/environment/ament_prefix_path.sh
[3.803s] -- Symlinking: /home/deathstroke/vins-fusion-ros2/install/camera_models/share/camera_models/environment/ament_prefix_path.dsv
[3.807s] -- Symlinking: /home/deathstroke/vins-fusion-ros2/install/camera_models/share/camera_models/environment/path.sh
[3.812s] -- Symlinking: /home/deathstroke/vins-fusion-ros2/install/camera_models/share/camera_models/environment/path.dsv
[3.816s] -- Symlinking: /home/deathstroke/vins-fusion-ros2/install/camera_models/share/camera_models/local_setup.bash
[3.820s] -- Symlinking: /home/deathstroke/vins-fusion-ros2/install/camera_models/share/camera_models/local_setup.sh
[3.824s] -- Symlinking: /home/deathstroke/vins-fusion-ros2/install/camera_models/share/camera_models/local_setup.zsh
[3.829s] -- Symlinking: /home/deathstroke/vins-fusion-ros2/install/camera_models/share/camera_models/local_setup.dsv
[3.834s] -- Symlinking: /home/deathstroke/vins-fusion-ros2/install/camera_models/share/camera_models/package.dsv
[3.838s] -- Symlinking: /home/deathstroke/vins-fusion-ros2/install/camera_models/share/ament_index/resource_index/packages/camera_models
[3.843s] -- Symlinking: /home/deathstroke/vins-fusion-ros2/install/camera_models/share/camera_models/cmake/ament_cmake_export_include_directories-extras.cmake
[3.848s] -- Symlinking: /home/deathstroke/vins-fusion-ros2/install/camera_models/share/camera_models/cmake/ament_cmake_export_libraries-extras.cmake
[3.851s] -- Symlinking: /home/deathstroke/vins-fusion-ros2/install/camera_models/share/camera_models/cmake/ament_cmake_export_dependencies-extras.cmake
[3.856s] -- Symlinking: /home/deathstroke/vins-fusion-ros2/install/camera_models/share/camera_models/cmake/camera_modelsConfig.cmake
[3.860s] -- Symlinking: /home/deathstroke/vins-fusion-ros2/install/camera_models/share/camera_models/cmake/camera_modelsConfig-version.cmake
[3.864s] -- Symlinking: /home/deathstroke/vins-fusion-ros2/install/camera_models/share/camera_models/package.xml
[3.870s] Invoked command in '/home/deathstroke/vins-fusion-ros2/build/camera_models' returned '0': CMAKE_PREFIX_PATH=${CMAKE_PREFIX_PATH}:/home/deathstroke/realsense-ros/install/realsense2_ros_mqtt_bridge:/home/deathstroke/rust_ws/install/examples_worker_demo:/home/deathstroke/rust_ws/install/examples_rclrs_minimal_pub_sub:/home/deathstroke/rust_ws/install/examples_rclrs_minimal_client_service:/home/deathstroke/rust_ws/install/examples_parameter_demo:/home/deathstroke/rust_ws/install/examples_logging_demo:/home/deathstroke/rust_ws/install/sensor_msgs_py:/home/deathstroke/rust_ws/install/rust_pubsub:/home/deathstroke/rust_ws/install/examples_rclrs_message_demo:/home/deathstroke/rust_ws/install/rosidl_runtime_rs:/home/deathstroke/rust_ws/install/rclrs:/opt/ros/humble /usr/bin/cmake --install /home/deathstroke/vins-fusion-ros2/build/camera_models
