[0.061s] [34mcolcon[0m [1;30mDEBUG[0m [32mCommand line arguments: ['/usr/bin/colcon', 'build', '--symlink-install'][0m
[0.061s] [34mcolcon[0m [1;30mDEBUG[0m [32mParsed command line arguments: Namespace(log_base=None, log_level=None, verb_name='build', build_base='build', install_base='install', merge_install=False, symlink_install=True, test_result_base=None, continue_on_error=False, executor='parallel', parallel_workers=32, event_handlers=None, ignore_user_meta=False, metas=['./colcon.meta'], base_paths=['.'], packages_ignore=None, packages_ignore_regex=None, paths=None, packages_up_to=None, packages_up_to_regex=None, packages_above=None, packages_above_and_dependencies=None, packages_above_depth=None, packages_select_by_dep=None, packages_skip_by_dep=None, packages_skip_up_to=None, packages_select_build_failed=False, packages_skip_build_finished=False, packages_select_test_failures=False, packages_skip_test_passed=False, packages_select=None, packages_skip=None, packages_select_regex=None, packages_skip_regex=None, packages_start=None, packages_end=None, allow_overriding=[], cargo_args=None, clean_build=False, cmake_args=None, cmake_target=None, cmake_target_skip_unavailable=False, cmake_clean_cache=False, cmake_clean_first=False, cmake_force_configure=False, lookup_in_workspace=False, ament_cmake_args=None, catkin_cmake_args=None, catkin_skip_building_tests=False, mixin_files=None, mixin=None, verb_parser=<colcon_mixin.mixin.mixin_argument.MixinArgumentDecorator object at 0x7a62212b9240>, verb_extension=<colcon_core.verb.build.BuildVerb object at 0x7a62212b8d30>, main=<bound method BuildVerb.main of <colcon_core.verb.build.BuildVerb object at 0x7a62212b8d30>>, mixin_verb=('build',))[0m
[0.182s] [34mcolcon.colcon_core.package_discovery[0m [1;30mLevel 1[0m discover_packages(colcon_meta) check parameters
[0.182s] [34mcolcon.colcon_core.package_discovery[0m [1;30mLevel 1[0m discover_packages(recursive) check parameters
[0.182s] [34mcolcon.colcon_core.package_discovery[0m [1;30mLevel 1[0m discover_packages(ignore) check parameters
[0.182s] [34mcolcon.colcon_core.package_discovery[0m [1;30mLevel 1[0m discover_packages(path) check parameters
[0.182s] [34mcolcon.colcon_core.package_discovery[0m [1;30mLevel 1[0m discover_packages(cargo_workspace) check parameters
[0.182s] [34mcolcon.colcon_core.package_discovery[0m [1;30mLevel 1[0m discover_packages(colcon_meta) discover
[0.182s] [34mcolcon.colcon_core.package_discovery[0m [1;30mLevel 1[0m discover_packages(recursive) discover
[0.182s] [34mcolcon.colcon_core.package_discovery[0m [1;30mINFO[0m Crawling recursively for packages in '/home/deathstroke/vins-fusion-ros2'
[0.182s] [34mcolcon.colcon_core.package_identification[0m [1;30mLevel 1[0m _identify(.) by extensions ['ignore', 'ignore_ament_install']
[0.183s] [34mcolcon.colcon_core.package_identification[0m [1;30mLevel 1[0m _identify(.) by extension 'ignore'
[0.183s] [34mcolcon.colcon_core.package_identification[0m [1;30mLevel 1[0m _identify(.) by extension 'ignore_ament_install'
[0.183s] [34mcolcon.colcon_core.package_identification[0m [1;30mLevel 1[0m _identify(.) by extensions ['cargo_workspace']
[0.183s] [34mcolcon.colcon_core.package_identification[0m [1;30mLevel 1[0m _identify(.) by extension 'cargo_workspace'
[0.183s] [34mcolcon.colcon_core.package_identification[0m [1;30mLevel 1[0m _identify(.) by extensions ['colcon_pkg']
[0.183s] [34mcolcon.colcon_core.package_identification[0m [1;30mLevel 1[0m _identify(.) by extension 'colcon_pkg'
[0.183s] [34mcolcon.colcon_core.package_identification[0m [1;30mLevel 1[0m _identify(.) by extensions ['colcon_meta']
[0.183s] [34mcolcon.colcon_core.package_identification[0m [1;30mLevel 1[0m _identify(.) by extension 'colcon_meta'
[0.183s] [34mcolcon.colcon_core.package_identification[0m [1;30mLevel 1[0m _identify(.) by extensions ['ros']
[0.183s] [34mcolcon.colcon_core.package_identification[0m [1;30mLevel 1[0m _identify(.) by extension 'ros'
[0.188s] [34mcolcon.colcon_core.package_identification[0m [1;30mLevel 1[0m _identify(.) by extensions ['cargo', 'cmake', 'python']
[0.188s] [34mcolcon.colcon_core.package_identification[0m [1;30mLevel 1[0m _identify(.) by extension 'cargo'
[0.188s] [34mcolcon.colcon_core.package_identification[0m [1;30mLevel 1[0m _identify(.) by extension 'cmake'
[0.188s] [34mcolcon.colcon_core.package_identification[0m [1;30mLevel 1[0m _identify(.) by extension 'python'
[0.188s] [34mcolcon.colcon_core.package_identification[0m [1;30mLevel 1[0m _identify(.) by extensions ['python_setup_py']
[0.188s] [34mcolcon.colcon_core.package_identification[0m [1;30mLevel 1[0m _identify(.) by extension 'python_setup_py'
[0.188s] [34mcolcon.colcon_core.package_identification[0m [1;30mLevel 1[0m _identify(build) by extensions ['ignore', 'ignore_ament_install']
[0.188s] [34mcolcon.colcon_core.package_identification[0m [1;30mLevel 1[0m _identify(build) by extension 'ignore'
[0.188s] [34mcolcon.colcon_core.package_identification[0m [1;30mLevel 1[0m _identify(build) ignored
[0.188s] [34mcolcon.colcon_core.package_identification[0m [1;30mLevel 1[0m _identify(custom_config) by extensions ['ignore', 'ignore_ament_install']
[0.188s] [34mcolcon.colcon_core.package_identification[0m [1;30mLevel 1[0m _identify(custom_config) by extension 'ignore'
[0.188s] [34mcolcon.colcon_core.package_identification[0m [1;30mLevel 1[0m _identify(custom_config) by extension 'ignore_ament_install'
[0.188s] [34mcolcon.colcon_core.package_identification[0m [1;30mLevel 1[0m _identify(custom_config) by extensions ['cargo_workspace']
[0.188s] [34mcolcon.colcon_core.package_identification[0m [1;30mLevel 1[0m _identify(custom_config) by extension 'cargo_workspace'
[0.188s] [34mcolcon.colcon_core.package_identification[0m [1;30mLevel 1[0m _identify(custom_config) by extensions ['colcon_pkg']
[0.188s] [34mcolcon.colcon_core.package_identification[0m [1;30mLevel 1[0m _identify(custom_config) by extension 'colcon_pkg'
[0.188s] [34mcolcon.colcon_core.package_identification[0m [1;30mLevel 1[0m _identify(custom_config) by extensions ['colcon_meta']
[0.188s] [34mcolcon.colcon_core.package_identification[0m [1;30mLevel 1[0m _identify(custom_config) by extension 'colcon_meta'
[0.188s] [34mcolcon.colcon_core.package_identification[0m [1;30mLevel 1[0m _identify(custom_config) by extensions ['ros']
[0.188s] [34mcolcon.colcon_core.package_identification[0m [1;30mLevel 1[0m _identify(custom_config) by extension 'ros'
[0.188s] [34mcolcon.colcon_core.package_identification[0m [1;30mLevel 1[0m _identify(custom_config) by extensions ['cargo', 'cmake', 'python']
[0.188s] [34mcolcon.colcon_core.package_identification[0m [1;30mLevel 1[0m _identify(custom_config) by extension 'cargo'
[0.188s] [34mcolcon.colcon_core.package_identification[0m [1;30mLevel 1[0m _identify(custom_config) by extension 'cmake'
[0.188s] [34mcolcon.colcon_core.package_identification[0m [1;30mLevel 1[0m _identify(custom_config) by extension 'python'
[0.188s] [34mcolcon.colcon_core.package_identification[0m [1;30mLevel 1[0m _identify(custom_config) by extensions ['python_setup_py']
[0.188s] [34mcolcon.colcon_core.package_identification[0m [1;30mLevel 1[0m _identify(custom_config) by extension 'python_setup_py'
[0.188s] [34mcolcon.colcon_core.package_identification[0m [1;30mLevel 1[0m _identify(custom_config/A3_ptgrey) by extensions ['ignore', 'ignore_ament_install']
[0.188s] [34mcolcon.colcon_core.package_identification[0m [1;30mLevel 1[0m _identify(custom_config/A3_ptgrey) by extension 'ignore'
[0.188s] [34mcolcon.colcon_core.package_identification[0m [1;30mLevel 1[0m _identify(custom_config/A3_ptgrey) by extension 'ignore_ament_install'
[0.188s] [34mcolcon.colcon_core.package_identification[0m [1;30mLevel 1[0m _identify(custom_config/A3_ptgrey) by extensions ['cargo_workspace']
[0.188s] [34mcolcon.colcon_core.package_identification[0m [1;30mLevel 1[0m _identify(custom_config/A3_ptgrey) by extension 'cargo_workspace'
[0.188s] [34mcolcon.colcon_core.package_identification[0m [1;30mLevel 1[0m _identify(custom_config/A3_ptgrey) by extensions ['colcon_pkg']
[0.188s] [34mcolcon.colcon_core.package_identification[0m [1;30mLevel 1[0m _identify(custom_config/A3_ptgrey) by extension 'colcon_pkg'
[0.188s] [34mcolcon.colcon_core.package_identification[0m [1;30mLevel 1[0m _identify(custom_config/A3_ptgrey) by extensions ['colcon_meta']
[0.188s] [34mcolcon.colcon_core.package_identification[0m [1;30mLevel 1[0m _identify(custom_config/A3_ptgrey) by extension 'colcon_meta'
[0.188s] [34mcolcon.colcon_core.package_identification[0m [1;30mLevel 1[0m _identify(custom_config/A3_ptgrey) by extensions ['ros']
[0.188s] [34mcolcon.colcon_core.package_identification[0m [1;30mLevel 1[0m _identify(custom_config/A3_ptgrey) by extension 'ros'
[0.188s] [34mcolcon.colcon_core.package_identification[0m [1;30mLevel 1[0m _identify(custom_config/A3_ptgrey) by extensions ['cargo', 'cmake', 'python']
[0.188s] [34mcolcon.colcon_core.package_identification[0m [1;30mLevel 1[0m _identify(custom_config/A3_ptgrey) by extension 'cargo'
[0.188s] [34mcolcon.colcon_core.package_identification[0m [1;30mLevel 1[0m _identify(custom_config/A3_ptgrey) by extension 'cmake'
[0.188s] [34mcolcon.colcon_core.package_identification[0m [1;30mLevel 1[0m _identify(custom_config/A3_ptgrey) by extension 'python'
[0.188s] [34mcolcon.colcon_core.package_identification[0m [1;30mLevel 1[0m _identify(custom_config/A3_ptgrey) by extensions ['python_setup_py']
[0.188s] [34mcolcon.colcon_core.package_identification[0m [1;30mLevel 1[0m _identify(custom_config/A3_ptgrey) by extension 'python_setup_py'
[0.188s] [34mcolcon.colcon_core.package_identification[0m [1;30mLevel 1[0m _identify(custom_config/euroc) by extensions ['ignore', 'ignore_ament_install']
[0.188s] [34mcolcon.colcon_core.package_identification[0m [1;30mLevel 1[0m _identify(custom_config/euroc) by extension 'ignore'
[0.188s] [34mcolcon.colcon_core.package_identification[0m [1;30mLevel 1[0m _identify(custom_config/euroc) by extension 'ignore_ament_install'
[0.188s] [34mcolcon.colcon_core.package_identification[0m [1;30mLevel 1[0m _identify(custom_config/euroc) by extensions ['cargo_workspace']
[0.188s] [34mcolcon.colcon_core.package_identification[0m [1;30mLevel 1[0m _identify(custom_config/euroc) by extension 'cargo_workspace'
[0.188s] [34mcolcon.colcon_core.package_identification[0m [1;30mLevel 1[0m _identify(custom_config/euroc) by extensions ['colcon_pkg']
[0.188s] [34mcolcon.colcon_core.package_identification[0m [1;30mLevel 1[0m _identify(custom_config/euroc) by extension 'colcon_pkg'
[0.188s] [34mcolcon.colcon_core.package_identification[0m [1;30mLevel 1[0m _identify(custom_config/euroc) by extensions ['colcon_meta']
[0.189s] [34mcolcon.colcon_core.package_identification[0m [1;30mLevel 1[0m _identify(custom_config/euroc) by extension 'colcon_meta'
[0.189s] [34mcolcon.colcon_core.package_identification[0m [1;30mLevel 1[0m _identify(custom_config/euroc) by extensions ['ros']
[0.189s] [34mcolcon.colcon_core.package_identification[0m [1;30mLevel 1[0m _identify(custom_config/euroc) by extension 'ros'
[0.189s] [34mcolcon.colcon_core.package_identification[0m [1;30mLevel 1[0m _identify(custom_config/euroc) by extensions ['cargo', 'cmake', 'python']
[0.189s] [34mcolcon.colcon_core.package_identification[0m [1;30mLevel 1[0m _identify(custom_config/euroc) by extension 'cargo'
[0.189s] [34mcolcon.colcon_core.package_identification[0m [1;30mLevel 1[0m _identify(custom_config/euroc) by extension 'cmake'
[0.189s] [34mcolcon.colcon_core.package_identification[0m [1;30mLevel 1[0m _identify(custom_config/euroc) by extension 'python'
[0.189s] [34mcolcon.colcon_core.package_identification[0m [1;30mLevel 1[0m _identify(custom_config/euroc) by extensions ['python_setup_py']
[0.189s] [34mcolcon.colcon_core.package_identification[0m [1;30mLevel 1[0m _identify(custom_config/euroc) by extension 'python_setup_py'
[0.189s] [34mcolcon.colcon_core.package_identification[0m [1;30mLevel 1[0m _identify(custom_config/iron) by extensions ['ignore', 'ignore_ament_install']
[0.189s] [34mcolcon.colcon_core.package_identification[0m [1;30mLevel 1[0m _identify(custom_config/iron) by extension 'ignore'
[0.189s] [34mcolcon.colcon_core.package_identification[0m [1;30mLevel 1[0m _identify(custom_config/iron) by extension 'ignore_ament_install'
[0.189s] [34mcolcon.colcon_core.package_identification[0m [1;30mLevel 1[0m _identify(custom_config/iron) by extensions ['cargo_workspace']
[0.189s] [34mcolcon.colcon_core.package_identification[0m [1;30mLevel 1[0m _identify(custom_config/iron) by extension 'cargo_workspace'
[0.189s] [34mcolcon.colcon_core.package_identification[0m [1;30mLevel 1[0m _identify(custom_config/iron) by extensions ['colcon_pkg']
[0.189s] [34mcolcon.colcon_core.package_identification[0m [1;30mLevel 1[0m _identify(custom_config/iron) by extension 'colcon_pkg'
[0.189s] [34mcolcon.colcon_core.package_identification[0m [1;30mLevel 1[0m _identify(custom_config/iron) by extensions ['colcon_meta']
[0.189s] [34mcolcon.colcon_core.package_identification[0m [1;30mLevel 1[0m _identify(custom_config/iron) by extension 'colcon_meta'
[0.189s] [34mcolcon.colcon_core.package_identification[0m [1;30mLevel 1[0m _identify(custom_config/iron) by extensions ['ros']
[0.189s] [34mcolcon.colcon_core.package_identification[0m [1;30mLevel 1[0m _identify(custom_config/iron) by extension 'ros'
[0.189s] [34mcolcon.colcon_core.package_identification[0m [1;30mLevel 1[0m _identify(custom_config/iron) by extensions ['cargo', 'cmake', 'python']
[0.189s] [34mcolcon.colcon_core.package_identification[0m [1;30mLevel 1[0m _identify(custom_config/iron) by extension 'cargo'
[0.189s] [34mcolcon.colcon_core.package_identification[0m [1;30mLevel 1[0m _identify(custom_config/iron) by extension 'cmake'
[0.189s] [34mcolcon.colcon_core.package_identification[0m [1;30mLevel 1[0m _identify(custom_config/iron) by extension 'python'
[0.189s] [34mcolcon.colcon_core.package_identification[0m [1;30mLevel 1[0m _identify(custom_config/iron) by extensions ['python_setup_py']
[0.189s] [34mcolcon.colcon_core.package_identification[0m [1;30mLevel 1[0m _identify(custom_config/iron) by extension 'python_setup_py'
[0.189s] [34mcolcon.colcon_core.package_identification[0m [1;30mLevel 1[0m _identify(custom_config/kitti_odom) by extensions ['ignore', 'ignore_ament_install']
[0.189s] [34mcolcon.colcon_core.package_identification[0m [1;30mLevel 1[0m _identify(custom_config/kitti_odom) by extension 'ignore'
[0.189s] [34mcolcon.colcon_core.package_identification[0m [1;30mLevel 1[0m _identify(custom_config/kitti_odom) by extension 'ignore_ament_install'
[0.189s] [34mcolcon.colcon_core.package_identification[0m [1;30mLevel 1[0m _identify(custom_config/kitti_odom) by extensions ['cargo_workspace']
[0.189s] [34mcolcon.colcon_core.package_identification[0m [1;30mLevel 1[0m _identify(custom_config/kitti_odom) by extension 'cargo_workspace'
[0.189s] [34mcolcon.colcon_core.package_identification[0m [1;30mLevel 1[0m _identify(custom_config/kitti_odom) by extensions ['colcon_pkg']
[0.189s] [34mcolcon.colcon_core.package_identification[0m [1;30mLevel 1[0m _identify(custom_config/kitti_odom) by extension 'colcon_pkg'
[0.189s] [34mcolcon.colcon_core.package_identification[0m [1;30mLevel 1[0m _identify(custom_config/kitti_odom) by extensions ['colcon_meta']
[0.189s] [34mcolcon.colcon_core.package_identification[0m [1;30mLevel 1[0m _identify(custom_config/kitti_odom) by extension 'colcon_meta'
[0.189s] [34mcolcon.colcon_core.package_identification[0m [1;30mLevel 1[0m _identify(custom_config/kitti_odom) by extensions ['ros']
[0.189s] [34mcolcon.colcon_core.package_identification[0m [1;30mLevel 1[0m _identify(custom_config/kitti_odom) by extension 'ros'
[0.189s] [34mcolcon.colcon_core.package_identification[0m [1;30mLevel 1[0m _identify(custom_config/kitti_odom) by extensions ['cargo', 'cmake', 'python']
[0.189s] [34mcolcon.colcon_core.package_identification[0m [1;30mLevel 1[0m _identify(custom_config/kitti_odom) by extension 'cargo'
[0.189s] [34mcolcon.colcon_core.package_identification[0m [1;30mLevel 1[0m _identify(custom_config/kitti_odom) by extension 'cmake'
[0.189s] [34mcolcon.colcon_core.package_identification[0m [1;30mLevel 1[0m _identify(custom_config/kitti_odom) by extension 'python'
[0.189s] [34mcolcon.colcon_core.package_identification[0m [1;30mLevel 1[0m _identify(custom_config/kitti_odom) by extensions ['python_setup_py']
[0.189s] [34mcolcon.colcon_core.package_identification[0m [1;30mLevel 1[0m _identify(custom_config/kitti_odom) by extension 'python_setup_py'
[0.189s] [34mcolcon.colcon_core.package_identification[0m [1;30mLevel 1[0m _identify(custom_config/kitti_raw) by extensions ['ignore', 'ignore_ament_install']
[0.189s] [34mcolcon.colcon_core.package_identification[0m [1;30mLevel 1[0m _identify(custom_config/kitti_raw) by extension 'ignore'
[0.189s] [34mcolcon.colcon_core.package_identification[0m [1;30mLevel 1[0m _identify(custom_config/kitti_raw) by extension 'ignore_ament_install'
[0.189s] [34mcolcon.colcon_core.package_identification[0m [1;30mLevel 1[0m _identify(custom_config/kitti_raw) by extensions ['cargo_workspace']
[0.189s] [34mcolcon.colcon_core.package_identification[0m [1;30mLevel 1[0m _identify(custom_config/kitti_raw) by extension 'cargo_workspace'
[0.189s] [34mcolcon.colcon_core.package_identification[0m [1;30mLevel 1[0m _identify(custom_config/kitti_raw) by extensions ['colcon_pkg']
[0.189s] [34mcolcon.colcon_core.package_identification[0m [1;30mLevel 1[0m _identify(custom_config/kitti_raw) by extension 'colcon_pkg'
[0.189s] [34mcolcon.colcon_core.package_identification[0m [1;30mLevel 1[0m _identify(custom_config/kitti_raw) by extensions ['colcon_meta']
[0.189s] [34mcolcon.colcon_core.package_identification[0m [1;30mLevel 1[0m _identify(custom_config/kitti_raw) by extension 'colcon_meta'
[0.189s] [34mcolcon.colcon_core.package_identification[0m [1;30mLevel 1[0m _identify(custom_config/kitti_raw) by extensions ['ros']
[0.189s] [34mcolcon.colcon_core.package_identification[0m [1;30mLevel 1[0m _identify(custom_config/kitti_raw) by extension 'ros'
[0.189s] [34mcolcon.colcon_core.package_identification[0m [1;30mLevel 1[0m _identify(custom_config/kitti_raw) by extensions ['cargo', 'cmake', 'python']
[0.189s] [34mcolcon.colcon_core.package_identification[0m [1;30mLevel 1[0m _identify(custom_config/kitti_raw) by extension 'cargo'
[0.189s] [34mcolcon.colcon_core.package_identification[0m [1;30mLevel 1[0m _identify(custom_config/kitti_raw) by extension 'cmake'
[0.189s] [34mcolcon.colcon_core.package_identification[0m [1;30mLevel 1[0m _identify(custom_config/kitti_raw) by extension 'python'
[0.189s] [34mcolcon.colcon_core.package_identification[0m [1;30mLevel 1[0m _identify(custom_config/kitti_raw) by extensions ['python_setup_py']
[0.189s] [34mcolcon.colcon_core.package_identification[0m [1;30mLevel 1[0m _identify(custom_config/kitti_raw) by extension 'python_setup_py'
[0.189s] [34mcolcon.colcon_core.package_identification[0m [1;30mLevel 1[0m _identify(custom_config/morroco) by extensions ['ignore', 'ignore_ament_install']
[0.190s] [34mcolcon.colcon_core.package_identification[0m [1;30mLevel 1[0m _identify(custom_config/morroco) by extension 'ignore'
[0.190s] [34mcolcon.colcon_core.package_identification[0m [1;30mLevel 1[0m _identify(custom_config/morroco) by extension 'ignore_ament_install'
[0.190s] [34mcolcon.colcon_core.package_identification[0m [1;30mLevel 1[0m _identify(custom_config/morroco) by extensions ['cargo_workspace']
[0.190s] [34mcolcon.colcon_core.package_identification[0m [1;30mLevel 1[0m _identify(custom_config/morroco) by extension 'cargo_workspace'
[0.190s] [34mcolcon.colcon_core.package_identification[0m [1;30mLevel 1[0m _identify(custom_config/morroco) by extensions ['colcon_pkg']
[0.190s] [34mcolcon.colcon_core.package_identification[0m [1;30mLevel 1[0m _identify(custom_config/morroco) by extension 'colcon_pkg'
[0.190s] [34mcolcon.colcon_core.package_identification[0m [1;30mLevel 1[0m _identify(custom_config/morroco) by extensions ['colcon_meta']
[0.190s] [34mcolcon.colcon_core.package_identification[0m [1;30mLevel 1[0m _identify(custom_config/morroco) by extension 'colcon_meta'
[0.190s] [34mcolcon.colcon_core.package_identification[0m [1;30mLevel 1[0m _identify(custom_config/morroco) by extensions ['ros']
[0.190s] [34mcolcon.colcon_core.package_identification[0m [1;30mLevel 1[0m _identify(custom_config/morroco) by extension 'ros'
[0.190s] [34mcolcon.colcon_core.package_identification[0m [1;30mLevel 1[0m _identify(custom_config/morroco) by extensions ['cargo', 'cmake', 'python']
[0.190s] [34mcolcon.colcon_core.package_identification[0m [1;30mLevel 1[0m _identify(custom_config/morroco) by extension 'cargo'
[0.190s] [34mcolcon.colcon_core.package_identification[0m [1;30mLevel 1[0m _identify(custom_config/morroco) by extension 'cmake'
[0.190s] [34mcolcon.colcon_core.package_identification[0m [1;30mLevel 1[0m _identify(custom_config/morroco) by extension 'python'
[0.190s] [34mcolcon.colcon_core.package_identification[0m [1;30mLevel 1[0m _identify(custom_config/morroco) by extensions ['python_setup_py']
[0.190s] [34mcolcon.colcon_core.package_identification[0m [1;30mLevel 1[0m _identify(custom_config/morroco) by extension 'python_setup_py'
[0.190s] [34mcolcon.colcon_core.package_identification[0m [1;30mLevel 1[0m _identify(custom_config/mynteye) by extensions ['ignore', 'ignore_ament_install']
[0.190s] [34mcolcon.colcon_core.package_identification[0m [1;30mLevel 1[0m _identify(custom_config/mynteye) by extension 'ignore'
[0.190s] [34mcolcon.colcon_core.package_identification[0m [1;30mLevel 1[0m _identify(custom_config/mynteye) by extension 'ignore_ament_install'
[0.190s] [34mcolcon.colcon_core.package_identification[0m [1;30mLevel 1[0m _identify(custom_config/mynteye) by extensions ['cargo_workspace']
[0.190s] [34mcolcon.colcon_core.package_identification[0m [1;30mLevel 1[0m _identify(custom_config/mynteye) by extension 'cargo_workspace'
[0.190s] [34mcolcon.colcon_core.package_identification[0m [1;30mLevel 1[0m _identify(custom_config/mynteye) by extensions ['colcon_pkg']
[0.190s] [34mcolcon.colcon_core.package_identification[0m [1;30mLevel 1[0m _identify(custom_config/mynteye) by extension 'colcon_pkg'
[0.190s] [34mcolcon.colcon_core.package_identification[0m [1;30mLevel 1[0m _identify(custom_config/mynteye) by extensions ['colcon_meta']
[0.190s] [34mcolcon.colcon_core.package_identification[0m [1;30mLevel 1[0m _identify(custom_config/mynteye) by extension 'colcon_meta'
[0.190s] [34mcolcon.colcon_core.package_identification[0m [1;30mLevel 1[0m _identify(custom_config/mynteye) by extensions ['ros']
[0.190s] [34mcolcon.colcon_core.package_identification[0m [1;30mLevel 1[0m _identify(custom_config/mynteye) by extension 'ros'
[0.190s] [34mcolcon.colcon_core.package_identification[0m [1;30mLevel 1[0m _identify(custom_config/mynteye) by extensions ['cargo', 'cmake', 'python']
[0.190s] [34mcolcon.colcon_core.package_identification[0m [1;30mLevel 1[0m _identify(custom_config/mynteye) by extension 'cargo'
[0.190s] [34mcolcon.colcon_core.package_identification[0m [1;30mLevel 1[0m _identify(custom_config/mynteye) by extension 'cmake'
[0.190s] [34mcolcon.colcon_core.package_identification[0m [1;30mLevel 1[0m _identify(custom_config/mynteye) by extension 'python'
[0.190s] [34mcolcon.colcon_core.package_identification[0m [1;30mLevel 1[0m _identify(custom_config/mynteye) by extensions ['python_setup_py']
[0.190s] [34mcolcon.colcon_core.package_identification[0m [1;30mLevel 1[0m _identify(custom_config/mynteye) by extension 'python_setup_py'
[0.190s] [34mcolcon.colcon_core.package_identification[0m [1;30mLevel 1[0m _identify(custom_config/realsense_d435i) by extensions ['ignore', 'ignore_ament_install']
[0.190s] [34mcolcon.colcon_core.package_identification[0m [1;30mLevel 1[0m _identify(custom_config/realsense_d435i) by extension 'ignore'
[0.190s] [34mcolcon.colcon_core.package_identification[0m [1;30mLevel 1[0m _identify(custom_config/realsense_d435i) by extension 'ignore_ament_install'
[0.190s] [34mcolcon.colcon_core.package_identification[0m [1;30mLevel 1[0m _identify(custom_config/realsense_d435i) by extensions ['cargo_workspace']
[0.190s] [34mcolcon.colcon_core.package_identification[0m [1;30mLevel 1[0m _identify(custom_config/realsense_d435i) by extension 'cargo_workspace'
[0.190s] [34mcolcon.colcon_core.package_identification[0m [1;30mLevel 1[0m _identify(custom_config/realsense_d435i) by extensions ['colcon_pkg']
[0.190s] [34mcolcon.colcon_core.package_identification[0m [1;30mLevel 1[0m _identify(custom_config/realsense_d435i) by extension 'colcon_pkg'
[0.190s] [34mcolcon.colcon_core.package_identification[0m [1;30mLevel 1[0m _identify(custom_config/realsense_d435i) by extensions ['colcon_meta']
[0.190s] [34mcolcon.colcon_core.package_identification[0m [1;30mLevel 1[0m _identify(custom_config/realsense_d435i) by extension 'colcon_meta'
[0.190s] [34mcolcon.colcon_core.package_identification[0m [1;30mLevel 1[0m _identify(custom_config/realsense_d435i) by extensions ['ros']
[0.190s] [34mcolcon.colcon_core.package_identification[0m [1;30mLevel 1[0m _identify(custom_config/realsense_d435i) by extension 'ros'
[0.190s] [34mcolcon.colcon_core.package_identification[0m [1;30mLevel 1[0m _identify(custom_config/realsense_d435i) by extensions ['cargo', 'cmake', 'python']
[0.190s] [34mcolcon.colcon_core.package_identification[0m [1;30mLevel 1[0m _identify(custom_config/realsense_d435i) by extension 'cargo'
[0.190s] [34mcolcon.colcon_core.package_identification[0m [1;30mLevel 1[0m _identify(custom_config/realsense_d435i) by extension 'cmake'
[0.190s] [34mcolcon.colcon_core.package_identification[0m [1;30mLevel 1[0m _identify(custom_config/realsense_d435i) by extension 'python'
[0.190s] [34mcolcon.colcon_core.package_identification[0m [1;30mLevel 1[0m _identify(custom_config/realsense_d435i) by extensions ['python_setup_py']
[0.190s] [34mcolcon.colcon_core.package_identification[0m [1;30mLevel 1[0m _identify(custom_config/realsense_d435i) by extension 'python_setup_py'
[0.190s] [34mcolcon.colcon_core.package_identification[0m [1;30mLevel 1[0m _identify(custom_config/rs_d455) by extensions ['ignore', 'ignore_ament_install']
[0.190s] [34mcolcon.colcon_core.package_identification[0m [1;30mLevel 1[0m _identify(custom_config/rs_d455) by extension 'ignore'
[0.190s] [34mcolcon.colcon_core.package_identification[0m [1;30mLevel 1[0m _identify(custom_config/rs_d455) by extension 'ignore_ament_install'
[0.190s] [34mcolcon.colcon_core.package_identification[0m [1;30mLevel 1[0m _identify(custom_config/rs_d455) by extensions ['cargo_workspace']
[0.190s] [34mcolcon.colcon_core.package_identification[0m [1;30mLevel 1[0m _identify(custom_config/rs_d455) by extension 'cargo_workspace'
[0.190s] [34mcolcon.colcon_core.package_identification[0m [1;30mLevel 1[0m _identify(custom_config/rs_d455) by extensions ['colcon_pkg']
[0.190s] [34mcolcon.colcon_core.package_identification[0m [1;30mLevel 1[0m _identify(custom_config/rs_d455) by extension 'colcon_pkg'
[0.190s] [34mcolcon.colcon_core.package_identification[0m [1;30mLevel 1[0m _identify(custom_config/rs_d455) by extensions ['colcon_meta']
[0.190s] [34mcolcon.colcon_core.package_identification[0m [1;30mLevel 1[0m _identify(custom_config/rs_d455) by extension 'colcon_meta'
[0.190s] [34mcolcon.colcon_core.package_identification[0m [1;30mLevel 1[0m _identify(custom_config/rs_d455) by extensions ['ros']
[0.190s] [34mcolcon.colcon_core.package_identification[0m [1;30mLevel 1[0m _identify(custom_config/rs_d455) by extension 'ros'
[0.190s] [34mcolcon.colcon_core.package_identification[0m [1;30mLevel 1[0m _identify(custom_config/rs_d455) by extensions ['cargo', 'cmake', 'python']
[0.191s] [34mcolcon.colcon_core.package_identification[0m [1;30mLevel 1[0m _identify(custom_config/rs_d455) by extension 'cargo'
[0.191s] [34mcolcon.colcon_core.package_identification[0m [1;30mLevel 1[0m _identify(custom_config/rs_d455) by extension 'cmake'
[0.191s] [34mcolcon.colcon_core.package_identification[0m [1;30mLevel 1[0m _identify(custom_config/rs_d455) by extension 'python'
[0.191s] [34mcolcon.colcon_core.package_identification[0m [1;30mLevel 1[0m _identify(custom_config/rs_d455) by extensions ['python_setup_py']
[0.191s] [34mcolcon.colcon_core.package_identification[0m [1;30mLevel 1[0m _identify(custom_config/rs_d455) by extension 'python_setup_py'
[0.191s] [34mcolcon.colcon_core.package_identification[0m [1;30mLevel 1[0m _identify(custom_config/simulation) by extensions ['ignore', 'ignore_ament_install']
[0.191s] [34mcolcon.colcon_core.package_identification[0m [1;30mLevel 1[0m _identify(custom_config/simulation) by extension 'ignore'
[0.191s] [34mcolcon.colcon_core.package_identification[0m [1;30mLevel 1[0m _identify(custom_config/simulation) by extension 'ignore_ament_install'
[0.191s] [34mcolcon.colcon_core.package_identification[0m [1;30mLevel 1[0m _identify(custom_config/simulation) by extensions ['cargo_workspace']
[0.191s] [34mcolcon.colcon_core.package_identification[0m [1;30mLevel 1[0m _identify(custom_config/simulation) by extension 'cargo_workspace'
[0.191s] [34mcolcon.colcon_core.package_identification[0m [1;30mLevel 1[0m _identify(custom_config/simulation) by extensions ['colcon_pkg']
[0.191s] [34mcolcon.colcon_core.package_identification[0m [1;30mLevel 1[0m _identify(custom_config/simulation) by extension 'colcon_pkg'
[0.191s] [34mcolcon.colcon_core.package_identification[0m [1;30mLevel 1[0m _identify(custom_config/simulation) by extensions ['colcon_meta']
[0.191s] [34mcolcon.colcon_core.package_identification[0m [1;30mLevel 1[0m _identify(custom_config/simulation) by extension 'colcon_meta'
[0.191s] [34mcolcon.colcon_core.package_identification[0m [1;30mLevel 1[0m _identify(custom_config/simulation) by extensions ['ros']
[0.191s] [34mcolcon.colcon_core.package_identification[0m [1;30mLevel 1[0m _identify(custom_config/simulation) by extension 'ros'
[0.191s] [34mcolcon.colcon_core.package_identification[0m [1;30mLevel 1[0m _identify(custom_config/simulation) by extensions ['cargo', 'cmake', 'python']
[0.191s] [34mcolcon.colcon_core.package_identification[0m [1;30mLevel 1[0m _identify(custom_config/simulation) by extension 'cargo'
[0.191s] [34mcolcon.colcon_core.package_identification[0m [1;30mLevel 1[0m _identify(custom_config/simulation) by extension 'cmake'
[0.191s] [34mcolcon.colcon_core.package_identification[0m [1;30mLevel 1[0m _identify(custom_config/simulation) by extension 'python'
[0.191s] [34mcolcon.colcon_core.package_identification[0m [1;30mLevel 1[0m _identify(custom_config/simulation) by extensions ['python_setup_py']
[0.191s] [34mcolcon.colcon_core.package_identification[0m [1;30mLevel 1[0m _identify(custom_config/simulation) by extension 'python_setup_py'
[0.191s] [34mcolcon.colcon_core.package_identification[0m [1;30mLevel 1[0m _identify(custom_config/vi_car) by extensions ['ignore', 'ignore_ament_install']
[0.191s] [34mcolcon.colcon_core.package_identification[0m [1;30mLevel 1[0m _identify(custom_config/vi_car) by extension 'ignore'
[0.191s] [34mcolcon.colcon_core.package_identification[0m [1;30mLevel 1[0m _identify(custom_config/vi_car) by extension 'ignore_ament_install'
[0.191s] [34mcolcon.colcon_core.package_identification[0m [1;30mLevel 1[0m _identify(custom_config/vi_car) by extensions ['cargo_workspace']
[0.191s] [34mcolcon.colcon_core.package_identification[0m [1;30mLevel 1[0m _identify(custom_config/vi_car) by extension 'cargo_workspace'
[0.191s] [34mcolcon.colcon_core.package_identification[0m [1;30mLevel 1[0m _identify(custom_config/vi_car) by extensions ['colcon_pkg']
[0.191s] [34mcolcon.colcon_core.package_identification[0m [1;30mLevel 1[0m _identify(custom_config/vi_car) by extension 'colcon_pkg'
[0.191s] [34mcolcon.colcon_core.package_identification[0m [1;30mLevel 1[0m _identify(custom_config/vi_car) by extensions ['colcon_meta']
[0.191s] [34mcolcon.colcon_core.package_identification[0m [1;30mLevel 1[0m _identify(custom_config/vi_car) by extension 'colcon_meta'
[0.191s] [34mcolcon.colcon_core.package_identification[0m [1;30mLevel 1[0m _identify(custom_config/vi_car) by extensions ['ros']
[0.191s] [34mcolcon.colcon_core.package_identification[0m [1;30mLevel 1[0m _identify(custom_config/vi_car) by extension 'ros'
[0.191s] [34mcolcon.colcon_core.package_identification[0m [1;30mLevel 1[0m _identify(custom_config/vi_car) by extensions ['cargo', 'cmake', 'python']
[0.191s] [34mcolcon.colcon_core.package_identification[0m [1;30mLevel 1[0m _identify(custom_config/vi_car) by extension 'cargo'
[0.191s] [34mcolcon.colcon_core.package_identification[0m [1;30mLevel 1[0m _identify(custom_config/vi_car) by extension 'cmake'
[0.191s] [34mcolcon.colcon_core.package_identification[0m [1;30mLevel 1[0m _identify(custom_config/vi_car) by extension 'python'
[0.191s] [34mcolcon.colcon_core.package_identification[0m [1;30mLevel 1[0m _identify(custom_config/vi_car) by extensions ['python_setup_py']
[0.191s] [34mcolcon.colcon_core.package_identification[0m [1;30mLevel 1[0m _identify(custom_config/vi_car) by extension 'python_setup_py'
[0.191s] [34mcolcon.colcon_core.package_identification[0m [1;30mLevel 1[0m _identify(install) by extensions ['ignore', 'ignore_ament_install']
[0.191s] [34mcolcon.colcon_core.package_identification[0m [1;30mLevel 1[0m _identify(install) by extension 'ignore'
[0.191s] [34mcolcon.colcon_core.package_identification[0m [1;30mLevel 1[0m _identify(install) ignored
[0.191s] [34mcolcon.colcon_core.package_identification[0m [1;30mLevel 1[0m _identify(log) by extensions ['ignore', 'ignore_ament_install']
[0.191s] [34mcolcon.colcon_core.package_identification[0m [1;30mLevel 1[0m _identify(log) by extension 'ignore'
[0.191s] [34mcolcon.colcon_core.package_identification[0m [1;30mLevel 1[0m _identify(log) ignored
[0.191s] [34mcolcon.colcon_core.package_identification[0m [1;30mLevel 1[0m _identify(src) by extensions ['ignore', 'ignore_ament_install']
[0.191s] [34mcolcon.colcon_core.package_identification[0m [1;30mLevel 1[0m _identify(src) by extension 'ignore'
[0.191s] [34mcolcon.colcon_core.package_identification[0m [1;30mLevel 1[0m _identify(src) by extension 'ignore_ament_install'
[0.191s] [34mcolcon.colcon_core.package_identification[0m [1;30mLevel 1[0m _identify(src) by extensions ['cargo_workspace']
[0.191s] [34mcolcon.colcon_core.package_identification[0m [1;30mLevel 1[0m _identify(src) by extension 'cargo_workspace'
[0.191s] [34mcolcon.colcon_core.package_identification[0m [1;30mLevel 1[0m _identify(src) by extensions ['colcon_pkg']
[0.191s] [34mcolcon.colcon_core.package_identification[0m [1;30mLevel 1[0m _identify(src) by extension 'colcon_pkg'
[0.191s] [34mcolcon.colcon_core.package_identification[0m [1;30mLevel 1[0m _identify(src) by extensions ['colcon_meta']
[0.191s] [34mcolcon.colcon_core.package_identification[0m [1;30mLevel 1[0m _identify(src) by extension 'colcon_meta'
[0.191s] [34mcolcon.colcon_core.package_identification[0m [1;30mLevel 1[0m _identify(src) by extensions ['ros']
[0.191s] [34mcolcon.colcon_core.package_identification[0m [1;30mLevel 1[0m _identify(src) by extension 'ros'
[0.191s] [34mcolcon.colcon_core.package_identification[0m [1;30mLevel 1[0m _identify(src) by extensions ['cargo', 'cmake', 'python']
[0.191s] [34mcolcon.colcon_core.package_identification[0m [1;30mLevel 1[0m _identify(src) by extension 'cargo'
[0.191s] [34mcolcon.colcon_core.package_identification[0m [1;30mLevel 1[0m _identify(src) by extension 'cmake'
[0.192s] [34mcolcon.colcon_core.package_identification[0m [1;30mLevel 1[0m _identify(src) by extension 'python'
[0.192s] [34mcolcon.colcon_core.package_identification[0m [1;30mLevel 1[0m _identify(src) by extensions ['python_setup_py']
[0.192s] [34mcolcon.colcon_core.package_identification[0m [1;30mLevel 1[0m _identify(src) by extension 'python_setup_py'
[0.192s] [34mcolcon.colcon_core.package_identification[0m [1;30mLevel 1[0m _identify(src/VINS-Fusion-ROS2-humble-arm) by extensions ['ignore', 'ignore_ament_install']
[0.192s] [34mcolcon.colcon_core.package_identification[0m [1;30mLevel 1[0m _identify(src/VINS-Fusion-ROS2-humble-arm) by extension 'ignore'
[0.192s] [34mcolcon.colcon_core.package_identification[0m [1;30mLevel 1[0m _identify(src/VINS-Fusion-ROS2-humble-arm) by extension 'ignore_ament_install'
[0.192s] [34mcolcon.colcon_core.package_identification[0m [1;30mLevel 1[0m _identify(src/VINS-Fusion-ROS2-humble-arm) by extensions ['cargo_workspace']
[0.192s] [34mcolcon.colcon_core.package_identification[0m [1;30mLevel 1[0m _identify(src/VINS-Fusion-ROS2-humble-arm) by extension 'cargo_workspace'
[0.192s] [34mcolcon.colcon_core.package_identification[0m [1;30mLevel 1[0m _identify(src/VINS-Fusion-ROS2-humble-arm) by extensions ['colcon_pkg']
[0.192s] [34mcolcon.colcon_core.package_identification[0m [1;30mLevel 1[0m _identify(src/VINS-Fusion-ROS2-humble-arm) by extension 'colcon_pkg'
[0.192s] [34mcolcon.colcon_core.package_identification[0m [1;30mLevel 1[0m _identify(src/VINS-Fusion-ROS2-humble-arm) by extensions ['colcon_meta']
[0.192s] [34mcolcon.colcon_core.package_identification[0m [1;30mLevel 1[0m _identify(src/VINS-Fusion-ROS2-humble-arm) by extension 'colcon_meta'
[0.192s] [34mcolcon.colcon_core.package_identification[0m [1;30mLevel 1[0m _identify(src/VINS-Fusion-ROS2-humble-arm) by extensions ['ros']
[0.192s] [34mcolcon.colcon_core.package_identification[0m [1;30mLevel 1[0m _identify(src/VINS-Fusion-ROS2-humble-arm) by extension 'ros'
[0.192s] [34mcolcon.colcon_core.package_identification[0m [1;30mLevel 1[0m _identify(src/VINS-Fusion-ROS2-humble-arm) by extensions ['cargo', 'cmake', 'python']
[0.192s] [34mcolcon.colcon_core.package_identification[0m [1;30mLevel 1[0m _identify(src/VINS-Fusion-ROS2-humble-arm) by extension 'cargo'
[0.192s] [34mcolcon.colcon_core.package_identification[0m [1;30mLevel 1[0m _identify(src/VINS-Fusion-ROS2-humble-arm) by extension 'cmake'
[0.192s] [34mcolcon.colcon_core.package_identification[0m [1;30mLevel 1[0m _identify(src/VINS-Fusion-ROS2-humble-arm) by extension 'python'
[0.192s] [34mcolcon.colcon_core.package_identification[0m [1;30mLevel 1[0m _identify(src/VINS-Fusion-ROS2-humble-arm) by extensions ['python_setup_py']
[0.192s] [34mcolcon.colcon_core.package_identification[0m [1;30mLevel 1[0m _identify(src/VINS-Fusion-ROS2-humble-arm) by extension 'python_setup_py'
[0.192s] [34mcolcon.colcon_core.package_identification[0m [1;30mLevel 1[0m _identify(src/VINS-Fusion-ROS2-humble-arm/camera_models) by extensions ['ignore', 'ignore_ament_install']
[0.192s] [34mcolcon.colcon_core.package_identification[0m [1;30mLevel 1[0m _identify(src/VINS-Fusion-ROS2-humble-arm/camera_models) by extension 'ignore'
[0.192s] [34mcolcon.colcon_core.package_identification[0m [1;30mLevel 1[0m _identify(src/VINS-Fusion-ROS2-humble-arm/camera_models) by extension 'ignore_ament_install'
[0.192s] [34mcolcon.colcon_core.package_identification[0m [1;30mLevel 1[0m _identify(src/VINS-Fusion-ROS2-humble-arm/camera_models) by extensions ['cargo_workspace']
[0.192s] [34mcolcon.colcon_core.package_identification[0m [1;30mLevel 1[0m _identify(src/VINS-Fusion-ROS2-humble-arm/camera_models) by extension 'cargo_workspace'
[0.192s] [34mcolcon.colcon_core.package_identification[0m [1;30mLevel 1[0m _identify(src/VINS-Fusion-ROS2-humble-arm/camera_models) by extensions ['colcon_pkg']
[0.192s] [34mcolcon.colcon_core.package_identification[0m [1;30mLevel 1[0m _identify(src/VINS-Fusion-ROS2-humble-arm/camera_models) by extension 'colcon_pkg'
[0.192s] [34mcolcon.colcon_core.package_identification[0m [1;30mLevel 1[0m _identify(src/VINS-Fusion-ROS2-humble-arm/camera_models) by extensions ['colcon_meta']
[0.192s] [34mcolcon.colcon_core.package_identification[0m [1;30mLevel 1[0m _identify(src/VINS-Fusion-ROS2-humble-arm/camera_models) by extension 'colcon_meta'
[0.192s] [34mcolcon.colcon_core.package_identification[0m [1;30mLevel 1[0m _identify(src/VINS-Fusion-ROS2-humble-arm/camera_models) by extensions ['ros']
[0.192s] [34mcolcon.colcon_core.package_identification[0m [1;30mLevel 1[0m _identify(src/VINS-Fusion-ROS2-humble-arm/camera_models) by extension 'ros'
[0.193s] [34mcolcon.colcon_core.package_identification[0m [1;30mDEBUG[0m [32mPackage 'src/VINS-Fusion-ROS2-humble-arm/camera_models' with type 'ros.ament_cmake' and name 'camera_models'[0m
[0.193s] [34mcolcon.colcon_core.package_identification[0m [1;30mLevel 1[0m _identify(src/VINS-Fusion-ROS2-humble-arm/config) by extensions ['ignore', 'ignore_ament_install']
[0.193s] [34mcolcon.colcon_core.package_identification[0m [1;30mLevel 1[0m _identify(src/VINS-Fusion-ROS2-humble-arm/config) by extension 'ignore'
[0.193s] [34mcolcon.colcon_core.package_identification[0m [1;30mLevel 1[0m _identify(src/VINS-Fusion-ROS2-humble-arm/config) by extension 'ignore_ament_install'
[0.193s] [34mcolcon.colcon_core.package_identification[0m [1;30mLevel 1[0m _identify(src/VINS-Fusion-ROS2-humble-arm/config) by extensions ['cargo_workspace']
[0.193s] [34mcolcon.colcon_core.package_identification[0m [1;30mLevel 1[0m _identify(src/VINS-Fusion-ROS2-humble-arm/config) by extension 'cargo_workspace'
[0.193s] [34mcolcon.colcon_core.package_identification[0m [1;30mLevel 1[0m _identify(src/VINS-Fusion-ROS2-humble-arm/config) by extensions ['colcon_pkg']
[0.193s] [34mcolcon.colcon_core.package_identification[0m [1;30mLevel 1[0m _identify(src/VINS-Fusion-ROS2-humble-arm/config) by extension 'colcon_pkg'
[0.193s] [34mcolcon.colcon_core.package_identification[0m [1;30mLevel 1[0m _identify(src/VINS-Fusion-ROS2-humble-arm/config) by extensions ['colcon_meta']
[0.193s] [34mcolcon.colcon_core.package_identification[0m [1;30mLevel 1[0m _identify(src/VINS-Fusion-ROS2-humble-arm/config) by extension 'colcon_meta'
[0.193s] [34mcolcon.colcon_core.package_identification[0m [1;30mLevel 1[0m _identify(src/VINS-Fusion-ROS2-humble-arm/config) by extensions ['ros']
[0.193s] [34mcolcon.colcon_core.package_identification[0m [1;30mLevel 1[0m _identify(src/VINS-Fusion-ROS2-humble-arm/config) by extension 'ros'
[0.193s] [34mcolcon.colcon_core.package_identification[0m [1;30mLevel 1[0m _identify(src/VINS-Fusion-ROS2-humble-arm/config) by extensions ['cargo', 'cmake', 'python']
[0.193s] [34mcolcon.colcon_core.package_identification[0m [1;30mLevel 1[0m _identify(src/VINS-Fusion-ROS2-humble-arm/config) by extension 'cargo'
[0.193s] [34mcolcon.colcon_core.package_identification[0m [1;30mLevel 1[0m _identify(src/VINS-Fusion-ROS2-humble-arm/config) by extension 'cmake'
[0.194s] [34mcolcon.colcon_core.package_identification[0m [1;30mLevel 1[0m _identify(src/VINS-Fusion-ROS2-humble-arm/config) by extension 'python'
[0.194s] [34mcolcon.colcon_core.package_identification[0m [1;30mLevel 1[0m _identify(src/VINS-Fusion-ROS2-humble-arm/config) by extensions ['python_setup_py']
[0.194s] [34mcolcon.colcon_core.package_identification[0m [1;30mLevel 1[0m _identify(src/VINS-Fusion-ROS2-humble-arm/config) by extension 'python_setup_py'
[0.194s] [34mcolcon.colcon_core.package_identification[0m [1;30mLevel 1[0m _identify(src/VINS-Fusion-ROS2-humble-arm/config/A3_ptgrey) by extensions ['ignore', 'ignore_ament_install']
[0.194s] [34mcolcon.colcon_core.package_identification[0m [1;30mLevel 1[0m _identify(src/VINS-Fusion-ROS2-humble-arm/config/A3_ptgrey) by extension 'ignore'
[0.194s] [34mcolcon.colcon_core.package_identification[0m [1;30mLevel 1[0m _identify(src/VINS-Fusion-ROS2-humble-arm/config/A3_ptgrey) by extension 'ignore_ament_install'
[0.194s] [34mcolcon.colcon_core.package_identification[0m [1;30mLevel 1[0m _identify(src/VINS-Fusion-ROS2-humble-arm/config/A3_ptgrey) by extensions ['cargo_workspace']
[0.194s] [34mcolcon.colcon_core.package_identification[0m [1;30mLevel 1[0m _identify(src/VINS-Fusion-ROS2-humble-arm/config/A3_ptgrey) by extension 'cargo_workspace'
[0.194s] [34mcolcon.colcon_core.package_identification[0m [1;30mLevel 1[0m _identify(src/VINS-Fusion-ROS2-humble-arm/config/A3_ptgrey) by extensions ['colcon_pkg']
[0.194s] [34mcolcon.colcon_core.package_identification[0m [1;30mLevel 1[0m _identify(src/VINS-Fusion-ROS2-humble-arm/config/A3_ptgrey) by extension 'colcon_pkg'
[0.194s] [34mcolcon.colcon_core.package_identification[0m [1;30mLevel 1[0m _identify(src/VINS-Fusion-ROS2-humble-arm/config/A3_ptgrey) by extensions ['colcon_meta']
[0.194s] [34mcolcon.colcon_core.package_identification[0m [1;30mLevel 1[0m _identify(src/VINS-Fusion-ROS2-humble-arm/config/A3_ptgrey) by extension 'colcon_meta'
[0.194s] [34mcolcon.colcon_core.package_identification[0m [1;30mLevel 1[0m _identify(src/VINS-Fusion-ROS2-humble-arm/config/A3_ptgrey) by extensions ['ros']
[0.194s] [34mcolcon.colcon_core.package_identification[0m [1;30mLevel 1[0m _identify(src/VINS-Fusion-ROS2-humble-arm/config/A3_ptgrey) by extension 'ros'
[0.194s] [34mcolcon.colcon_core.package_identification[0m [1;30mLevel 1[0m _identify(src/VINS-Fusion-ROS2-humble-arm/config/A3_ptgrey) by extensions ['cargo', 'cmake', 'python']
[0.194s] [34mcolcon.colcon_core.package_identification[0m [1;30mLevel 1[0m _identify(src/VINS-Fusion-ROS2-humble-arm/config/A3_ptgrey) by extension 'cargo'
[0.194s] [34mcolcon.colcon_core.package_identification[0m [1;30mLevel 1[0m _identify(src/VINS-Fusion-ROS2-humble-arm/config/A3_ptgrey) by extension 'cmake'
[0.194s] [34mcolcon.colcon_core.package_identification[0m [1;30mLevel 1[0m _identify(src/VINS-Fusion-ROS2-humble-arm/config/A3_ptgrey) by extension 'python'
[0.194s] [34mcolcon.colcon_core.package_identification[0m [1;30mLevel 1[0m _identify(src/VINS-Fusion-ROS2-humble-arm/config/A3_ptgrey) by extensions ['python_setup_py']
[0.194s] [34mcolcon.colcon_core.package_identification[0m [1;30mLevel 1[0m _identify(src/VINS-Fusion-ROS2-humble-arm/config/A3_ptgrey) by extension 'python_setup_py'
[0.194s] [34mcolcon.colcon_core.package_identification[0m [1;30mLevel 1[0m _identify(src/VINS-Fusion-ROS2-humble-arm/config/euroc) by extensions ['ignore', 'ignore_ament_install']
[0.194s] [34mcolcon.colcon_core.package_identification[0m [1;30mLevel 1[0m _identify(src/VINS-Fusion-ROS2-humble-arm/config/euroc) by extension 'ignore'
[0.194s] [34mcolcon.colcon_core.package_identification[0m [1;30mLevel 1[0m _identify(src/VINS-Fusion-ROS2-humble-arm/config/euroc) by extension 'ignore_ament_install'
[0.194s] [34mcolcon.colcon_core.package_identification[0m [1;30mLevel 1[0m _identify(src/VINS-Fusion-ROS2-humble-arm/config/euroc) by extensions ['cargo_workspace']
[0.194s] [34mcolcon.colcon_core.package_identification[0m [1;30mLevel 1[0m _identify(src/VINS-Fusion-ROS2-humble-arm/config/euroc) by extension 'cargo_workspace'
[0.194s] [34mcolcon.colcon_core.package_identification[0m [1;30mLevel 1[0m _identify(src/VINS-Fusion-ROS2-humble-arm/config/euroc) by extensions ['colcon_pkg']
[0.194s] [34mcolcon.colcon_core.package_identification[0m [1;30mLevel 1[0m _identify(src/VINS-Fusion-ROS2-humble-arm/config/euroc) by extension 'colcon_pkg'
[0.194s] [34mcolcon.colcon_core.package_identification[0m [1;30mLevel 1[0m _identify(src/VINS-Fusion-ROS2-humble-arm/config/euroc) by extensions ['colcon_meta']
[0.194s] [34mcolcon.colcon_core.package_identification[0m [1;30mLevel 1[0m _identify(src/VINS-Fusion-ROS2-humble-arm/config/euroc) by extension 'colcon_meta'
[0.194s] [34mcolcon.colcon_core.package_identification[0m [1;30mLevel 1[0m _identify(src/VINS-Fusion-ROS2-humble-arm/config/euroc) by extensions ['ros']
[0.194s] [34mcolcon.colcon_core.package_identification[0m [1;30mLevel 1[0m _identify(src/VINS-Fusion-ROS2-humble-arm/config/euroc) by extension 'ros'
[0.194s] [34mcolcon.colcon_core.package_identification[0m [1;30mLevel 1[0m _identify(src/VINS-Fusion-ROS2-humble-arm/config/euroc) by extensions ['cargo', 'cmake', 'python']
[0.194s] [34mcolcon.colcon_core.package_identification[0m [1;30mLevel 1[0m _identify(src/VINS-Fusion-ROS2-humble-arm/config/euroc) by extension 'cargo'
[0.194s] [34mcolcon.colcon_core.package_identification[0m [1;30mLevel 1[0m _identify(src/VINS-Fusion-ROS2-humble-arm/config/euroc) by extension 'cmake'
[0.194s] [34mcolcon.colcon_core.package_identification[0m [1;30mLevel 1[0m _identify(src/VINS-Fusion-ROS2-humble-arm/config/euroc) by extension 'python'
[0.194s] [34mcolcon.colcon_core.package_identification[0m [1;30mLevel 1[0m _identify(src/VINS-Fusion-ROS2-humble-arm/config/euroc) by extensions ['python_setup_py']
[0.194s] [34mcolcon.colcon_core.package_identification[0m [1;30mLevel 1[0m _identify(src/VINS-Fusion-ROS2-humble-arm/config/euroc) by extension 'python_setup_py'
[0.194s] [34mcolcon.colcon_core.package_identification[0m [1;30mLevel 1[0m _identify(src/VINS-Fusion-ROS2-humble-arm/config/kitti_odom) by extensions ['ignore', 'ignore_ament_install']
[0.194s] [34mcolcon.colcon_core.package_identification[0m [1;30mLevel 1[0m _identify(src/VINS-Fusion-ROS2-humble-arm/config/kitti_odom) by extension 'ignore'
[0.194s] [34mcolcon.colcon_core.package_identification[0m [1;30mLevel 1[0m _identify(src/VINS-Fusion-ROS2-humble-arm/config/kitti_odom) by extension 'ignore_ament_install'
[0.194s] [34mcolcon.colcon_core.package_identification[0m [1;30mLevel 1[0m _identify(src/VINS-Fusion-ROS2-humble-arm/config/kitti_odom) by extensions ['cargo_workspace']
[0.194s] [34mcolcon.colcon_core.package_identification[0m [1;30mLevel 1[0m _identify(src/VINS-Fusion-ROS2-humble-arm/config/kitti_odom) by extension 'cargo_workspace'
[0.194s] [34mcolcon.colcon_core.package_identification[0m [1;30mLevel 1[0m _identify(src/VINS-Fusion-ROS2-humble-arm/config/kitti_odom) by extensions ['colcon_pkg']
[0.194s] [34mcolcon.colcon_core.package_identification[0m [1;30mLevel 1[0m _identify(src/VINS-Fusion-ROS2-humble-arm/config/kitti_odom) by extension 'colcon_pkg'
[0.194s] [34mcolcon.colcon_core.package_identification[0m [1;30mLevel 1[0m _identify(src/VINS-Fusion-ROS2-humble-arm/config/kitti_odom) by extensions ['colcon_meta']
[0.194s] [34mcolcon.colcon_core.package_identification[0m [1;30mLevel 1[0m _identify(src/VINS-Fusion-ROS2-humble-arm/config/kitti_odom) by extension 'colcon_meta'
[0.194s] [34mcolcon.colcon_core.package_identification[0m [1;30mLevel 1[0m _identify(src/VINS-Fusion-ROS2-humble-arm/config/kitti_odom) by extensions ['ros']
[0.194s] [34mcolcon.colcon_core.package_identification[0m [1;30mLevel 1[0m _identify(src/VINS-Fusion-ROS2-humble-arm/config/kitti_odom) by extension 'ros'
[0.194s] [34mcolcon.colcon_core.package_identification[0m [1;30mLevel 1[0m _identify(src/VINS-Fusion-ROS2-humble-arm/config/kitti_odom) by extensions ['cargo', 'cmake', 'python']
[0.194s] [34mcolcon.colcon_core.package_identification[0m [1;30mLevel 1[0m _identify(src/VINS-Fusion-ROS2-humble-arm/config/kitti_odom) by extension 'cargo'
[0.194s] [34mcolcon.colcon_core.package_identification[0m [1;30mLevel 1[0m _identify(src/VINS-Fusion-ROS2-humble-arm/config/kitti_odom) by extension 'cmake'
[0.194s] [34mcolcon.colcon_core.package_identification[0m [1;30mLevel 1[0m _identify(src/VINS-Fusion-ROS2-humble-arm/config/kitti_odom) by extension 'python'
[0.194s] [34mcolcon.colcon_core.package_identification[0m [1;30mLevel 1[0m _identify(src/VINS-Fusion-ROS2-humble-arm/config/kitti_odom) by extensions ['python_setup_py']
[0.194s] [34mcolcon.colcon_core.package_identification[0m [1;30mLevel 1[0m _identify(src/VINS-Fusion-ROS2-humble-arm/config/kitti_odom) by extension 'python_setup_py'
[0.194s] [34mcolcon.colcon_core.package_identification[0m [1;30mLevel 1[0m _identify(src/VINS-Fusion-ROS2-humble-arm/config/kitti_raw) by extensions ['ignore', 'ignore_ament_install']
[0.195s] [34mcolcon.colcon_core.package_identification[0m [1;30mLevel 1[0m _identify(src/VINS-Fusion-ROS2-humble-arm/config/kitti_raw) by extension 'ignore'
[0.195s] [34mcolcon.colcon_core.package_identification[0m [1;30mLevel 1[0m _identify(src/VINS-Fusion-ROS2-humble-arm/config/kitti_raw) by extension 'ignore_ament_install'
[0.195s] [34mcolcon.colcon_core.package_identification[0m [1;30mLevel 1[0m _identify(src/VINS-Fusion-ROS2-humble-arm/config/kitti_raw) by extensions ['cargo_workspace']
[0.195s] [34mcolcon.colcon_core.package_identification[0m [1;30mLevel 1[0m _identify(src/VINS-Fusion-ROS2-humble-arm/config/kitti_raw) by extension 'cargo_workspace'
[0.195s] [34mcolcon.colcon_core.package_identification[0m [1;30mLevel 1[0m _identify(src/VINS-Fusion-ROS2-humble-arm/config/kitti_raw) by extensions ['colcon_pkg']
[0.195s] [34mcolcon.colcon_core.package_identification[0m [1;30mLevel 1[0m _identify(src/VINS-Fusion-ROS2-humble-arm/config/kitti_raw) by extension 'colcon_pkg'
[0.195s] [34mcolcon.colcon_core.package_identification[0m [1;30mLevel 1[0m _identify(src/VINS-Fusion-ROS2-humble-arm/config/kitti_raw) by extensions ['colcon_meta']
[0.195s] [34mcolcon.colcon_core.package_identification[0m [1;30mLevel 1[0m _identify(src/VINS-Fusion-ROS2-humble-arm/config/kitti_raw) by extension 'colcon_meta'
[0.195s] [34mcolcon.colcon_core.package_identification[0m [1;30mLevel 1[0m _identify(src/VINS-Fusion-ROS2-humble-arm/config/kitti_raw) by extensions ['ros']
[0.195s] [34mcolcon.colcon_core.package_identification[0m [1;30mLevel 1[0m _identify(src/VINS-Fusion-ROS2-humble-arm/config/kitti_raw) by extension 'ros'
[0.195s] [34mcolcon.colcon_core.package_identification[0m [1;30mLevel 1[0m _identify(src/VINS-Fusion-ROS2-humble-arm/config/kitti_raw) by extensions ['cargo', 'cmake', 'python']
[0.195s] [34mcolcon.colcon_core.package_identification[0m [1;30mLevel 1[0m _identify(src/VINS-Fusion-ROS2-humble-arm/config/kitti_raw) by extension 'cargo'
[0.195s] [34mcolcon.colcon_core.package_identification[0m [1;30mLevel 1[0m _identify(src/VINS-Fusion-ROS2-humble-arm/config/kitti_raw) by extension 'cmake'
[0.195s] [34mcolcon.colcon_core.package_identification[0m [1;30mLevel 1[0m _identify(src/VINS-Fusion-ROS2-humble-arm/config/kitti_raw) by extension 'python'
[0.195s] [34mcolcon.colcon_core.package_identification[0m [1;30mLevel 1[0m _identify(src/VINS-Fusion-ROS2-humble-arm/config/kitti_raw) by extensions ['python_setup_py']
[0.195s] [34mcolcon.colcon_core.package_identification[0m [1;30mLevel 1[0m _identify(src/VINS-Fusion-ROS2-humble-arm/config/kitti_raw) by extension 'python_setup_py'
[0.195s] [34mcolcon.colcon_core.package_identification[0m [1;30mLevel 1[0m _identify(src/VINS-Fusion-ROS2-humble-arm/config/morroco) by extensions ['ignore', 'ignore_ament_install']
[0.195s] [34mcolcon.colcon_core.package_identification[0m [1;30mLevel 1[0m _identify(src/VINS-Fusion-ROS2-humble-arm/config/morroco) by extension 'ignore'
[0.195s] [34mcolcon.colcon_core.package_identification[0m [1;30mLevel 1[0m _identify(src/VINS-Fusion-ROS2-humble-arm/config/morroco) by extension 'ignore_ament_install'
[0.195s] [34mcolcon.colcon_core.package_identification[0m [1;30mLevel 1[0m _identify(src/VINS-Fusion-ROS2-humble-arm/config/morroco) by extensions ['cargo_workspace']
[0.195s] [34mcolcon.colcon_core.package_identification[0m [1;30mLevel 1[0m _identify(src/VINS-Fusion-ROS2-humble-arm/config/morroco) by extension 'cargo_workspace'
[0.195s] [34mcolcon.colcon_core.package_identification[0m [1;30mLevel 1[0m _identify(src/VINS-Fusion-ROS2-humble-arm/config/morroco) by extensions ['colcon_pkg']
[0.195s] [34mcolcon.colcon_core.package_identification[0m [1;30mLevel 1[0m _identify(src/VINS-Fusion-ROS2-humble-arm/config/morroco) by extension 'colcon_pkg'
[0.195s] [34mcolcon.colcon_core.package_identification[0m [1;30mLevel 1[0m _identify(src/VINS-Fusion-ROS2-humble-arm/config/morroco) by extensions ['colcon_meta']
[0.195s] [34mcolcon.colcon_core.package_identification[0m [1;30mLevel 1[0m _identify(src/VINS-Fusion-ROS2-humble-arm/config/morroco) by extension 'colcon_meta'
[0.195s] [34mcolcon.colcon_core.package_identification[0m [1;30mLevel 1[0m _identify(src/VINS-Fusion-ROS2-humble-arm/config/morroco) by extensions ['ros']
[0.195s] [34mcolcon.colcon_core.package_identification[0m [1;30mLevel 1[0m _identify(src/VINS-Fusion-ROS2-humble-arm/config/morroco) by extension 'ros'
[0.195s] [34mcolcon.colcon_core.package_identification[0m [1;30mLevel 1[0m _identify(src/VINS-Fusion-ROS2-humble-arm/config/morroco) by extensions ['cargo', 'cmake', 'python']
[0.195s] [34mcolcon.colcon_core.package_identification[0m [1;30mLevel 1[0m _identify(src/VINS-Fusion-ROS2-humble-arm/config/morroco) by extension 'cargo'
[0.195s] [34mcolcon.colcon_core.package_identification[0m [1;30mLevel 1[0m _identify(src/VINS-Fusion-ROS2-humble-arm/config/morroco) by extension 'cmake'
[0.195s] [34mcolcon.colcon_core.package_identification[0m [1;30mLevel 1[0m _identify(src/VINS-Fusion-ROS2-humble-arm/config/morroco) by extension 'python'
[0.195s] [34mcolcon.colcon_core.package_identification[0m [1;30mLevel 1[0m _identify(src/VINS-Fusion-ROS2-humble-arm/config/morroco) by extensions ['python_setup_py']
[0.195s] [34mcolcon.colcon_core.package_identification[0m [1;30mLevel 1[0m _identify(src/VINS-Fusion-ROS2-humble-arm/config/morroco) by extension 'python_setup_py'
[0.195s] [34mcolcon.colcon_core.package_identification[0m [1;30mLevel 1[0m _identify(src/VINS-Fusion-ROS2-humble-arm/config/mynteye) by extensions ['ignore', 'ignore_ament_install']
[0.195s] [34mcolcon.colcon_core.package_identification[0m [1;30mLevel 1[0m _identify(src/VINS-Fusion-ROS2-humble-arm/config/mynteye) by extension 'ignore'
[0.195s] [34mcolcon.colcon_core.package_identification[0m [1;30mLevel 1[0m _identify(src/VINS-Fusion-ROS2-humble-arm/config/mynteye) by extension 'ignore_ament_install'
[0.195s] [34mcolcon.colcon_core.package_identification[0m [1;30mLevel 1[0m _identify(src/VINS-Fusion-ROS2-humble-arm/config/mynteye) by extensions ['cargo_workspace']
[0.195s] [34mcolcon.colcon_core.package_identification[0m [1;30mLevel 1[0m _identify(src/VINS-Fusion-ROS2-humble-arm/config/mynteye) by extension 'cargo_workspace'
[0.195s] [34mcolcon.colcon_core.package_identification[0m [1;30mLevel 1[0m _identify(src/VINS-Fusion-ROS2-humble-arm/config/mynteye) by extensions ['colcon_pkg']
[0.195s] [34mcolcon.colcon_core.package_identification[0m [1;30mLevel 1[0m _identify(src/VINS-Fusion-ROS2-humble-arm/config/mynteye) by extension 'colcon_pkg'
[0.195s] [34mcolcon.colcon_core.package_identification[0m [1;30mLevel 1[0m _identify(src/VINS-Fusion-ROS2-humble-arm/config/mynteye) by extensions ['colcon_meta']
[0.195s] [34mcolcon.colcon_core.package_identification[0m [1;30mLevel 1[0m _identify(src/VINS-Fusion-ROS2-humble-arm/config/mynteye) by extension 'colcon_meta'
[0.195s] [34mcolcon.colcon_core.package_identification[0m [1;30mLevel 1[0m _identify(src/VINS-Fusion-ROS2-humble-arm/config/mynteye) by extensions ['ros']
[0.195s] [34mcolcon.colcon_core.package_identification[0m [1;30mLevel 1[0m _identify(src/VINS-Fusion-ROS2-humble-arm/config/mynteye) by extension 'ros'
[0.195s] [34mcolcon.colcon_core.package_identification[0m [1;30mLevel 1[0m _identify(src/VINS-Fusion-ROS2-humble-arm/config/mynteye) by extensions ['cargo', 'cmake', 'python']
[0.195s] [34mcolcon.colcon_core.package_identification[0m [1;30mLevel 1[0m _identify(src/VINS-Fusion-ROS2-humble-arm/config/mynteye) by extension 'cargo'
[0.195s] [34mcolcon.colcon_core.package_identification[0m [1;30mLevel 1[0m _identify(src/VINS-Fusion-ROS2-humble-arm/config/mynteye) by extension 'cmake'
[0.195s] [34mcolcon.colcon_core.package_identification[0m [1;30mLevel 1[0m _identify(src/VINS-Fusion-ROS2-humble-arm/config/mynteye) by extension 'python'
[0.195s] [34mcolcon.colcon_core.package_identification[0m [1;30mLevel 1[0m _identify(src/VINS-Fusion-ROS2-humble-arm/config/mynteye) by extensions ['python_setup_py']
[0.195s] [34mcolcon.colcon_core.package_identification[0m [1;30mLevel 1[0m _identify(src/VINS-Fusion-ROS2-humble-arm/config/mynteye) by extension 'python_setup_py'
[0.195s] [34mcolcon.colcon_core.package_identification[0m [1;30mLevel 1[0m _identify(src/VINS-Fusion-ROS2-humble-arm/config/realsense_d435i) by extensions ['ignore', 'ignore_ament_install']
[0.195s] [34mcolcon.colcon_core.package_identification[0m [1;30mLevel 1[0m _identify(src/VINS-Fusion-ROS2-humble-arm/config/realsense_d435i) by extension 'ignore'
[0.195s] [34mcolcon.colcon_core.package_identification[0m [1;30mLevel 1[0m _identify(src/VINS-Fusion-ROS2-humble-arm/config/realsense_d435i) by extension 'ignore_ament_install'
[0.195s] [34mcolcon.colcon_core.package_identification[0m [1;30mLevel 1[0m _identify(src/VINS-Fusion-ROS2-humble-arm/config/realsense_d435i) by extensions ['cargo_workspace']
[0.195s] [34mcolcon.colcon_core.package_identification[0m [1;30mLevel 1[0m _identify(src/VINS-Fusion-ROS2-humble-arm/config/realsense_d435i) by extension 'cargo_workspace'
[0.195s] [34mcolcon.colcon_core.package_identification[0m [1;30mLevel 1[0m _identify(src/VINS-Fusion-ROS2-humble-arm/config/realsense_d435i) by extensions ['colcon_pkg']
[0.195s] [34mcolcon.colcon_core.package_identification[0m [1;30mLevel 1[0m _identify(src/VINS-Fusion-ROS2-humble-arm/config/realsense_d435i) by extension 'colcon_pkg'
[0.195s] [34mcolcon.colcon_core.package_identification[0m [1;30mLevel 1[0m _identify(src/VINS-Fusion-ROS2-humble-arm/config/realsense_d435i) by extensions ['colcon_meta']
[0.195s] [34mcolcon.colcon_core.package_identification[0m [1;30mLevel 1[0m _identify(src/VINS-Fusion-ROS2-humble-arm/config/realsense_d435i) by extension 'colcon_meta'
[0.195s] [34mcolcon.colcon_core.package_identification[0m [1;30mLevel 1[0m _identify(src/VINS-Fusion-ROS2-humble-arm/config/realsense_d435i) by extensions ['ros']
[0.195s] [34mcolcon.colcon_core.package_identification[0m [1;30mLevel 1[0m _identify(src/VINS-Fusion-ROS2-humble-arm/config/realsense_d435i) by extension 'ros'
[0.196s] [34mcolcon.colcon_core.package_identification[0m [1;30mLevel 1[0m _identify(src/VINS-Fusion-ROS2-humble-arm/config/realsense_d435i) by extensions ['cargo', 'cmake', 'python']
[0.196s] [34mcolcon.colcon_core.package_identification[0m [1;30mLevel 1[0m _identify(src/VINS-Fusion-ROS2-humble-arm/config/realsense_d435i) by extension 'cargo'
[0.196s] [34mcolcon.colcon_core.package_identification[0m [1;30mLevel 1[0m _identify(src/VINS-Fusion-ROS2-humble-arm/config/realsense_d435i) by extension 'cmake'
[0.196s] [34mcolcon.colcon_core.package_identification[0m [1;30mLevel 1[0m _identify(src/VINS-Fusion-ROS2-humble-arm/config/realsense_d435i) by extension 'python'
[0.196s] [34mcolcon.colcon_core.package_identification[0m [1;30mLevel 1[0m _identify(src/VINS-Fusion-ROS2-humble-arm/config/realsense_d435i) by extensions ['python_setup_py']
[0.196s] [34mcolcon.colcon_core.package_identification[0m [1;30mLevel 1[0m _identify(src/VINS-Fusion-ROS2-humble-arm/config/realsense_d435i) by extension 'python_setup_py'
[0.196s] [34mcolcon.colcon_core.package_identification[0m [1;30mLevel 1[0m _identify(src/VINS-Fusion-ROS2-humble-arm/config/simulation) by extensions ['ignore', 'ignore_ament_install']
[0.196s] [34mcolcon.colcon_core.package_identification[0m [1;30mLevel 1[0m _identify(src/VINS-Fusion-ROS2-humble-arm/config/simulation) by extension 'ignore'
[0.196s] [34mcolcon.colcon_core.package_identification[0m [1;30mLevel 1[0m _identify(src/VINS-Fusion-ROS2-humble-arm/config/simulation) by extension 'ignore_ament_install'
[0.196s] [34mcolcon.colcon_core.package_identification[0m [1;30mLevel 1[0m _identify(src/VINS-Fusion-ROS2-humble-arm/config/simulation) by extensions ['cargo_workspace']
[0.196s] [34mcolcon.colcon_core.package_identification[0m [1;30mLevel 1[0m _identify(src/VINS-Fusion-ROS2-humble-arm/config/simulation) by extension 'cargo_workspace'
[0.196s] [34mcolcon.colcon_core.package_identification[0m [1;30mLevel 1[0m _identify(src/VINS-Fusion-ROS2-humble-arm/config/simulation) by extensions ['colcon_pkg']
[0.196s] [34mcolcon.colcon_core.package_identification[0m [1;30mLevel 1[0m _identify(src/VINS-Fusion-ROS2-humble-arm/config/simulation) by extension 'colcon_pkg'
[0.196s] [34mcolcon.colcon_core.package_identification[0m [1;30mLevel 1[0m _identify(src/VINS-Fusion-ROS2-humble-arm/config/simulation) by extensions ['colcon_meta']
[0.196s] [34mcolcon.colcon_core.package_identification[0m [1;30mLevel 1[0m _identify(src/VINS-Fusion-ROS2-humble-arm/config/simulation) by extension 'colcon_meta'
[0.196s] [34mcolcon.colcon_core.package_identification[0m [1;30mLevel 1[0m _identify(src/VINS-Fusion-ROS2-humble-arm/config/simulation) by extensions ['ros']
[0.196s] [34mcolcon.colcon_core.package_identification[0m [1;30mLevel 1[0m _identify(src/VINS-Fusion-ROS2-humble-arm/config/simulation) by extension 'ros'
[0.196s] [34mcolcon.colcon_core.package_identification[0m [1;30mLevel 1[0m _identify(src/VINS-Fusion-ROS2-humble-arm/config/simulation) by extensions ['cargo', 'cmake', 'python']
[0.196s] [34mcolcon.colcon_core.package_identification[0m [1;30mLevel 1[0m _identify(src/VINS-Fusion-ROS2-humble-arm/config/simulation) by extension 'cargo'
[0.196s] [34mcolcon.colcon_core.package_identification[0m [1;30mLevel 1[0m _identify(src/VINS-Fusion-ROS2-humble-arm/config/simulation) by extension 'cmake'
[0.196s] [34mcolcon.colcon_core.package_identification[0m [1;30mLevel 1[0m _identify(src/VINS-Fusion-ROS2-humble-arm/config/simulation) by extension 'python'
[0.196s] [34mcolcon.colcon_core.package_identification[0m [1;30mLevel 1[0m _identify(src/VINS-Fusion-ROS2-humble-arm/config/simulation) by extensions ['python_setup_py']
[0.196s] [34mcolcon.colcon_core.package_identification[0m [1;30mLevel 1[0m _identify(src/VINS-Fusion-ROS2-humble-arm/config/simulation) by extension 'python_setup_py'
[0.196s] [34mcolcon.colcon_core.package_identification[0m [1;30mLevel 1[0m _identify(src/VINS-Fusion-ROS2-humble-arm/config/vi_car) by extensions ['ignore', 'ignore_ament_install']
[0.196s] [34mcolcon.colcon_core.package_identification[0m [1;30mLevel 1[0m _identify(src/VINS-Fusion-ROS2-humble-arm/config/vi_car) by extension 'ignore'
[0.196s] [34mcolcon.colcon_core.package_identification[0m [1;30mLevel 1[0m _identify(src/VINS-Fusion-ROS2-humble-arm/config/vi_car) by extension 'ignore_ament_install'
[0.196s] [34mcolcon.colcon_core.package_identification[0m [1;30mLevel 1[0m _identify(src/VINS-Fusion-ROS2-humble-arm/config/vi_car) by extensions ['cargo_workspace']
[0.196s] [34mcolcon.colcon_core.package_identification[0m [1;30mLevel 1[0m _identify(src/VINS-Fusion-ROS2-humble-arm/config/vi_car) by extension 'cargo_workspace'
[0.196s] [34mcolcon.colcon_core.package_identification[0m [1;30mLevel 1[0m _identify(src/VINS-Fusion-ROS2-humble-arm/config/vi_car) by extensions ['colcon_pkg']
[0.196s] [34mcolcon.colcon_core.package_identification[0m [1;30mLevel 1[0m _identify(src/VINS-Fusion-ROS2-humble-arm/config/vi_car) by extension 'colcon_pkg'
[0.196s] [34mcolcon.colcon_core.package_identification[0m [1;30mLevel 1[0m _identify(src/VINS-Fusion-ROS2-humble-arm/config/vi_car) by extensions ['colcon_meta']
[0.196s] [34mcolcon.colcon_core.package_identification[0m [1;30mLevel 1[0m _identify(src/VINS-Fusion-ROS2-humble-arm/config/vi_car) by extension 'colcon_meta'
[0.196s] [34mcolcon.colcon_core.package_identification[0m [1;30mLevel 1[0m _identify(src/VINS-Fusion-ROS2-humble-arm/config/vi_car) by extensions ['ros']
[0.196s] [34mcolcon.colcon_core.package_identification[0m [1;30mLevel 1[0m _identify(src/VINS-Fusion-ROS2-humble-arm/config/vi_car) by extension 'ros'
[0.196s] [34mcolcon.colcon_core.package_identification[0m [1;30mLevel 1[0m _identify(src/VINS-Fusion-ROS2-humble-arm/config/vi_car) by extensions ['cargo', 'cmake', 'python']
[0.196s] [34mcolcon.colcon_core.package_identification[0m [1;30mLevel 1[0m _identify(src/VINS-Fusion-ROS2-humble-arm/config/vi_car) by extension 'cargo'
[0.196s] [34mcolcon.colcon_core.package_identification[0m [1;30mLevel 1[0m _identify(src/VINS-Fusion-ROS2-humble-arm/config/vi_car) by extension 'cmake'
[0.196s] [34mcolcon.colcon_core.package_identification[0m [1;30mLevel 1[0m _identify(src/VINS-Fusion-ROS2-humble-arm/config/vi_car) by extension 'python'
[0.196s] [34mcolcon.colcon_core.package_identification[0m [1;30mLevel 1[0m _identify(src/VINS-Fusion-ROS2-humble-arm/config/vi_car) by extensions ['python_setup_py']
[0.196s] [34mcolcon.colcon_core.package_identification[0m [1;30mLevel 1[0m _identify(src/VINS-Fusion-ROS2-humble-arm/config/vi_car) by extension 'python_setup_py'
[0.196s] [34mcolcon.colcon_core.package_identification[0m [1;30mLevel 1[0m _identify(src/VINS-Fusion-ROS2-humble-arm/docker) by extensions ['ignore', 'ignore_ament_install']
[0.196s] [34mcolcon.colcon_core.package_identification[0m [1;30mLevel 1[0m _identify(src/VINS-Fusion-ROS2-humble-arm/docker) by extension 'ignore'
[0.196s] [34mcolcon.colcon_core.package_identification[0m [1;30mLevel 1[0m _identify(src/VINS-Fusion-ROS2-humble-arm/docker) by extension 'ignore_ament_install'
[0.196s] [34mcolcon.colcon_core.package_identification[0m [1;30mLevel 1[0m _identify(src/VINS-Fusion-ROS2-humble-arm/docker) by extensions ['cargo_workspace']
[0.196s] [34mcolcon.colcon_core.package_identification[0m [1;30mLevel 1[0m _identify(src/VINS-Fusion-ROS2-humble-arm/docker) by extension 'cargo_workspace'
[0.196s] [34mcolcon.colcon_core.package_identification[0m [1;30mLevel 1[0m _identify(src/VINS-Fusion-ROS2-humble-arm/docker) by extensions ['colcon_pkg']
[0.196s] [34mcolcon.colcon_core.package_identification[0m [1;30mLevel 1[0m _identify(src/VINS-Fusion-ROS2-humble-arm/docker) by extension 'colcon_pkg'
[0.196s] [34mcolcon.colcon_core.package_identification[0m [1;30mLevel 1[0m _identify(src/VINS-Fusion-ROS2-humble-arm/docker) by extensions ['colcon_meta']
[0.196s] [34mcolcon.colcon_core.package_identification[0m [1;30mLevel 1[0m _identify(src/VINS-Fusion-ROS2-humble-arm/docker) by extension 'colcon_meta'
[0.196s] [34mcolcon.colcon_core.package_identification[0m [1;30mLevel 1[0m _identify(src/VINS-Fusion-ROS2-humble-arm/docker) by extensions ['ros']
[0.196s] [34mcolcon.colcon_core.package_identification[0m [1;30mLevel 1[0m _identify(src/VINS-Fusion-ROS2-humble-arm/docker) by extension 'ros'
[0.196s] [34mcolcon.colcon_core.package_identification[0m [1;30mLevel 1[0m _identify(src/VINS-Fusion-ROS2-humble-arm/docker) by extensions ['cargo', 'cmake', 'python']
[0.196s] [34mcolcon.colcon_core.package_identification[0m [1;30mLevel 1[0m _identify(src/VINS-Fusion-ROS2-humble-arm/docker) by extension 'cargo'
[0.196s] [34mcolcon.colcon_core.package_identification[0m [1;30mLevel 1[0m _identify(src/VINS-Fusion-ROS2-humble-arm/docker) by extension 'cmake'
[0.196s] [34mcolcon.colcon_core.package_identification[0m [1;30mLevel 1[0m _identify(src/VINS-Fusion-ROS2-humble-arm/docker) by extension 'python'
[0.196s] [34mcolcon.colcon_core.package_identification[0m [1;30mLevel 1[0m _identify(src/VINS-Fusion-ROS2-humble-arm/docker) by extensions ['python_setup_py']
[0.196s] [34mcolcon.colcon_core.package_identification[0m [1;30mLevel 1[0m _identify(src/VINS-Fusion-ROS2-humble-arm/docker) by extension 'python_setup_py'
[0.196s] [34mcolcon.colcon_core.package_identification[0m [1;30mLevel 1[0m _identify(src/VINS-Fusion-ROS2-humble-arm/global_fusion) by extensions ['ignore', 'ignore_ament_install']
[0.196s] [34mcolcon.colcon_core.package_identification[0m [1;30mLevel 1[0m _identify(src/VINS-Fusion-ROS2-humble-arm/global_fusion) by extension 'ignore'
[0.197s] [34mcolcon.colcon_core.package_identification[0m [1;30mLevel 1[0m _identify(src/VINS-Fusion-ROS2-humble-arm/global_fusion) by extension 'ignore_ament_install'
[0.197s] [34mcolcon.colcon_core.package_identification[0m [1;30mLevel 1[0m _identify(src/VINS-Fusion-ROS2-humble-arm/global_fusion) by extensions ['cargo_workspace']
[0.197s] [34mcolcon.colcon_core.package_identification[0m [1;30mLevel 1[0m _identify(src/VINS-Fusion-ROS2-humble-arm/global_fusion) by extension 'cargo_workspace'
[0.197s] [34mcolcon.colcon_core.package_identification[0m [1;30mLevel 1[0m _identify(src/VINS-Fusion-ROS2-humble-arm/global_fusion) by extensions ['colcon_pkg']
[0.197s] [34mcolcon.colcon_core.package_identification[0m [1;30mLevel 1[0m _identify(src/VINS-Fusion-ROS2-humble-arm/global_fusion) by extension 'colcon_pkg'
[0.197s] [34mcolcon.colcon_core.package_identification[0m [1;30mLevel 1[0m _identify(src/VINS-Fusion-ROS2-humble-arm/global_fusion) by extensions ['colcon_meta']
[0.197s] [34mcolcon.colcon_core.package_identification[0m [1;30mLevel 1[0m _identify(src/VINS-Fusion-ROS2-humble-arm/global_fusion) by extension 'colcon_meta'
[0.197s] [34mcolcon.colcon_core.package_identification[0m [1;30mLevel 1[0m _identify(src/VINS-Fusion-ROS2-humble-arm/global_fusion) by extensions ['ros']
[0.197s] [34mcolcon.colcon_core.package_identification[0m [1;30mLevel 1[0m _identify(src/VINS-Fusion-ROS2-humble-arm/global_fusion) by extension 'ros'
[0.197s] [34mcolcon.colcon_core.package_identification[0m [1;30mDEBUG[0m [32mPackage 'src/VINS-Fusion-ROS2-humble-arm/global_fusion' with type 'ros.ament_cmake' and name 'global_fusion'[0m
[0.197s] [34mcolcon.colcon_core.package_identification[0m [1;30mLevel 1[0m _identify(src/VINS-Fusion-ROS2-humble-arm/loop_fusion) by extensions ['ignore', 'ignore_ament_install']
[0.197s] [34mcolcon.colcon_core.package_identification[0m [1;30mLevel 1[0m _identify(src/VINS-Fusion-ROS2-humble-arm/loop_fusion) by extension 'ignore'
[0.197s] [34mcolcon.colcon_core.package_identification[0m [1;30mLevel 1[0m _identify(src/VINS-Fusion-ROS2-humble-arm/loop_fusion) by extension 'ignore_ament_install'
[0.197s] [34mcolcon.colcon_core.package_identification[0m [1;30mLevel 1[0m _identify(src/VINS-Fusion-ROS2-humble-arm/loop_fusion) by extensions ['cargo_workspace']
[0.197s] [34mcolcon.colcon_core.package_identification[0m [1;30mLevel 1[0m _identify(src/VINS-Fusion-ROS2-humble-arm/loop_fusion) by extension 'cargo_workspace'
[0.197s] [34mcolcon.colcon_core.package_identification[0m [1;30mLevel 1[0m _identify(src/VINS-Fusion-ROS2-humble-arm/loop_fusion) by extensions ['colcon_pkg']
[0.197s] [34mcolcon.colcon_core.package_identification[0m [1;30mLevel 1[0m _identify(src/VINS-Fusion-ROS2-humble-arm/loop_fusion) by extension 'colcon_pkg'
[0.197s] [34mcolcon.colcon_core.package_identification[0m [1;30mLevel 1[0m _identify(src/VINS-Fusion-ROS2-humble-arm/loop_fusion) by extensions ['colcon_meta']
[0.197s] [34mcolcon.colcon_core.package_identification[0m [1;30mLevel 1[0m _identify(src/VINS-Fusion-ROS2-humble-arm/loop_fusion) by extension 'colcon_meta'
[0.197s] [34mcolcon.colcon_core.package_identification[0m [1;30mLevel 1[0m _identify(src/VINS-Fusion-ROS2-humble-arm/loop_fusion) by extensions ['ros']
[0.197s] [34mcolcon.colcon_core.package_identification[0m [1;30mLevel 1[0m _identify(src/VINS-Fusion-ROS2-humble-arm/loop_fusion) by extension 'ros'
[0.198s] [34mcolcon.colcon_core.package_identification[0m [1;30mDEBUG[0m [32mPackage 'src/VINS-Fusion-ROS2-humble-arm/loop_fusion' with type 'ros.ament_cmake' and name 'loop_fusion'[0m
[0.198s] [34mcolcon.colcon_core.package_identification[0m [1;30mLevel 1[0m _identify(src/VINS-Fusion-ROS2-humble-arm/support_files) by extensions ['ignore', 'ignore_ament_install']
[0.198s] [34mcolcon.colcon_core.package_identification[0m [1;30mLevel 1[0m _identify(src/VINS-Fusion-ROS2-humble-arm/support_files) by extension 'ignore'
[0.198s] [34mcolcon.colcon_core.package_identification[0m [1;30mLevel 1[0m _identify(src/VINS-Fusion-ROS2-humble-arm/support_files) by extension 'ignore_ament_install'
[0.198s] [34mcolcon.colcon_core.package_identification[0m [1;30mLevel 1[0m _identify(src/VINS-Fusion-ROS2-humble-arm/support_files) by extensions ['cargo_workspace']
[0.198s] [34mcolcon.colcon_core.package_identification[0m [1;30mLevel 1[0m _identify(src/VINS-Fusion-ROS2-humble-arm/support_files) by extension 'cargo_workspace'
[0.198s] [34mcolcon.colcon_core.package_identification[0m [1;30mLevel 1[0m _identify(src/VINS-Fusion-ROS2-humble-arm/support_files) by extensions ['colcon_pkg']
[0.198s] [34mcolcon.colcon_core.package_identification[0m [1;30mLevel 1[0m _identify(src/VINS-Fusion-ROS2-humble-arm/support_files) by extension 'colcon_pkg'
[0.198s] [34mcolcon.colcon_core.package_identification[0m [1;30mLevel 1[0m _identify(src/VINS-Fusion-ROS2-humble-arm/support_files) by extensions ['colcon_meta']
[0.198s] [34mcolcon.colcon_core.package_identification[0m [1;30mLevel 1[0m _identify(src/VINS-Fusion-ROS2-humble-arm/support_files) by extension 'colcon_meta'
[0.198s] [34mcolcon.colcon_core.package_identification[0m [1;30mLevel 1[0m _identify(src/VINS-Fusion-ROS2-humble-arm/support_files) by extensions ['ros']
[0.198s] [34mcolcon.colcon_core.package_identification[0m [1;30mLevel 1[0m _identify(src/VINS-Fusion-ROS2-humble-arm/support_files) by extension 'ros'
[0.198s] [34mcolcon.colcon_core.package_identification[0m [1;30mLevel 1[0m _identify(src/VINS-Fusion-ROS2-humble-arm/support_files) by extensions ['cargo', 'cmake', 'python']
[0.198s] [34mcolcon.colcon_core.package_identification[0m [1;30mLevel 1[0m _identify(src/VINS-Fusion-ROS2-humble-arm/support_files) by extension 'cargo'
[0.198s] [34mcolcon.colcon_core.package_identification[0m [1;30mLevel 1[0m _identify(src/VINS-Fusion-ROS2-humble-arm/support_files) by extension 'cmake'
[0.198s] [34mcolcon.colcon_core.package_identification[0m [1;30mLevel 1[0m _identify(src/VINS-Fusion-ROS2-humble-arm/support_files) by extension 'python'
[0.198s] [34mcolcon.colcon_core.package_identification[0m [1;30mLevel 1[0m _identify(src/VINS-Fusion-ROS2-humble-arm/support_files) by extensions ['python_setup_py']
[0.198s] [34mcolcon.colcon_core.package_identification[0m [1;30mLevel 1[0m _identify(src/VINS-Fusion-ROS2-humble-arm/support_files) by extension 'python_setup_py'
[0.198s] [34mcolcon.colcon_core.package_identification[0m [1;30mLevel 1[0m _identify(src/VINS-Fusion-ROS2-humble-arm/support_files/image) by extensions ['ignore', 'ignore_ament_install']
[0.198s] [34mcolcon.colcon_core.package_identification[0m [1;30mLevel 1[0m _identify(src/VINS-Fusion-ROS2-humble-arm/support_files/image) by extension 'ignore'
[0.198s] [34mcolcon.colcon_core.package_identification[0m [1;30mLevel 1[0m _identify(src/VINS-Fusion-ROS2-humble-arm/support_files/image) by extension 'ignore_ament_install'
[0.198s] [34mcolcon.colcon_core.package_identification[0m [1;30mLevel 1[0m _identify(src/VINS-Fusion-ROS2-humble-arm/support_files/image) by extensions ['cargo_workspace']
[0.198s] [34mcolcon.colcon_core.package_identification[0m [1;30mLevel 1[0m _identify(src/VINS-Fusion-ROS2-humble-arm/support_files/image) by extension 'cargo_workspace'
[0.198s] [34mcolcon.colcon_core.package_identification[0m [1;30mLevel 1[0m _identify(src/VINS-Fusion-ROS2-humble-arm/support_files/image) by extensions ['colcon_pkg']
[0.198s] [34mcolcon.colcon_core.package_identification[0m [1;30mLevel 1[0m _identify(src/VINS-Fusion-ROS2-humble-arm/support_files/image) by extension 'colcon_pkg'
[0.198s] [34mcolcon.colcon_core.package_identification[0m [1;30mLevel 1[0m _identify(src/VINS-Fusion-ROS2-humble-arm/support_files/image) by extensions ['colcon_meta']
[0.198s] [34mcolcon.colcon_core.package_identification[0m [1;30mLevel 1[0m _identify(src/VINS-Fusion-ROS2-humble-arm/support_files/image) by extension 'colcon_meta'
[0.198s] [34mcolcon.colcon_core.package_identification[0m [1;30mLevel 1[0m _identify(src/VINS-Fusion-ROS2-humble-arm/support_files/image) by extensions ['ros']
[0.198s] [34mcolcon.colcon_core.package_identification[0m [1;30mLevel 1[0m _identify(src/VINS-Fusion-ROS2-humble-arm/support_files/image) by extension 'ros'
[0.198s] [34mcolcon.colcon_core.package_identification[0m [1;30mLevel 1[0m _identify(src/VINS-Fusion-ROS2-humble-arm/support_files/image) by extensions ['cargo', 'cmake', 'python']
[0.198s] [34mcolcon.colcon_core.package_identification[0m [1;30mLevel 1[0m _identify(src/VINS-Fusion-ROS2-humble-arm/support_files/image) by extension 'cargo'
[0.198s] [34mcolcon.colcon_core.package_identification[0m [1;30mLevel 1[0m _identify(src/VINS-Fusion-ROS2-humble-arm/support_files/image) by extension 'cmake'
[0.198s] [34mcolcon.colcon_core.package_identification[0m [1;30mLevel 1[0m _identify(src/VINS-Fusion-ROS2-humble-arm/support_files/image) by extension 'python'
[0.198s] [34mcolcon.colcon_core.package_identification[0m [1;30mLevel 1[0m _identify(src/VINS-Fusion-ROS2-humble-arm/support_files/image) by extensions ['python_setup_py']
[0.198s] [34mcolcon.colcon_core.package_identification[0m [1;30mLevel 1[0m _identify(src/VINS-Fusion-ROS2-humble-arm/support_files/image) by extension 'python_setup_py'
[0.198s] [34mcolcon.colcon_core.package_identification[0m [1;30mLevel 1[0m _identify(src/VINS-Fusion-ROS2-humble-arm/vins) by extensions ['ignore', 'ignore_ament_install']
[0.198s] [34mcolcon.colcon_core.package_identification[0m [1;30mLevel 1[0m _identify(src/VINS-Fusion-ROS2-humble-arm/vins) by extension 'ignore'
[0.198s] [34mcolcon.colcon_core.package_identification[0m [1;30mLevel 1[0m _identify(src/VINS-Fusion-ROS2-humble-arm/vins) by extension 'ignore_ament_install'
[0.198s] [34mcolcon.colcon_core.package_identification[0m [1;30mLevel 1[0m _identify(src/VINS-Fusion-ROS2-humble-arm/vins) by extensions ['cargo_workspace']
[0.198s] [34mcolcon.colcon_core.package_identification[0m [1;30mLevel 1[0m _identify(src/VINS-Fusion-ROS2-humble-arm/vins) by extension 'cargo_workspace'
[0.198s] [34mcolcon.colcon_core.package_identification[0m [1;30mLevel 1[0m _identify(src/VINS-Fusion-ROS2-humble-arm/vins) by extensions ['colcon_pkg']
[0.198s] [34mcolcon.colcon_core.package_identification[0m [1;30mLevel 1[0m _identify(src/VINS-Fusion-ROS2-humble-arm/vins) by extension 'colcon_pkg'
[0.198s] [34mcolcon.colcon_core.package_identification[0m [1;30mLevel 1[0m _identify(src/VINS-Fusion-ROS2-humble-arm/vins) by extensions ['colcon_meta']
[0.198s] [34mcolcon.colcon_core.package_identification[0m [1;30mLevel 1[0m _identify(src/VINS-Fusion-ROS2-humble-arm/vins) by extension 'colcon_meta'
[0.198s] [34mcolcon.colcon_core.package_identification[0m [1;30mLevel 1[0m _identify(src/VINS-Fusion-ROS2-humble-arm/vins) by extensions ['ros']
[0.198s] [34mcolcon.colcon_core.package_identification[0m [1;30mLevel 1[0m _identify(src/VINS-Fusion-ROS2-humble-arm/vins) by extension 'ros'
[0.199s] [34mcolcon.colcon_core.package_identification[0m [1;30mDEBUG[0m [32mPackage 'src/VINS-Fusion-ROS2-humble-arm/vins' with type 'ros.ament_cmake' and name 'vins'[0m
[0.199s] [34mcolcon.colcon_core.package_identification[0m [1;30mLevel 1[0m _identify(terrain) by extensions ['ignore', 'ignore_ament_install']
[0.199s] [34mcolcon.colcon_core.package_identification[0m [1;30mLevel 1[0m _identify(terrain) by extension 'ignore'
[0.199s] [34mcolcon.colcon_core.package_identification[0m [1;30mLevel 1[0m _identify(terrain) by extension 'ignore_ament_install'
[0.199s] [34mcolcon.colcon_core.package_identification[0m [1;30mLevel 1[0m _identify(terrain) by extensions ['cargo_workspace']
[0.199s] [34mcolcon.colcon_core.package_identification[0m [1;30mLevel 1[0m _identify(terrain) by extension 'cargo_workspace'
[0.199s] [34mcolcon.colcon_core.package_identification[0m [1;30mLevel 1[0m _identify(terrain) by extensions ['colcon_pkg']
[0.199s] [34mcolcon.colcon_core.package_identification[0m [1;30mLevel 1[0m _identify(terrain) by extension 'colcon_pkg'
[0.199s] [34mcolcon.colcon_core.package_identification[0m [1;30mLevel 1[0m _identify(terrain) by extensions ['colcon_meta']
[0.199s] [34mcolcon.colcon_core.package_identification[0m [1;30mLevel 1[0m _identify(terrain) by extension 'colcon_meta'
[0.199s] [34mcolcon.colcon_core.package_identification[0m [1;30mLevel 1[0m _identify(terrain) by extensions ['ros']
[0.199s] [34mcolcon.colcon_core.package_identification[0m [1;30mLevel 1[0m _identify(terrain) by extension 'ros'
[0.199s] [34mcolcon.colcon_core.package_identification[0m [1;30mLevel 1[0m _identify(terrain) by extensions ['cargo', 'cmake', 'python']
[0.199s] [34mcolcon.colcon_core.package_identification[0m [1;30mLevel 1[0m _identify(terrain) by extension 'cargo'
[0.199s] [34mcolcon.colcon_core.package_identification[0m [1;30mLevel 1[0m _identify(terrain) by extension 'cmake'
[0.199s] [34mcolcon.colcon_core.package_identification[0m [1;30mLevel 1[0m _identify(terrain) by extension 'python'
[0.199s] [34mcolcon.colcon_core.package_identification[0m [1;30mLevel 1[0m _identify(terrain) by extensions ['python_setup_py']
[0.199s] [34mcolcon.colcon_core.package_identification[0m [1;30mLevel 1[0m _identify(terrain) by extension 'python_setup_py'
[0.199s] [34mcolcon.colcon_core.package_discovery[0m [1;30mLevel 1[0m discover_packages(recursive) using defaults
[0.199s] [34mcolcon.colcon_core.package_discovery[0m [1;30mLevel 1[0m discover_packages(ignore) discover
[0.199s] [34mcolcon.colcon_core.package_discovery[0m [1;30mLevel 1[0m discover_packages(ignore) using defaults
[0.199s] [34mcolcon.colcon_core.package_discovery[0m [1;30mLevel 1[0m discover_packages(path) discover
[0.199s] [34mcolcon.colcon_core.package_discovery[0m [1;30mLevel 1[0m discover_packages(path) using defaults
[0.199s] [34mcolcon.colcon_core.package_discovery[0m [1;30mLevel 1[0m discover_packages(cargo_workspace) discover
[0.199s] [34mcolcon.colcon_core.package_discovery[0m [1;30mLevel 1[0m discover_packages(cargo_workspace) using defaults
[0.208s] [34mcolcon.colcon_core.package_discovery[0m [1;30mLevel 1[0m discover_packages(prefix_path) check parameters
[0.208s] [34mcolcon.colcon_core.package_discovery[0m [1;30mLevel 1[0m discover_packages(prefix_path) discover
[0.208s] [34mcolcon.colcon_ros.prefix_path.ament[0m [1;30mWARNING[0m [33mThe path '/home/deathstroke/vins-fusion-ros2/install/vins' in the environment variable AMENT_PREFIX_PATH doesn't exist[0m
[0.208s] [34mcolcon.colcon_ros.prefix_path.ament[0m [1;30mWARNING[0m [33mThe path '/home/deathstroke/vins-fusion-ros2/install/loop_fusion' in the environment variable AMENT_PREFIX_PATH doesn't exist[0m
[0.208s] [34mcolcon.colcon_ros.prefix_path.ament[0m [1;30mWARNING[0m [33mThe path '/home/deathstroke/vins-fusion-ros2/install/global_fusion' in the environment variable AMENT_PREFIX_PATH doesn't exist[0m
[0.208s] [34mcolcon.colcon_ros.prefix_path.ament[0m [1;30mWARNING[0m [33mThe path '/home/deathstroke/vins-fusion-ros2/install/camera_models' in the environment variable AMENT_PREFIX_PATH doesn't exist[0m
[0.209s] [34mcolcon.colcon_ros.prefix_path.catkin[0m [1;30mWARNING[0m [33mThe path '/home/deathstroke/vins-fusion-ros2/install/vins' in the environment variable CMAKE_PREFIX_PATH doesn't exist[0m
[0.209s] [34mcolcon.colcon_ros.prefix_path.catkin[0m [1;30mWARNING[0m [33mThe path '/home/deathstroke/vins-fusion-ros2/install/loop_fusion' in the environment variable CMAKE_PREFIX_PATH doesn't exist[0m
[0.209s] [34mcolcon.colcon_ros.prefix_path.catkin[0m [1;30mWARNING[0m [33mThe path '/home/deathstroke/vins-fusion-ros2/install/global_fusion' in the environment variable CMAKE_PREFIX_PATH doesn't exist[0m
[0.209s] [34mcolcon.colcon_ros.prefix_path.catkin[0m [1;30mWARNING[0m [33mThe path '/home/deathstroke/vins-fusion-ros2/install/camera_models' in the environment variable CMAKE_PREFIX_PATH doesn't exist[0m
[0.209s] [34mcolcon.colcon_installed_package_information.package_discovery[0m [1;30mDEBUG[0m [32mFound 0 installed packages in /home/deathstroke/vins-fusion-ros2/install[0m
[0.209s] [34mcolcon.colcon_installed_package_information.package_discovery[0m [1;30mDEBUG[0m [32mFound 3 installed packages in /home/deathstroke/zed-ros/install[0m
[0.210s] [34mcolcon.colcon_installed_package_information.package_discovery[0m [1;30mDEBUG[0m [32mFound 5 installed packages in /home/deathstroke/workspace/catkin_ws_ov/install[0m
[0.210s] [34mcolcon.colcon_installed_package_information.package_discovery[0m [1;30mDEBUG[0m [32mFound 5 installed packages in /home/deathstroke/realsense-ros/install[0m
[0.210s] [34mcolcon.colcon_installed_package_information.package_discovery[0m [1;30mDEBUG[0m [32mFound 37 installed packages in /home/deathstroke/rust_ws/install[0m
[0.211s] [34mcolcon.colcon_installed_package_information.package_discovery[0m [1;30mDEBUG[0m [32mFound 443 installed packages in /opt/ros/humble[0m
[0.212s] [34mcolcon.colcon_core.package_discovery[0m [1;30mLevel 1[0m discover_packages(prefix_path) using defaults
[0.233s] [34mcolcon.colcon_core.verb[0m [1;30mLevel 5[0m set package 'camera_models' build argument 'cargo_args' from command line to 'None'
[0.234s] [34mcolcon.colcon_core.verb[0m [1;30mLevel 5[0m set package 'camera_models' build argument 'clean_build' from command line to 'False'
[0.234s] [34mcolcon.colcon_core.verb[0m [1;30mLevel 5[0m set package 'camera_models' build argument 'cmake_args' from command line to 'None'
[0.234s] [34mcolcon.colcon_core.verb[0m [1;30mLevel 5[0m set package 'camera_models' build argument 'cmake_target' from command line to 'None'
[0.234s] [34mcolcon.colcon_core.verb[0m [1;30mLevel 5[0m set package 'camera_models' build argument 'cmake_target_skip_unavailable' from command line to 'False'
[0.234s] [34mcolcon.colcon_core.verb[0m [1;30mLevel 5[0m set package 'camera_models' build argument 'cmake_clean_cache' from command line to 'False'
[0.234s] [34mcolcon.colcon_core.verb[0m [1;30mLevel 5[0m set package 'camera_models' build argument 'cmake_clean_first' from command line to 'False'
[0.234s] [34mcolcon.colcon_core.verb[0m [1;30mLevel 5[0m set package 'camera_models' build argument 'cmake_force_configure' from command line to 'False'
[0.234s] [34mcolcon.colcon_core.verb[0m [1;30mLevel 5[0m set package 'camera_models' build argument 'lookup_in_workspace' from command line to 'False'
[0.234s] [34mcolcon.colcon_core.verb[0m [1;30mLevel 5[0m set package 'camera_models' build argument 'ament_cmake_args' from command line to 'None'
[0.234s] [34mcolcon.colcon_core.verb[0m [1;30mLevel 5[0m set package 'camera_models' build argument 'catkin_cmake_args' from command line to 'None'
[0.234s] [34mcolcon.colcon_core.verb[0m [1;30mLevel 5[0m set package 'camera_models' build argument 'catkin_skip_building_tests' from command line to 'False'
[0.234s] [34mcolcon.colcon_core.verb[0m [1;30mDEBUG[0m [32mBuilding package 'camera_models' with the following arguments: {'ament_cmake_args': None, 'build_base': '/home/deathstroke/vins-fusion-ros2/build/camera_models', 'cargo_args': None, 'catkin_cmake_args': None, 'catkin_skip_building_tests': False, 'clean_build': False, 'cmake_args': None, 'cmake_clean_cache': False, 'cmake_clean_first': False, 'cmake_force_configure': False, 'cmake_target': None, 'cmake_target_skip_unavailable': False, 'install_base': '/home/deathstroke/vins-fusion-ros2/install/camera_models', 'lookup_in_workspace': False, 'merge_install': False, 'path': '/home/deathstroke/vins-fusion-ros2/src/VINS-Fusion-ROS2-humble-arm/camera_models', 'symlink_install': True, 'test_result_base': None}[0m
[0.234s] [34mcolcon.colcon_core.verb[0m [1;30mLevel 5[0m set package 'global_fusion' build argument 'cargo_args' from command line to 'None'
[0.234s] [34mcolcon.colcon_core.verb[0m [1;30mLevel 5[0m set package 'global_fusion' build argument 'clean_build' from command line to 'False'
[0.234s] [34mcolcon.colcon_core.verb[0m [1;30mLevel 5[0m set package 'global_fusion' build argument 'cmake_args' from command line to 'None'
[0.234s] [34mcolcon.colcon_core.verb[0m [1;30mLevel 5[0m set package 'global_fusion' build argument 'cmake_target' from command line to 'None'
[0.234s] [34mcolcon.colcon_core.verb[0m [1;30mLevel 5[0m set package 'global_fusion' build argument 'cmake_target_skip_unavailable' from command line to 'False'
[0.234s] [34mcolcon.colcon_core.verb[0m [1;30mLevel 5[0m set package 'global_fusion' build argument 'cmake_clean_cache' from command line to 'False'
[0.234s] [34mcolcon.colcon_core.verb[0m [1;30mLevel 5[0m set package 'global_fusion' build argument 'cmake_clean_first' from command line to 'False'
[0.234s] [34mcolcon.colcon_core.verb[0m [1;30mLevel 5[0m set package 'global_fusion' build argument 'cmake_force_configure' from command line to 'False'
[0.234s] [34mcolcon.colcon_core.verb[0m [1;30mLevel 5[0m set package 'global_fusion' build argument 'lookup_in_workspace' from command line to 'False'
[0.234s] [34mcolcon.colcon_core.verb[0m [1;30mLevel 5[0m set package 'global_fusion' build argument 'ament_cmake_args' from command line to 'None'
[0.234s] [34mcolcon.colcon_core.verb[0m [1;30mLevel 5[0m set package 'global_fusion' build argument 'catkin_cmake_args' from command line to 'None'
[0.234s] [34mcolcon.colcon_core.verb[0m [1;30mLevel 5[0m set package 'global_fusion' build argument 'catkin_skip_building_tests' from command line to 'False'
[0.234s] [34mcolcon.colcon_core.verb[0m [1;30mDEBUG[0m [32mBuilding package 'global_fusion' with the following arguments: {'ament_cmake_args': None, 'build_base': '/home/deathstroke/vins-fusion-ros2/build/global_fusion', 'cargo_args': None, 'catkin_cmake_args': None, 'catkin_skip_building_tests': False, 'clean_build': False, 'cmake_args': None, 'cmake_clean_cache': False, 'cmake_clean_first': False, 'cmake_force_configure': False, 'cmake_target': None, 'cmake_target_skip_unavailable': False, 'install_base': '/home/deathstroke/vins-fusion-ros2/install/global_fusion', 'lookup_in_workspace': False, 'merge_install': False, 'path': '/home/deathstroke/vins-fusion-ros2/src/VINS-Fusion-ROS2-humble-arm/global_fusion', 'symlink_install': True, 'test_result_base': None}[0m
[0.234s] [34mcolcon.colcon_core.verb[0m [1;30mLevel 5[0m set package 'loop_fusion' build argument 'cargo_args' from command line to 'None'
[0.234s] [34mcolcon.colcon_core.verb[0m [1;30mLevel 5[0m set package 'loop_fusion' build argument 'clean_build' from command line to 'False'
[0.234s] [34mcolcon.colcon_core.verb[0m [1;30mLevel 5[0m set package 'loop_fusion' build argument 'cmake_args' from command line to 'None'
[0.234s] [34mcolcon.colcon_core.verb[0m [1;30mLevel 5[0m set package 'loop_fusion' build argument 'cmake_target' from command line to 'None'
[0.234s] [34mcolcon.colcon_core.verb[0m [1;30mLevel 5[0m set package 'loop_fusion' build argument 'cmake_target_skip_unavailable' from command line to 'False'
[0.234s] [34mcolcon.colcon_core.verb[0m [1;30mLevel 5[0m set package 'loop_fusion' build argument 'cmake_clean_cache' from command line to 'False'
[0.234s] [34mcolcon.colcon_core.verb[0m [1;30mLevel 5[0m set package 'loop_fusion' build argument 'cmake_clean_first' from command line to 'False'
[0.234s] [34mcolcon.colcon_core.verb[0m [1;30mLevel 5[0m set package 'loop_fusion' build argument 'cmake_force_configure' from command line to 'False'
[0.234s] [34mcolcon.colcon_core.verb[0m [1;30mLevel 5[0m set package 'loop_fusion' build argument 'lookup_in_workspace' from command line to 'False'
[0.234s] [34mcolcon.colcon_core.verb[0m [1;30mLevel 5[0m set package 'loop_fusion' build argument 'ament_cmake_args' from command line to 'None'
[0.234s] [34mcolcon.colcon_core.verb[0m [1;30mLevel 5[0m set package 'loop_fusion' build argument 'catkin_cmake_args' from command line to 'None'
[0.234s] [34mcolcon.colcon_core.verb[0m [1;30mLevel 5[0m set package 'loop_fusion' build argument 'catkin_skip_building_tests' from command line to 'False'
[0.234s] [34mcolcon.colcon_core.verb[0m [1;30mDEBUG[0m [32mBuilding package 'loop_fusion' with the following arguments: {'ament_cmake_args': None, 'build_base': '/home/deathstroke/vins-fusion-ros2/build/loop_fusion', 'cargo_args': None, 'catkin_cmake_args': None, 'catkin_skip_building_tests': False, 'clean_build': False, 'cmake_args': None, 'cmake_clean_cache': False, 'cmake_clean_first': False, 'cmake_force_configure': False, 'cmake_target': None, 'cmake_target_skip_unavailable': False, 'install_base': '/home/deathstroke/vins-fusion-ros2/install/loop_fusion', 'lookup_in_workspace': False, 'merge_install': False, 'path': '/home/deathstroke/vins-fusion-ros2/src/VINS-Fusion-ROS2-humble-arm/loop_fusion', 'symlink_install': True, 'test_result_base': None}[0m
[0.234s] [34mcolcon.colcon_core.verb[0m [1;30mLevel 5[0m set package 'vins' build argument 'cargo_args' from command line to 'None'
[0.234s] [34mcolcon.colcon_core.verb[0m [1;30mLevel 5[0m set package 'vins' build argument 'clean_build' from command line to 'False'
[0.234s] [34mcolcon.colcon_core.verb[0m [1;30mLevel 5[0m set package 'vins' build argument 'cmake_args' from command line to 'None'
[0.234s] [34mcolcon.colcon_core.verb[0m [1;30mLevel 5[0m set package 'vins' build argument 'cmake_target' from command line to 'None'
[0.234s] [34mcolcon.colcon_core.verb[0m [1;30mLevel 5[0m set package 'vins' build argument 'cmake_target_skip_unavailable' from command line to 'False'
[0.234s] [34mcolcon.colcon_core.verb[0m [1;30mLevel 5[0m set package 'vins' build argument 'cmake_clean_cache' from command line to 'False'
[0.234s] [34mcolcon.colcon_core.verb[0m [1;30mLevel 5[0m set package 'vins' build argument 'cmake_clean_first' from command line to 'False'
[0.234s] [34mcolcon.colcon_core.verb[0m [1;30mLevel 5[0m set package 'vins' build argument 'cmake_force_configure' from command line to 'False'
[0.234s] [34mcolcon.colcon_core.verb[0m [1;30mLevel 5[0m set package 'vins' build argument 'lookup_in_workspace' from command line to 'False'
[0.234s] [34mcolcon.colcon_core.verb[0m [1;30mLevel 5[0m set package 'vins' build argument 'ament_cmake_args' from command line to 'None'
[0.234s] [34mcolcon.colcon_core.verb[0m [1;30mLevel 5[0m set package 'vins' build argument 'catkin_cmake_args' from command line to 'None'
[0.234s] [34mcolcon.colcon_core.verb[0m [1;30mLevel 5[0m set package 'vins' build argument 'catkin_skip_building_tests' from command line to 'False'
[0.234s] [34mcolcon.colcon_core.verb[0m [1;30mDEBUG[0m [32mBuilding package 'vins' with the following arguments: {'ament_cmake_args': None, 'build_base': '/home/deathstroke/vins-fusion-ros2/build/vins', 'cargo_args': None, 'catkin_cmake_args': None, 'catkin_skip_building_tests': False, 'clean_build': False, 'cmake_args': None, 'cmake_clean_cache': False, 'cmake_clean_first': False, 'cmake_force_configure': False, 'cmake_target': None, 'cmake_target_skip_unavailable': False, 'install_base': '/home/deathstroke/vins-fusion-ros2/install/vins', 'lookup_in_workspace': False, 'merge_install': False, 'path': '/home/deathstroke/vins-fusion-ros2/src/VINS-Fusion-ROS2-humble-arm/vins', 'symlink_install': True, 'test_result_base': None}[0m
[0.235s] [34mcolcon.colcon_core.executor[0m [1;30mINFO[0m Executing jobs using 'parallel' executor
[0.235s] [34mcolcon.colcon_parallel_executor.executor.parallel[0m [1;30mDEBUG[0m [32mrun_until_complete[0m
[0.235s] [34mcolcon.colcon_ros.task.ament_cmake.build[0m [1;30mINFO[0m Building ROS package in '/home/deathstroke/vins-fusion-ros2/src/VINS-Fusion-ROS2-humble-arm/camera_models' with build type 'ament_cmake'
[0.235s] [34mcolcon.colcon_cmake.task.cmake.build[0m [1;30mINFO[0m Building CMake package in '/home/deathstroke/vins-fusion-ros2/src/VINS-Fusion-ROS2-humble-arm/camera_models'
[0.236s] [34mcolcon.colcon_core.plugin_system[0m [1;30mINFO[0m Skipping extension 'colcon_core.shell.bat': Not used on non-Windows systems
[0.236s] [34mcolcon.colcon_core.shell[0m [1;30mINFO[0m Skip shell extension 'powershell' for command environment: Not usable outside of PowerShell
[0.236s] [34mcolcon.colcon_core.shell[0m [1;30mDEBUG[0m [32mSkip shell extension 'dsv' for command environment[0m
[0.240s] [34mcolcon.colcon_ros.task.ament_cmake.build[0m [1;30mINFO[0m Building ROS package in '/home/deathstroke/vins-fusion-ros2/src/VINS-Fusion-ROS2-humble-arm/global_fusion' with build type 'ament_cmake'
[0.240s] [34mcolcon.colcon_cmake.task.cmake.build[0m [1;30mINFO[0m Building CMake package in '/home/deathstroke/vins-fusion-ros2/src/VINS-Fusion-ROS2-humble-arm/global_fusion'
[0.240s] [34mcolcon.colcon_core.shell[0m [1;30mINFO[0m Skip shell extension 'powershell' for command environment: Not usable outside of PowerShell
[0.240s] [34mcolcon.colcon_core.shell[0m [1;30mDEBUG[0m [32mSkip shell extension 'dsv' for command environment[0m
[0.245s] [34mcolcon.colcon_core.event_handler.log_command[0m [1;30mDEBUG[0m [32mInvoking command in '/home/deathstroke/vins-fusion-ros2/build/camera_models': CMAKE_PREFIX_PATH=${CMAKE_PREFIX_PATH}:/home/deathstroke/realsense-ros/install/realsense2_ros_mqtt_bridge:/home/deathstroke/rust_ws/install/examples_worker_demo:/home/deathstroke/rust_ws/install/examples_rclrs_minimal_pub_sub:/home/deathstroke/rust_ws/install/examples_rclrs_minimal_client_service:/home/deathstroke/rust_ws/install/examples_parameter_demo:/home/deathstroke/rust_ws/install/examples_logging_demo:/home/deathstroke/rust_ws/install/sensor_msgs_py:/home/deathstroke/rust_ws/install/rust_pubsub:/home/deathstroke/rust_ws/install/examples_rclrs_message_demo:/home/deathstroke/rust_ws/install/rosidl_runtime_rs:/home/deathstroke/rust_ws/install/rclrs:/opt/ros/humble /usr/bin/cmake /home/deathstroke/vins-fusion-ros2/src/VINS-Fusion-ROS2-humble-arm/camera_models -DAMENT_CMAKE_SYMLINK_INSTALL=1 -DCMAKE_INSTALL_PREFIX=/home/deathstroke/vins-fusion-ros2/install/camera_models[0m
[0.247s] [34mcolcon.colcon_core.event_handler.log_command[0m [1;30mDEBUG[0m [32mInvoking command in '/home/deathstroke/vins-fusion-ros2/build/global_fusion': CMAKE_PREFIX_PATH=${CMAKE_PREFIX_PATH}:/home/deathstroke/realsense-ros/install/realsense2_ros_mqtt_bridge:/home/deathstroke/rust_ws/install/examples_worker_demo:/home/deathstroke/rust_ws/install/examples_rclrs_minimal_pub_sub:/home/deathstroke/rust_ws/install/examples_rclrs_minimal_client_service:/home/deathstroke/rust_ws/install/examples_parameter_demo:/home/deathstroke/rust_ws/install/examples_logging_demo:/home/deathstroke/rust_ws/install/sensor_msgs_py:/home/deathstroke/rust_ws/install/rust_pubsub:/home/deathstroke/rust_ws/install/examples_rclrs_message_demo:/home/deathstroke/rust_ws/install/rosidl_runtime_rs:/home/deathstroke/rust_ws/install/rclrs:/opt/ros/humble /usr/bin/cmake /home/deathstroke/vins-fusion-ros2/src/VINS-Fusion-ROS2-humble-arm/global_fusion -DAMENT_CMAKE_SYMLINK_INSTALL=1 -DCMAKE_INSTALL_PREFIX=/home/deathstroke/vins-fusion-ros2/install/global_fusion[0m
[1.659s] [34mcolcon.colcon_core.event_handler.log_command[0m [1;30mDEBUG[0m [32mInvoked command in '/home/deathstroke/vins-fusion-ros2/build/global_fusion' returned '0': CMAKE_PREFIX_PATH=${CMAKE_PREFIX_PATH}:/home/deathstroke/realsense-ros/install/realsense2_ros_mqtt_bridge:/home/deathstroke/rust_ws/install/examples_worker_demo:/home/deathstroke/rust_ws/install/examples_rclrs_minimal_pub_sub:/home/deathstroke/rust_ws/install/examples_rclrs_minimal_client_service:/home/deathstroke/rust_ws/install/examples_parameter_demo:/home/deathstroke/rust_ws/install/examples_logging_demo:/home/deathstroke/rust_ws/install/sensor_msgs_py:/home/deathstroke/rust_ws/install/rust_pubsub:/home/deathstroke/rust_ws/install/examples_rclrs_message_demo:/home/deathstroke/rust_ws/install/rosidl_runtime_rs:/home/deathstroke/rust_ws/install/rclrs:/opt/ros/humble /usr/bin/cmake /home/deathstroke/vins-fusion-ros2/src/VINS-Fusion-ROS2-humble-arm/global_fusion -DAMENT_CMAKE_SYMLINK_INSTALL=1 -DCMAKE_INSTALL_PREFIX=/home/deathstroke/vins-fusion-ros2/install/global_fusion[0m
[1.660s] [34mcolcon.colcon_core.event_handler.log_command[0m [1;30mDEBUG[0m [32mInvoking command in '/home/deathstroke/vins-fusion-ros2/build/global_fusion': CMAKE_PREFIX_PATH=${CMAKE_PREFIX_PATH}:/home/deathstroke/realsense-ros/install/realsense2_ros_mqtt_bridge:/home/deathstroke/rust_ws/install/examples_worker_demo:/home/deathstroke/rust_ws/install/examples_rclrs_minimal_pub_sub:/home/deathstroke/rust_ws/install/examples_rclrs_minimal_client_service:/home/deathstroke/rust_ws/install/examples_parameter_demo:/home/deathstroke/rust_ws/install/examples_logging_demo:/home/deathstroke/rust_ws/install/sensor_msgs_py:/home/deathstroke/rust_ws/install/rust_pubsub:/home/deathstroke/rust_ws/install/examples_rclrs_message_demo:/home/deathstroke/rust_ws/install/rosidl_runtime_rs:/home/deathstroke/rust_ws/install/rclrs:/opt/ros/humble /usr/bin/cmake --build /home/deathstroke/vins-fusion-ros2/build/global_fusion -- -j32 -l32[0m
[1.664s] [34mcolcon.colcon_core.event_handler.log_command[0m [1;30mDEBUG[0m [32mInvoked command in '/home/deathstroke/vins-fusion-ros2/build/camera_models' returned '0': CMAKE_PREFIX_PATH=${CMAKE_PREFIX_PATH}:/home/deathstroke/realsense-ros/install/realsense2_ros_mqtt_bridge:/home/deathstroke/rust_ws/install/examples_worker_demo:/home/deathstroke/rust_ws/install/examples_rclrs_minimal_pub_sub:/home/deathstroke/rust_ws/install/examples_rclrs_minimal_client_service:/home/deathstroke/rust_ws/install/examples_parameter_demo:/home/deathstroke/rust_ws/install/examples_logging_demo:/home/deathstroke/rust_ws/install/sensor_msgs_py:/home/deathstroke/rust_ws/install/rust_pubsub:/home/deathstroke/rust_ws/install/examples_rclrs_message_demo:/home/deathstroke/rust_ws/install/rosidl_runtime_rs:/home/deathstroke/rust_ws/install/rclrs:/opt/ros/humble /usr/bin/cmake /home/deathstroke/vins-fusion-ros2/src/VINS-Fusion-ROS2-humble-arm/camera_models -DAMENT_CMAKE_SYMLINK_INSTALL=1 -DCMAKE_INSTALL_PREFIX=/home/deathstroke/vins-fusion-ros2/install/camera_models[0m
[1.665s] [34mcolcon.colcon_core.event_handler.log_command[0m [1;30mDEBUG[0m [32mInvoking command in '/home/deathstroke/vins-fusion-ros2/build/camera_models': CMAKE_PREFIX_PATH=${CMAKE_PREFIX_PATH}:/home/deathstroke/realsense-ros/install/realsense2_ros_mqtt_bridge:/home/deathstroke/rust_ws/install/examples_worker_demo:/home/deathstroke/rust_ws/install/examples_rclrs_minimal_pub_sub:/home/deathstroke/rust_ws/install/examples_rclrs_minimal_client_service:/home/deathstroke/rust_ws/install/examples_parameter_demo:/home/deathstroke/rust_ws/install/examples_logging_demo:/home/deathstroke/rust_ws/install/sensor_msgs_py:/home/deathstroke/rust_ws/install/rust_pubsub:/home/deathstroke/rust_ws/install/examples_rclrs_message_demo:/home/deathstroke/rust_ws/install/rosidl_runtime_rs:/home/deathstroke/rust_ws/install/rclrs:/opt/ros/humble /usr/bin/cmake --build /home/deathstroke/vins-fusion-ros2/build/camera_models -- -j32 -l32[0m
[2.054s] [34mcolcon.colcon_core.event_handler.log_command[0m [1;30mDEBUG[0m [32mInvoked command in '/home/deathstroke/vins-fusion-ros2/build/global_fusion' returned '0': CMAKE_PREFIX_PATH=${CMAKE_PREFIX_PATH}:/home/deathstroke/realsense-ros/install/realsense2_ros_mqtt_bridge:/home/deathstroke/rust_ws/install/examples_worker_demo:/home/deathstroke/rust_ws/install/examples_rclrs_minimal_pub_sub:/home/deathstroke/rust_ws/install/examples_rclrs_minimal_client_service:/home/deathstroke/rust_ws/install/examples_parameter_demo:/home/deathstroke/rust_ws/install/examples_logging_demo:/home/deathstroke/rust_ws/install/sensor_msgs_py:/home/deathstroke/rust_ws/install/rust_pubsub:/home/deathstroke/rust_ws/install/examples_rclrs_message_demo:/home/deathstroke/rust_ws/install/rosidl_runtime_rs:/home/deathstroke/rust_ws/install/rclrs:/opt/ros/humble /usr/bin/cmake --build /home/deathstroke/vins-fusion-ros2/build/global_fusion -- -j32 -l32[0m
[2.061s] [34mcolcon.colcon_core.event_handler.log_command[0m [1;30mDEBUG[0m [32mInvoking command in '/home/deathstroke/vins-fusion-ros2/build/global_fusion': CMAKE_PREFIX_PATH=${CMAKE_PREFIX_PATH}:/home/deathstroke/realsense-ros/install/realsense2_ros_mqtt_bridge:/home/deathstroke/rust_ws/install/examples_worker_demo:/home/deathstroke/rust_ws/install/examples_rclrs_minimal_pub_sub:/home/deathstroke/rust_ws/install/examples_rclrs_minimal_client_service:/home/deathstroke/rust_ws/install/examples_parameter_demo:/home/deathstroke/rust_ws/install/examples_logging_demo:/home/deathstroke/rust_ws/install/sensor_msgs_py:/home/deathstroke/rust_ws/install/rust_pubsub:/home/deathstroke/rust_ws/install/examples_rclrs_message_demo:/home/deathstroke/rust_ws/install/rosidl_runtime_rs:/home/deathstroke/rust_ws/install/rclrs:/opt/ros/humble /usr/bin/cmake --install /home/deathstroke/vins-fusion-ros2/build/global_fusion[0m
[2.180s] [34mcolcon.colcon_core.environment[0m [1;30mLevel 1[0m create_environment_scripts_only(global_fusion)
[2.180s] [34mcolcon.colcon_core.event_handler.log_command[0m [1;30mDEBUG[0m [32mInvoked command in '/home/deathstroke/vins-fusion-ros2/build/global_fusion' returned '0': CMAKE_PREFIX_PATH=${CMAKE_PREFIX_PATH}:/home/deathstroke/realsense-ros/install/realsense2_ros_mqtt_bridge:/home/deathstroke/rust_ws/install/examples_worker_demo:/home/deathstroke/rust_ws/install/examples_rclrs_minimal_pub_sub:/home/deathstroke/rust_ws/install/examples_rclrs_minimal_client_service:/home/deathstroke/rust_ws/install/examples_parameter_demo:/home/deathstroke/rust_ws/install/examples_logging_demo:/home/deathstroke/rust_ws/install/sensor_msgs_py:/home/deathstroke/rust_ws/install/rust_pubsub:/home/deathstroke/rust_ws/install/examples_rclrs_message_demo:/home/deathstroke/rust_ws/install/rosidl_runtime_rs:/home/deathstroke/rust_ws/install/rclrs:/opt/ros/humble /usr/bin/cmake --install /home/deathstroke/vins-fusion-ros2/build/global_fusion[0m
[2.182s] [34mcolcon.colcon_core.environment[0m [1;30mLevel 1[0m checking '/home/deathstroke/vins-fusion-ros2/install/global_fusion' for CMake module files
[2.182s] [34mcolcon.colcon_core.environment[0m [1;30mLevel 1[0m checking '/home/deathstroke/vins-fusion-ros2/install/global_fusion' for CMake config files
[2.182s] [34mcolcon.colcon_core.shell[0m [1;30mLevel 1[0m create_environment_hook('global_fusion', 'cmake_prefix_path')
[2.182s] [34mcolcon.colcon_core.shell[0m [1;30mINFO[0m Creating environment hook '/home/deathstroke/vins-fusion-ros2/install/global_fusion/share/global_fusion/hook/cmake_prefix_path.ps1'
[2.183s] [34mcolcon.colcon_core.shell[0m [1;30mINFO[0m Creating environment descriptor '/home/deathstroke/vins-fusion-ros2/install/global_fusion/share/global_fusion/hook/cmake_prefix_path.dsv'
[2.183s] [34mcolcon.colcon_core.shell[0m [1;30mINFO[0m Creating environment hook '/home/deathstroke/vins-fusion-ros2/install/global_fusion/share/global_fusion/hook/cmake_prefix_path.sh'
[2.183s] [34mcolcon.colcon_core.environment[0m [1;30mLevel 1[0m checking '/home/deathstroke/vins-fusion-ros2/install/global_fusion/lib'
[2.183s] [34mcolcon.colcon_core.environment[0m [1;30mLevel 1[0m checking '/home/deathstroke/vins-fusion-ros2/install/global_fusion/bin'
[2.183s] [34mcolcon.colcon_core.shell[0m [1;30mLevel 1[0m create_environment_hook('global_fusion', 'path')
[2.183s] [34mcolcon.colcon_core.shell[0m [1;30mINFO[0m Creating environment hook '/home/deathstroke/vins-fusion-ros2/install/global_fusion/share/global_fusion/hook/path.ps1'
[2.184s] [34mcolcon.colcon_core.shell[0m [1;30mINFO[0m Creating environment descriptor '/home/deathstroke/vins-fusion-ros2/install/global_fusion/share/global_fusion/hook/path.dsv'
[2.184s] [34mcolcon.colcon_core.shell[0m [1;30mINFO[0m Creating environment hook '/home/deathstroke/vins-fusion-ros2/install/global_fusion/share/global_fusion/hook/path.sh'
[2.184s] [34mcolcon.colcon_core.environment[0m [1;30mLevel 1[0m checking '/home/deathstroke/vins-fusion-ros2/install/global_fusion/lib/pkgconfig/global_fusion.pc'
[2.184s] [34mcolcon.colcon_core.environment[0m [1;30mLevel 1[0m checking '/home/deathstroke/vins-fusion-ros2/install/global_fusion/lib/python3.10/site-packages'
[2.184s] [34mcolcon.colcon_core.environment[0m [1;30mLevel 1[0m checking '/home/deathstroke/vins-fusion-ros2/install/global_fusion/bin'
[2.184s] [34mcolcon.colcon_core.shell[0m [1;30mLevel 1[0m create_environment_hook('global_fusion', 'pythonscriptspath')
[2.184s] [34mcolcon.colcon_core.shell[0m [1;30mINFO[0m Creating environment hook '/home/deathstroke/vins-fusion-ros2/install/global_fusion/share/global_fusion/hook/pythonscriptspath.ps1'
[2.184s] [34mcolcon.colcon_core.shell[0m [1;30mINFO[0m Creating environment descriptor '/home/deathstroke/vins-fusion-ros2/install/global_fusion/share/global_fusion/hook/pythonscriptspath.dsv'
[2.185s] [34mcolcon.colcon_core.shell[0m [1;30mINFO[0m Creating environment hook '/home/deathstroke/vins-fusion-ros2/install/global_fusion/share/global_fusion/hook/pythonscriptspath.sh'
[2.185s] [34mcolcon.colcon_core.shell[0m [1;30mINFO[0m Creating package script '/home/deathstroke/vins-fusion-ros2/install/global_fusion/share/global_fusion/package.ps1'
[2.185s] [34mcolcon.colcon_core.shell[0m [1;30mINFO[0m Creating package descriptor '/home/deathstroke/vins-fusion-ros2/install/global_fusion/share/global_fusion/package.dsv'
[2.185s] [34mcolcon.colcon_core.shell[0m [1;30mINFO[0m Creating package script '/home/deathstroke/vins-fusion-ros2/install/global_fusion/share/global_fusion/package.sh'
[2.186s] [34mcolcon.colcon_core.shell[0m [1;30mINFO[0m Creating package script '/home/deathstroke/vins-fusion-ros2/install/global_fusion/share/global_fusion/package.bash'
[2.186s] [34mcolcon.colcon_core.shell[0m [1;30mINFO[0m Creating package script '/home/deathstroke/vins-fusion-ros2/install/global_fusion/share/global_fusion/package.zsh'
[2.186s] [34mcolcon.colcon_core.environment[0m [1;30mLevel 1[0m create_file_with_runtime_dependencies(/home/deathstroke/vins-fusion-ros2/install/global_fusion/share/colcon-core/packages/global_fusion)
[2.187s] [34mcolcon.colcon_core.environment[0m [1;30mLevel 1[0m create_environment_scripts_only(global_fusion)
[2.187s] [34mcolcon.colcon_core.environment[0m [1;30mLevel 1[0m checking '/home/deathstroke/vins-fusion-ros2/install/global_fusion' for CMake module files
[2.187s] [34mcolcon.colcon_core.environment[0m [1;30mLevel 1[0m checking '/home/deathstroke/vins-fusion-ros2/install/global_fusion' for CMake config files
[2.187s] [34mcolcon.colcon_core.shell[0m [1;30mLevel 1[0m create_environment_hook('global_fusion', 'cmake_prefix_path')
[2.187s] [34mcolcon.colcon_core.shell[0m [1;30mINFO[0m Creating environment hook '/home/deathstroke/vins-fusion-ros2/install/global_fusion/share/global_fusion/hook/cmake_prefix_path.ps1'
[2.187s] [34mcolcon.colcon_core.shell[0m [1;30mINFO[0m Creating environment descriptor '/home/deathstroke/vins-fusion-ros2/install/global_fusion/share/global_fusion/hook/cmake_prefix_path.dsv'
[2.187s] [34mcolcon.colcon_core.shell[0m [1;30mINFO[0m Creating environment hook '/home/deathstroke/vins-fusion-ros2/install/global_fusion/share/global_fusion/hook/cmake_prefix_path.sh'
[2.188s] [34mcolcon.colcon_core.environment[0m [1;30mLevel 1[0m checking '/home/deathstroke/vins-fusion-ros2/install/global_fusion/lib'
[2.188s] [34mcolcon.colcon_core.environment[0m [1;30mLevel 1[0m checking '/home/deathstroke/vins-fusion-ros2/install/global_fusion/bin'
[2.188s] [34mcolcon.colcon_core.shell[0m [1;30mLevel 1[0m create_environment_hook('global_fusion', 'path')
[2.188s] [34mcolcon.colcon_core.shell[0m [1;30mINFO[0m Creating environment hook '/home/deathstroke/vins-fusion-ros2/install/global_fusion/share/global_fusion/hook/path.ps1'
[2.188s] [34mcolcon.colcon_core.shell[0m [1;30mINFO[0m Creating environment descriptor '/home/deathstroke/vins-fusion-ros2/install/global_fusion/share/global_fusion/hook/path.dsv'
[2.188s] [34mcolcon.colcon_core.shell[0m [1;30mINFO[0m Creating environment hook '/home/deathstroke/vins-fusion-ros2/install/global_fusion/share/global_fusion/hook/path.sh'
[2.188s] [34mcolcon.colcon_core.environment[0m [1;30mLevel 1[0m checking '/home/deathstroke/vins-fusion-ros2/install/global_fusion/lib/pkgconfig/global_fusion.pc'
[2.188s] [34mcolcon.colcon_core.environment[0m [1;30mLevel 1[0m checking '/home/deathstroke/vins-fusion-ros2/install/global_fusion/lib/python3.10/site-packages'
[2.189s] [34mcolcon.colcon_core.environment[0m [1;30mLevel 1[0m checking '/home/deathstroke/vins-fusion-ros2/install/global_fusion/bin'
[2.189s] [34mcolcon.colcon_core.shell[0m [1;30mLevel 1[0m create_environment_hook('global_fusion', 'pythonscriptspath')
[2.189s] [34mcolcon.colcon_core.shell[0m [1;30mINFO[0m Creating environment hook '/home/deathstroke/vins-fusion-ros2/install/global_fusion/share/global_fusion/hook/pythonscriptspath.ps1'
[2.189s] [34mcolcon.colcon_core.shell[0m [1;30mINFO[0m Creating environment descriptor '/home/deathstroke/vins-fusion-ros2/install/global_fusion/share/global_fusion/hook/pythonscriptspath.dsv'
[2.189s] [34mcolcon.colcon_core.shell[0m [1;30mINFO[0m Creating environment hook '/home/deathstroke/vins-fusion-ros2/install/global_fusion/share/global_fusion/hook/pythonscriptspath.sh'
[2.189s] [34mcolcon.colcon_core.shell[0m [1;30mINFO[0m Creating package script '/home/deathstroke/vins-fusion-ros2/install/global_fusion/share/global_fusion/package.ps1'
[2.189s] [34mcolcon.colcon_core.shell[0m [1;30mINFO[0m Creating package descriptor '/home/deathstroke/vins-fusion-ros2/install/global_fusion/share/global_fusion/package.dsv'
[2.190s] [34mcolcon.colcon_core.shell[0m [1;30mINFO[0m Creating package script '/home/deathstroke/vins-fusion-ros2/install/global_fusion/share/global_fusion/package.sh'
[2.190s] [34mcolcon.colcon_core.shell[0m [1;30mINFO[0m Creating package script '/home/deathstroke/vins-fusion-ros2/install/global_fusion/share/global_fusion/package.bash'
[2.190s] [34mcolcon.colcon_core.shell[0m [1;30mINFO[0m Creating package script '/home/deathstroke/vins-fusion-ros2/install/global_fusion/share/global_fusion/package.zsh'
[2.190s] [34mcolcon.colcon_core.environment[0m [1;30mLevel 1[0m create_file_with_runtime_dependencies(/home/deathstroke/vins-fusion-ros2/install/global_fusion/share/colcon-core/packages/global_fusion)
[3.351s] [34mcolcon.colcon_core.event_handler.log_command[0m [1;30mDEBUG[0m [32mInvoked command in '/home/deathstroke/vins-fusion-ros2/build/camera_models' returned '0': CMAKE_PREFIX_PATH=${CMAKE_PREFIX_PATH}:/home/deathstroke/realsense-ros/install/realsense2_ros_mqtt_bridge:/home/deathstroke/rust_ws/install/examples_worker_demo:/home/deathstroke/rust_ws/install/examples_rclrs_minimal_pub_sub:/home/deathstroke/rust_ws/install/examples_rclrs_minimal_client_service:/home/deathstroke/rust_ws/install/examples_parameter_demo:/home/deathstroke/rust_ws/install/examples_logging_demo:/home/deathstroke/rust_ws/install/sensor_msgs_py:/home/deathstroke/rust_ws/install/rust_pubsub:/home/deathstroke/rust_ws/install/examples_rclrs_message_demo:/home/deathstroke/rust_ws/install/rosidl_runtime_rs:/home/deathstroke/rust_ws/install/rclrs:/opt/ros/humble /usr/bin/cmake --build /home/deathstroke/vins-fusion-ros2/build/camera_models -- -j32 -l32[0m
[3.351s] [34mcolcon.colcon_core.event_handler.log_command[0m [1;30mDEBUG[0m [32mInvoking command in '/home/deathstroke/vins-fusion-ros2/build/camera_models': CMAKE_PREFIX_PATH=${CMAKE_PREFIX_PATH}:/home/deathstroke/realsense-ros/install/realsense2_ros_mqtt_bridge:/home/deathstroke/rust_ws/install/examples_worker_demo:/home/deathstroke/rust_ws/install/examples_rclrs_minimal_pub_sub:/home/deathstroke/rust_ws/install/examples_rclrs_minimal_client_service:/home/deathstroke/rust_ws/install/examples_parameter_demo:/home/deathstroke/rust_ws/install/examples_logging_demo:/home/deathstroke/rust_ws/install/sensor_msgs_py:/home/deathstroke/rust_ws/install/rust_pubsub:/home/deathstroke/rust_ws/install/examples_rclrs_message_demo:/home/deathstroke/rust_ws/install/rosidl_runtime_rs:/home/deathstroke/rust_ws/install/rclrs:/opt/ros/humble /usr/bin/cmake --install /home/deathstroke/vins-fusion-ros2/build/camera_models[0m
[3.573s] [34mcolcon.colcon_core.environment[0m [1;30mLevel 1[0m create_environment_scripts_only(camera_models)
[3.573s] [34mcolcon.colcon_core.environment[0m [1;30mLevel 1[0m checking '/home/deathstroke/vins-fusion-ros2/install/camera_models' for CMake module files
[3.573s] [34mcolcon.colcon_core.event_handler.log_command[0m [1;30mDEBUG[0m [32mInvoked command in '/home/deathstroke/vins-fusion-ros2/build/camera_models' returned '0': CMAKE_PREFIX_PATH=${CMAKE_PREFIX_PATH}:/home/deathstroke/realsense-ros/install/realsense2_ros_mqtt_bridge:/home/deathstroke/rust_ws/install/examples_worker_demo:/home/deathstroke/rust_ws/install/examples_rclrs_minimal_pub_sub:/home/deathstroke/rust_ws/install/examples_rclrs_minimal_client_service:/home/deathstroke/rust_ws/install/examples_parameter_demo:/home/deathstroke/rust_ws/install/examples_logging_demo:/home/deathstroke/rust_ws/install/sensor_msgs_py:/home/deathstroke/rust_ws/install/rust_pubsub:/home/deathstroke/rust_ws/install/examples_rclrs_message_demo:/home/deathstroke/rust_ws/install/rosidl_runtime_rs:/home/deathstroke/rust_ws/install/rclrs:/opt/ros/humble /usr/bin/cmake --install /home/deathstroke/vins-fusion-ros2/build/camera_models[0m
[3.574s] [34mcolcon.colcon_core.environment[0m [1;30mLevel 1[0m checking '/home/deathstroke/vins-fusion-ros2/install/camera_models' for CMake config files
[3.574s] [34mcolcon.colcon_core.shell[0m [1;30mLevel 1[0m create_environment_hook('camera_models', 'cmake_prefix_path')
[3.574s] [34mcolcon.colcon_core.shell[0m [1;30mINFO[0m Creating environment hook '/home/deathstroke/vins-fusion-ros2/install/camera_models/share/camera_models/hook/cmake_prefix_path.ps1'
[3.574s] [34mcolcon.colcon_core.shell[0m [1;30mINFO[0m Creating environment descriptor '/home/deathstroke/vins-fusion-ros2/install/camera_models/share/camera_models/hook/cmake_prefix_path.dsv'
[3.574s] [34mcolcon.colcon_core.shell[0m [1;30mINFO[0m Creating environment hook '/home/deathstroke/vins-fusion-ros2/install/camera_models/share/camera_models/hook/cmake_prefix_path.sh'
[3.574s] [34mcolcon.colcon_core.environment[0m [1;30mLevel 1[0m checking '/home/deathstroke/vins-fusion-ros2/install/camera_models/lib'
[3.574s] [34mcolcon.colcon_core.environment[0m [1;30mLevel 1[0m checking '/home/deathstroke/vins-fusion-ros2/install/camera_models/bin'
[3.574s] [34mcolcon.colcon_core.shell[0m [1;30mLevel 1[0m create_environment_hook('camera_models', 'path')
[3.575s] [34mcolcon.colcon_core.shell[0m [1;30mINFO[0m Creating environment hook '/home/deathstroke/vins-fusion-ros2/install/camera_models/share/camera_models/hook/path.ps1'
[3.575s] [34mcolcon.colcon_core.shell[0m [1;30mINFO[0m Creating environment descriptor '/home/deathstroke/vins-fusion-ros2/install/camera_models/share/camera_models/hook/path.dsv'
[3.575s] [34mcolcon.colcon_core.shell[0m [1;30mINFO[0m Creating environment hook '/home/deathstroke/vins-fusion-ros2/install/camera_models/share/camera_models/hook/path.sh'
[3.575s] [34mcolcon.colcon_core.environment[0m [1;30mLevel 1[0m checking '/home/deathstroke/vins-fusion-ros2/install/camera_models/lib/pkgconfig/camera_models.pc'
[3.575s] [34mcolcon.colcon_core.environment[0m [1;30mLevel 1[0m checking '/home/deathstroke/vins-fusion-ros2/install/camera_models/lib/python3.10/site-packages'
[3.575s] [34mcolcon.colcon_core.environment[0m [1;30mLevel 1[0m checking '/home/deathstroke/vins-fusion-ros2/install/camera_models/bin'
[3.575s] [34mcolcon.colcon_core.shell[0m [1;30mLevel 1[0m create_environment_hook('camera_models', 'pythonscriptspath')
[3.575s] [34mcolcon.colcon_core.shell[0m [1;30mINFO[0m Creating environment hook '/home/deathstroke/vins-fusion-ros2/install/camera_models/share/camera_models/hook/pythonscriptspath.ps1'
[3.575s] [34mcolcon.colcon_core.shell[0m [1;30mINFO[0m Creating environment descriptor '/home/deathstroke/vins-fusion-ros2/install/camera_models/share/camera_models/hook/pythonscriptspath.dsv'
[3.576s] [34mcolcon.colcon_core.shell[0m [1;30mINFO[0m Creating environment hook '/home/deathstroke/vins-fusion-ros2/install/camera_models/share/camera_models/hook/pythonscriptspath.sh'
[3.576s] [34mcolcon.colcon_core.shell[0m [1;30mINFO[0m Creating package script '/home/deathstroke/vins-fusion-ros2/install/camera_models/share/camera_models/package.ps1'
[3.576s] [34mcolcon.colcon_core.shell[0m [1;30mINFO[0m Creating package descriptor '/home/deathstroke/vins-fusion-ros2/install/camera_models/share/camera_models/package.dsv'
[3.576s] [34mcolcon.colcon_core.shell[0m [1;30mINFO[0m Creating package script '/home/deathstroke/vins-fusion-ros2/install/camera_models/share/camera_models/package.sh'
[3.576s] [34mcolcon.colcon_core.shell[0m [1;30mINFO[0m Creating package script '/home/deathstroke/vins-fusion-ros2/install/camera_models/share/camera_models/package.bash'
[3.576s] [34mcolcon.colcon_core.shell[0m [1;30mINFO[0m Creating package script '/home/deathstroke/vins-fusion-ros2/install/camera_models/share/camera_models/package.zsh'
[3.577s] [34mcolcon.colcon_core.environment[0m [1;30mLevel 1[0m create_file_with_runtime_dependencies(/home/deathstroke/vins-fusion-ros2/install/camera_models/share/colcon-core/packages/camera_models)
[3.577s] [34mcolcon.colcon_core.environment[0m [1;30mLevel 1[0m create_environment_scripts_only(camera_models)
[3.577s] [34mcolcon.colcon_core.environment[0m [1;30mLevel 1[0m checking '/home/deathstroke/vins-fusion-ros2/install/camera_models' for CMake module files
[3.577s] [34mcolcon.colcon_core.environment[0m [1;30mLevel 1[0m checking '/home/deathstroke/vins-fusion-ros2/install/camera_models' for CMake config files
[3.577s] [34mcolcon.colcon_core.shell[0m [1;30mLevel 1[0m create_environment_hook('camera_models', 'cmake_prefix_path')
[3.577s] [34mcolcon.colcon_core.shell[0m [1;30mINFO[0m Creating environment hook '/home/deathstroke/vins-fusion-ros2/install/camera_models/share/camera_models/hook/cmake_prefix_path.ps1'
[3.578s] [34mcolcon.colcon_core.shell[0m [1;30mINFO[0m Creating environment descriptor '/home/deathstroke/vins-fusion-ros2/install/camera_models/share/camera_models/hook/cmake_prefix_path.dsv'
[3.578s] [34mcolcon.colcon_core.shell[0m [1;30mINFO[0m Creating environment hook '/home/deathstroke/vins-fusion-ros2/install/camera_models/share/camera_models/hook/cmake_prefix_path.sh'
[3.578s] [34mcolcon.colcon_core.environment[0m [1;30mLevel 1[0m checking '/home/deathstroke/vins-fusion-ros2/install/camera_models/lib'
[3.578s] [34mcolcon.colcon_core.environment[0m [1;30mLevel 1[0m checking '/home/deathstroke/vins-fusion-ros2/install/camera_models/bin'
[3.578s] [34mcolcon.colcon_core.shell[0m [1;30mLevel 1[0m create_environment_hook('camera_models', 'path')
[3.578s] [34mcolcon.colcon_core.shell[0m [1;30mINFO[0m Creating environment hook '/home/deathstroke/vins-fusion-ros2/install/camera_models/share/camera_models/hook/path.ps1'
[3.578s] [34mcolcon.colcon_core.shell[0m [1;30mINFO[0m Creating environment descriptor '/home/deathstroke/vins-fusion-ros2/install/camera_models/share/camera_models/hook/path.dsv'
[3.578s] [34mcolcon.colcon_core.shell[0m [1;30mINFO[0m Creating environment hook '/home/deathstroke/vins-fusion-ros2/install/camera_models/share/camera_models/hook/path.sh'
[3.578s] [34mcolcon.colcon_core.environment[0m [1;30mLevel 1[0m checking '/home/deathstroke/vins-fusion-ros2/install/camera_models/lib/pkgconfig/camera_models.pc'
[3.578s] [34mcolcon.colcon_core.environment[0m [1;30mLevel 1[0m checking '/home/deathstroke/vins-fusion-ros2/install/camera_models/lib/python3.10/site-packages'
[3.579s] [34mcolcon.colcon_core.environment[0m [1;30mLevel 1[0m checking '/home/deathstroke/vins-fusion-ros2/install/camera_models/bin'
[3.579s] [34mcolcon.colcon_core.shell[0m [1;30mLevel 1[0m create_environment_hook('camera_models', 'pythonscriptspath')
[3.579s] [34mcolcon.colcon_core.shell[0m [1;30mINFO[0m Creating environment hook '/home/deathstroke/vins-fusion-ros2/install/camera_models/share/camera_models/hook/pythonscriptspath.ps1'
[3.579s] [34mcolcon.colcon_core.shell[0m [1;30mINFO[0m Creating environment descriptor '/home/deathstroke/vins-fusion-ros2/install/camera_models/share/camera_models/hook/pythonscriptspath.dsv'
[3.579s] [34mcolcon.colcon_core.shell[0m [1;30mINFO[0m Creating environment hook '/home/deathstroke/vins-fusion-ros2/install/camera_models/share/camera_models/hook/pythonscriptspath.sh'
[3.579s] [34mcolcon.colcon_core.shell[0m [1;30mINFO[0m Creating package script '/home/deathstroke/vins-fusion-ros2/install/camera_models/share/camera_models/package.ps1'
[3.579s] [34mcolcon.colcon_core.shell[0m [1;30mINFO[0m Creating package descriptor '/home/deathstroke/vins-fusion-ros2/install/camera_models/share/camera_models/package.dsv'
[3.580s] [34mcolcon.colcon_core.shell[0m [1;30mINFO[0m Creating package script '/home/deathstroke/vins-fusion-ros2/install/camera_models/share/camera_models/package.sh'
[3.580s] [34mcolcon.colcon_core.shell[0m [1;30mINFO[0m Creating package script '/home/deathstroke/vins-fusion-ros2/install/camera_models/share/camera_models/package.bash'
[3.580s] [34mcolcon.colcon_core.shell[0m [1;30mINFO[0m Creating package script '/home/deathstroke/vins-fusion-ros2/install/camera_models/share/camera_models/package.zsh'
[3.580s] [34mcolcon.colcon_core.environment[0m [1;30mLevel 1[0m create_file_with_runtime_dependencies(/home/deathstroke/vins-fusion-ros2/install/camera_models/share/colcon-core/packages/camera_models)
[3.580s] [34mcolcon.colcon_ros.task.ament_cmake.build[0m [1;30mINFO[0m Building ROS package in '/home/deathstroke/vins-fusion-ros2/src/VINS-Fusion-ROS2-humble-arm/loop_fusion' with build type 'ament_cmake'
[3.580s] [34mcolcon.colcon_cmake.task.cmake.build[0m [1;30mINFO[0m Building CMake package in '/home/deathstroke/vins-fusion-ros2/src/VINS-Fusion-ROS2-humble-arm/loop_fusion'
[3.580s] [34mcolcon.colcon_core.shell[0m [1;30mINFO[0m Skip shell extension 'powershell' for command environment: Not usable outside of PowerShell
[3.580s] [34mcolcon.colcon_core.shell[0m [1;30mDEBUG[0m [32mSkip shell extension 'dsv' for command environment[0m
[3.583s] [34mcolcon.colcon_ros.task.ament_cmake.build[0m [1;30mINFO[0m Building ROS package in '/home/deathstroke/vins-fusion-ros2/src/VINS-Fusion-ROS2-humble-arm/vins' with build type 'ament_cmake'
[3.584s] [34mcolcon.colcon_cmake.task.cmake.build[0m [1;30mINFO[0m Building CMake package in '/home/deathstroke/vins-fusion-ros2/src/VINS-Fusion-ROS2-humble-arm/vins'
[3.584s] [34mcolcon.colcon_core.shell[0m [1;30mINFO[0m Skip shell extension 'powershell' for command environment: Not usable outside of PowerShell
[3.584s] [34mcolcon.colcon_core.shell[0m [1;30mDEBUG[0m [32mSkip shell extension 'dsv' for command environment[0m
[3.600s] [34mcolcon.colcon_core.event_handler.log_command[0m [1;30mDEBUG[0m [32mInvoking command in '/home/deathstroke/vins-fusion-ros2/build/loop_fusion': CMAKE_PREFIX_PATH=/home/deathstroke/vins-fusion-ros2/install/camera_models:/home/deathstroke/.local:/home/deathstroke/vins-fusion-ros2/install/vins:/home/deathstroke/vins-fusion-ros2/install/loop_fusion:/home/deathstroke/vins-fusion-ros2/install/global_fusion:/home/deathstroke/.local:/home/deathstroke/workspace/catkin_ws_ov/install/ov_msckf:/home/deathstroke/workspace/catkin_ws_ov/install/ov_init:/home/deathstroke/workspace/catkin_ws_ov/install/ov_eval:/home/deathstroke/workspace/catkin_ws_ov/install/ov_data:/home/deathstroke/workspace/catkin_ws_ov/install/ov_core:/home/deathstroke/zed-ros/install/zed_ros2:/home/deathstroke/zed-ros/install/zed_wrapper:/home/deathstroke/zed-ros/install/zed_components:/home/deathstroke/realsense-ros/install/realsense2_rviz_plugin:/home/deathstroke/realsense-ros/install/realsense2_description:/home/deathstroke/realsense-ros/install/realsense2_camera_msgs:/home/deathstroke/rust_ws/install/common_interfaces:/home/deathstroke/rust_ws/install/visualization_msgs:/home/deathstroke/rust_ws/install/test_msgs:/home/deathstroke/rust_ws/install/example_interfaces:/home/deathstroke/rust_ws/install/action_msgs:/home/deathstroke/rust_ws/install/unique_identifier_msgs:/home/deathstroke/rust_ws/install/trajectory_msgs:/home/deathstroke/rust_ws/install/test_interface_files:/home/deathstroke/rust_ws/install/stereo_msgs:/home/deathstroke/rust_ws/install/std_srvs:/home/deathstroke/rust_ws/install/shape_msgs:/home/deathstroke/rust_ws/install/sensor_msgs:/home/deathstroke/rust_ws/install/nav_msgs:/home/deathstroke/rust_ws/install/diagnostic_msgs:/home/deathstroke/rust_ws/install/geometry_msgs:/home/deathstroke/rust_ws/install/actionlib_msgs:/home/deathstroke/rust_ws/install/std_msgs:/home/deathstroke/rust_ws/install/statistics_msgs:/home/deathstroke/rust_ws/install/rosgraph_msgs:/home/deathstroke/rust_ws/install/rclrs_example_msgs:/home/deathstroke/rust_ws/install/composition_interfaces:/home/deathstroke/rust_ws/install/rcl_interfaces:/home/deathstroke/rust_ws/install/lifecycle_msgs:/home/deathstroke/rust_ws/install/builtin_interfaces:/home/deathstroke/rust_ws/install/rosidl_default_runtime:/home/deathstroke/rust_ws/install/rosidl_default_generators:/home/deathstroke/rust_ws/install/rosidl_generator_rs:/home/deathstroke/realsense-ros/install/realsense2_ros_mqtt_bridge:/home/deathstroke/rust_ws/install/examples_worker_demo:/home/deathstroke/rust_ws/install/examples_rclrs_minimal_pub_sub:/home/deathstroke/rust_ws/install/examples_rclrs_minimal_client_service:/home/deathstroke/rust_ws/install/examples_parameter_demo:/home/deathstroke/rust_ws/install/examples_logging_demo:/home/deathstroke/rust_ws/install/sensor_msgs_py:/home/deathstroke/rust_ws/install/rust_pubsub:/home/deathstroke/rust_ws/install/examples_rclrs_message_demo:/home/deathstroke/rust_ws/install/rosidl_runtime_rs:/home/deathstroke/rust_ws/install/rclrs:/opt/ros/humble PATH=/home/deathstroke/vins-fusion-ros2/install/camera_models/bin:/home/deathstroke/Android/Sdk/platform-tools:/usr/local/cuda-12.8/bin:/home/deathstroke/.pyenv/shims:/home/deathstroke/.pyenv/bin:/home/deathstroke/.pyenv/bin:/usr/lib/ccache:/home/deathstroke/rt-ardupilot/Tools/autotest:/home/deathstroke/vins-fusion-ros2/install/global_fusion/bin:/home/deathstroke/Android/Sdk/platform-tools:/usr/local/cuda-12.8/bin:/home/deathstroke/.pyenv/bin:/home/deathstroke/.pyenv/bin:/opt/ros/humble/bin:/usr/lib/ccache:/home/deathstroke/rt-ardupilot/Tools/autotest:/home/deathstroke/ardupilot/Tools/autotest:/usr/lib/ccache:/home/deathstroke/ardupilot/Tools/autotest:/opt/gcc-arm-none-eabi-10-2020-q4-major/bin:/home/deathstroke/.cargo/bin:/home/deathstroke/.local/bin:/usr/local/sbin:/usr/local/bin:/usr/sbin:/usr/bin:/sbin:/bin:/usr/games:/usr/local/games:/snap/bin:/snap/bin:/usr/local/lib/android-ndk:/usr/local/lib/android-ndk /usr/bin/cmake /home/deathstroke/vins-fusion-ros2/src/VINS-Fusion-ROS2-humble-arm/loop_fusion -DAMENT_CMAKE_SYMLINK_INSTALL=1 -DCMAKE_INSTALL_PREFIX=/home/deathstroke/vins-fusion-ros2/install/loop_fusion[0m
[3.600s] [34mcolcon.colcon_core.event_handler.log_command[0m [1;30mDEBUG[0m [32mInvoking command in '/home/deathstroke/vins-fusion-ros2/build/vins': CMAKE_PREFIX_PATH=/home/deathstroke/vins-fusion-ros2/install/camera_models:/home/deathstroke/.local:/home/deathstroke/vins-fusion-ros2/install/vins:/home/deathstroke/vins-fusion-ros2/install/loop_fusion:/home/deathstroke/vins-fusion-ros2/install/global_fusion:/home/deathstroke/.local:/home/deathstroke/workspace/catkin_ws_ov/install/ov_msckf:/home/deathstroke/workspace/catkin_ws_ov/install/ov_init:/home/deathstroke/workspace/catkin_ws_ov/install/ov_eval:/home/deathstroke/workspace/catkin_ws_ov/install/ov_data:/home/deathstroke/workspace/catkin_ws_ov/install/ov_core:/home/deathstroke/zed-ros/install/zed_ros2:/home/deathstroke/zed-ros/install/zed_wrapper:/home/deathstroke/zed-ros/install/zed_components:/home/deathstroke/realsense-ros/install/realsense2_rviz_plugin:/home/deathstroke/realsense-ros/install/realsense2_description:/home/deathstroke/realsense-ros/install/realsense2_camera_msgs:/home/deathstroke/rust_ws/install/common_interfaces:/home/deathstroke/rust_ws/install/visualization_msgs:/home/deathstroke/rust_ws/install/test_msgs:/home/deathstroke/rust_ws/install/example_interfaces:/home/deathstroke/rust_ws/install/action_msgs:/home/deathstroke/rust_ws/install/unique_identifier_msgs:/home/deathstroke/rust_ws/install/trajectory_msgs:/home/deathstroke/rust_ws/install/test_interface_files:/home/deathstroke/rust_ws/install/stereo_msgs:/home/deathstroke/rust_ws/install/std_srvs:/home/deathstroke/rust_ws/install/shape_msgs:/home/deathstroke/rust_ws/install/sensor_msgs:/home/deathstroke/rust_ws/install/nav_msgs:/home/deathstroke/rust_ws/install/diagnostic_msgs:/home/deathstroke/rust_ws/install/geometry_msgs:/home/deathstroke/rust_ws/install/actionlib_msgs:/home/deathstroke/rust_ws/install/std_msgs:/home/deathstroke/rust_ws/install/statistics_msgs:/home/deathstroke/rust_ws/install/rosgraph_msgs:/home/deathstroke/rust_ws/install/rclrs_example_msgs:/home/deathstroke/rust_ws/install/composition_interfaces:/home/deathstroke/rust_ws/install/rcl_interfaces:/home/deathstroke/rust_ws/install/lifecycle_msgs:/home/deathstroke/rust_ws/install/builtin_interfaces:/home/deathstroke/rust_ws/install/rosidl_default_runtime:/home/deathstroke/rust_ws/install/rosidl_default_generators:/home/deathstroke/rust_ws/install/rosidl_generator_rs:/home/deathstroke/realsense-ros/install/realsense2_ros_mqtt_bridge:/home/deathstroke/rust_ws/install/examples_worker_demo:/home/deathstroke/rust_ws/install/examples_rclrs_minimal_pub_sub:/home/deathstroke/rust_ws/install/examples_rclrs_minimal_client_service:/home/deathstroke/rust_ws/install/examples_parameter_demo:/home/deathstroke/rust_ws/install/examples_logging_demo:/home/deathstroke/rust_ws/install/sensor_msgs_py:/home/deathstroke/rust_ws/install/rust_pubsub:/home/deathstroke/rust_ws/install/examples_rclrs_message_demo:/home/deathstroke/rust_ws/install/rosidl_runtime_rs:/home/deathstroke/rust_ws/install/rclrs:/opt/ros/humble PATH=/home/deathstroke/vins-fusion-ros2/install/camera_models/bin:/home/deathstroke/Android/Sdk/platform-tools:/usr/local/cuda-12.8/bin:/home/deathstroke/.pyenv/shims:/home/deathstroke/.pyenv/bin:/home/deathstroke/.pyenv/bin:/usr/lib/ccache:/home/deathstroke/rt-ardupilot/Tools/autotest:/home/deathstroke/vins-fusion-ros2/install/global_fusion/bin:/home/deathstroke/Android/Sdk/platform-tools:/usr/local/cuda-12.8/bin:/home/deathstroke/.pyenv/bin:/home/deathstroke/.pyenv/bin:/opt/ros/humble/bin:/usr/lib/ccache:/home/deathstroke/rt-ardupilot/Tools/autotest:/home/deathstroke/ardupilot/Tools/autotest:/usr/lib/ccache:/home/deathstroke/ardupilot/Tools/autotest:/opt/gcc-arm-none-eabi-10-2020-q4-major/bin:/home/deathstroke/.cargo/bin:/home/deathstroke/.local/bin:/usr/local/sbin:/usr/local/bin:/usr/sbin:/usr/bin:/sbin:/bin:/usr/games:/usr/local/games:/snap/bin:/snap/bin:/usr/local/lib/android-ndk:/usr/local/lib/android-ndk /usr/bin/cmake /home/deathstroke/vins-fusion-ros2/src/VINS-Fusion-ROS2-humble-arm/vins -DAMENT_CMAKE_SYMLINK_INSTALL=1 -DCMAKE_INSTALL_PREFIX=/home/deathstroke/vins-fusion-ros2/install/vins[0m
[5.001s] [34mcolcon.colcon_core.event_handler.log_command[0m [1;30mDEBUG[0m [32mInvoked command in '/home/deathstroke/vins-fusion-ros2/build/loop_fusion' returned '0': CMAKE_PREFIX_PATH=/home/deathstroke/vins-fusion-ros2/install/camera_models:/home/deathstroke/.local:/home/deathstroke/vins-fusion-ros2/install/vins:/home/deathstroke/vins-fusion-ros2/install/loop_fusion:/home/deathstroke/vins-fusion-ros2/install/global_fusion:/home/deathstroke/.local:/home/deathstroke/workspace/catkin_ws_ov/install/ov_msckf:/home/deathstroke/workspace/catkin_ws_ov/install/ov_init:/home/deathstroke/workspace/catkin_ws_ov/install/ov_eval:/home/deathstroke/workspace/catkin_ws_ov/install/ov_data:/home/deathstroke/workspace/catkin_ws_ov/install/ov_core:/home/deathstroke/zed-ros/install/zed_ros2:/home/deathstroke/zed-ros/install/zed_wrapper:/home/deathstroke/zed-ros/install/zed_components:/home/deathstroke/realsense-ros/install/realsense2_rviz_plugin:/home/deathstroke/realsense-ros/install/realsense2_description:/home/deathstroke/realsense-ros/install/realsense2_camera_msgs:/home/deathstroke/rust_ws/install/common_interfaces:/home/deathstroke/rust_ws/install/visualization_msgs:/home/deathstroke/rust_ws/install/test_msgs:/home/deathstroke/rust_ws/install/example_interfaces:/home/deathstroke/rust_ws/install/action_msgs:/home/deathstroke/rust_ws/install/unique_identifier_msgs:/home/deathstroke/rust_ws/install/trajectory_msgs:/home/deathstroke/rust_ws/install/test_interface_files:/home/deathstroke/rust_ws/install/stereo_msgs:/home/deathstroke/rust_ws/install/std_srvs:/home/deathstroke/rust_ws/install/shape_msgs:/home/deathstroke/rust_ws/install/sensor_msgs:/home/deathstroke/rust_ws/install/nav_msgs:/home/deathstroke/rust_ws/install/diagnostic_msgs:/home/deathstroke/rust_ws/install/geometry_msgs:/home/deathstroke/rust_ws/install/actionlib_msgs:/home/deathstroke/rust_ws/install/std_msgs:/home/deathstroke/rust_ws/install/statistics_msgs:/home/deathstroke/rust_ws/install/rosgraph_msgs:/home/deathstroke/rust_ws/install/rclrs_example_msgs:/home/deathstroke/rust_ws/install/composition_interfaces:/home/deathstroke/rust_ws/install/rcl_interfaces:/home/deathstroke/rust_ws/install/lifecycle_msgs:/home/deathstroke/rust_ws/install/builtin_interfaces:/home/deathstroke/rust_ws/install/rosidl_default_runtime:/home/deathstroke/rust_ws/install/rosidl_default_generators:/home/deathstroke/rust_ws/install/rosidl_generator_rs:/home/deathstroke/realsense-ros/install/realsense2_ros_mqtt_bridge:/home/deathstroke/rust_ws/install/examples_worker_demo:/home/deathstroke/rust_ws/install/examples_rclrs_minimal_pub_sub:/home/deathstroke/rust_ws/install/examples_rclrs_minimal_client_service:/home/deathstroke/rust_ws/install/examples_parameter_demo:/home/deathstroke/rust_ws/install/examples_logging_demo:/home/deathstroke/rust_ws/install/sensor_msgs_py:/home/deathstroke/rust_ws/install/rust_pubsub:/home/deathstroke/rust_ws/install/examples_rclrs_message_demo:/home/deathstroke/rust_ws/install/rosidl_runtime_rs:/home/deathstroke/rust_ws/install/rclrs:/opt/ros/humble PATH=/home/deathstroke/vins-fusion-ros2/install/camera_models/bin:/home/deathstroke/Android/Sdk/platform-tools:/usr/local/cuda-12.8/bin:/home/deathstroke/.pyenv/shims:/home/deathstroke/.pyenv/bin:/home/deathstroke/.pyenv/bin:/usr/lib/ccache:/home/deathstroke/rt-ardupilot/Tools/autotest:/home/deathstroke/vins-fusion-ros2/install/global_fusion/bin:/home/deathstroke/Android/Sdk/platform-tools:/usr/local/cuda-12.8/bin:/home/deathstroke/.pyenv/bin:/home/deathstroke/.pyenv/bin:/opt/ros/humble/bin:/usr/lib/ccache:/home/deathstroke/rt-ardupilot/Tools/autotest:/home/deathstroke/ardupilot/Tools/autotest:/usr/lib/ccache:/home/deathstroke/ardupilot/Tools/autotest:/opt/gcc-arm-none-eabi-10-2020-q4-major/bin:/home/deathstroke/.cargo/bin:/home/deathstroke/.local/bin:/usr/local/sbin:/usr/local/bin:/usr/sbin:/usr/bin:/sbin:/bin:/usr/games:/usr/local/games:/snap/bin:/snap/bin:/usr/local/lib/android-ndk:/usr/local/lib/android-ndk /usr/bin/cmake /home/deathstroke/vins-fusion-ros2/src/VINS-Fusion-ROS2-humble-arm/loop_fusion -DAMENT_CMAKE_SYMLINK_INSTALL=1 -DCMAKE_INSTALL_PREFIX=/home/deathstroke/vins-fusion-ros2/install/loop_fusion[0m
[5.001s] [34mcolcon.colcon_core.event_handler.log_command[0m [1;30mDEBUG[0m [32mInvoking command in '/home/deathstroke/vins-fusion-ros2/build/loop_fusion': CMAKE_PREFIX_PATH=/home/deathstroke/vins-fusion-ros2/install/camera_models:/home/deathstroke/.local:/home/deathstroke/vins-fusion-ros2/install/vins:/home/deathstroke/vins-fusion-ros2/install/loop_fusion:/home/deathstroke/vins-fusion-ros2/install/global_fusion:/home/deathstroke/.local:/home/deathstroke/workspace/catkin_ws_ov/install/ov_msckf:/home/deathstroke/workspace/catkin_ws_ov/install/ov_init:/home/deathstroke/workspace/catkin_ws_ov/install/ov_eval:/home/deathstroke/workspace/catkin_ws_ov/install/ov_data:/home/deathstroke/workspace/catkin_ws_ov/install/ov_core:/home/deathstroke/zed-ros/install/zed_ros2:/home/deathstroke/zed-ros/install/zed_wrapper:/home/deathstroke/zed-ros/install/zed_components:/home/deathstroke/realsense-ros/install/realsense2_rviz_plugin:/home/deathstroke/realsense-ros/install/realsense2_description:/home/deathstroke/realsense-ros/install/realsense2_camera_msgs:/home/deathstroke/rust_ws/install/common_interfaces:/home/deathstroke/rust_ws/install/visualization_msgs:/home/deathstroke/rust_ws/install/test_msgs:/home/deathstroke/rust_ws/install/example_interfaces:/home/deathstroke/rust_ws/install/action_msgs:/home/deathstroke/rust_ws/install/unique_identifier_msgs:/home/deathstroke/rust_ws/install/trajectory_msgs:/home/deathstroke/rust_ws/install/test_interface_files:/home/deathstroke/rust_ws/install/stereo_msgs:/home/deathstroke/rust_ws/install/std_srvs:/home/deathstroke/rust_ws/install/shape_msgs:/home/deathstroke/rust_ws/install/sensor_msgs:/home/deathstroke/rust_ws/install/nav_msgs:/home/deathstroke/rust_ws/install/diagnostic_msgs:/home/deathstroke/rust_ws/install/geometry_msgs:/home/deathstroke/rust_ws/install/actionlib_msgs:/home/deathstroke/rust_ws/install/std_msgs:/home/deathstroke/rust_ws/install/statistics_msgs:/home/deathstroke/rust_ws/install/rosgraph_msgs:/home/deathstroke/rust_ws/install/rclrs_example_msgs:/home/deathstroke/rust_ws/install/composition_interfaces:/home/deathstroke/rust_ws/install/rcl_interfaces:/home/deathstroke/rust_ws/install/lifecycle_msgs:/home/deathstroke/rust_ws/install/builtin_interfaces:/home/deathstroke/rust_ws/install/rosidl_default_runtime:/home/deathstroke/rust_ws/install/rosidl_default_generators:/home/deathstroke/rust_ws/install/rosidl_generator_rs:/home/deathstroke/realsense-ros/install/realsense2_ros_mqtt_bridge:/home/deathstroke/rust_ws/install/examples_worker_demo:/home/deathstroke/rust_ws/install/examples_rclrs_minimal_pub_sub:/home/deathstroke/rust_ws/install/examples_rclrs_minimal_client_service:/home/deathstroke/rust_ws/install/examples_parameter_demo:/home/deathstroke/rust_ws/install/examples_logging_demo:/home/deathstroke/rust_ws/install/sensor_msgs_py:/home/deathstroke/rust_ws/install/rust_pubsub:/home/deathstroke/rust_ws/install/examples_rclrs_message_demo:/home/deathstroke/rust_ws/install/rosidl_runtime_rs:/home/deathstroke/rust_ws/install/rclrs:/opt/ros/humble PATH=/home/deathstroke/vins-fusion-ros2/install/camera_models/bin:/home/deathstroke/Android/Sdk/platform-tools:/usr/local/cuda-12.8/bin:/home/deathstroke/.pyenv/shims:/home/deathstroke/.pyenv/bin:/home/deathstroke/.pyenv/bin:/usr/lib/ccache:/home/deathstroke/rt-ardupilot/Tools/autotest:/home/deathstroke/vins-fusion-ros2/install/global_fusion/bin:/home/deathstroke/Android/Sdk/platform-tools:/usr/local/cuda-12.8/bin:/home/deathstroke/.pyenv/bin:/home/deathstroke/.pyenv/bin:/opt/ros/humble/bin:/usr/lib/ccache:/home/deathstroke/rt-ardupilot/Tools/autotest:/home/deathstroke/ardupilot/Tools/autotest:/usr/lib/ccache:/home/deathstroke/ardupilot/Tools/autotest:/opt/gcc-arm-none-eabi-10-2020-q4-major/bin:/home/deathstroke/.cargo/bin:/home/deathstroke/.local/bin:/usr/local/sbin:/usr/local/bin:/usr/sbin:/usr/bin:/sbin:/bin:/usr/games:/usr/local/games:/snap/bin:/snap/bin:/usr/local/lib/android-ndk:/usr/local/lib/android-ndk /usr/bin/cmake --build /home/deathstroke/vins-fusion-ros2/build/loop_fusion -- -j32 -l32[0m
[5.120s] [34mcolcon.colcon_core.event_handler.log_command[0m [1;30mDEBUG[0m [32mInvoked command in '/home/deathstroke/vins-fusion-ros2/build/vins' returned '0': CMAKE_PREFIX_PATH=/home/deathstroke/vins-fusion-ros2/install/camera_models:/home/deathstroke/.local:/home/deathstroke/vins-fusion-ros2/install/vins:/home/deathstroke/vins-fusion-ros2/install/loop_fusion:/home/deathstroke/vins-fusion-ros2/install/global_fusion:/home/deathstroke/.local:/home/deathstroke/workspace/catkin_ws_ov/install/ov_msckf:/home/deathstroke/workspace/catkin_ws_ov/install/ov_init:/home/deathstroke/workspace/catkin_ws_ov/install/ov_eval:/home/deathstroke/workspace/catkin_ws_ov/install/ov_data:/home/deathstroke/workspace/catkin_ws_ov/install/ov_core:/home/deathstroke/zed-ros/install/zed_ros2:/home/deathstroke/zed-ros/install/zed_wrapper:/home/deathstroke/zed-ros/install/zed_components:/home/deathstroke/realsense-ros/install/realsense2_rviz_plugin:/home/deathstroke/realsense-ros/install/realsense2_description:/home/deathstroke/realsense-ros/install/realsense2_camera_msgs:/home/deathstroke/rust_ws/install/common_interfaces:/home/deathstroke/rust_ws/install/visualization_msgs:/home/deathstroke/rust_ws/install/test_msgs:/home/deathstroke/rust_ws/install/example_interfaces:/home/deathstroke/rust_ws/install/action_msgs:/home/deathstroke/rust_ws/install/unique_identifier_msgs:/home/deathstroke/rust_ws/install/trajectory_msgs:/home/deathstroke/rust_ws/install/test_interface_files:/home/deathstroke/rust_ws/install/stereo_msgs:/home/deathstroke/rust_ws/install/std_srvs:/home/deathstroke/rust_ws/install/shape_msgs:/home/deathstroke/rust_ws/install/sensor_msgs:/home/deathstroke/rust_ws/install/nav_msgs:/home/deathstroke/rust_ws/install/diagnostic_msgs:/home/deathstroke/rust_ws/install/geometry_msgs:/home/deathstroke/rust_ws/install/actionlib_msgs:/home/deathstroke/rust_ws/install/std_msgs:/home/deathstroke/rust_ws/install/statistics_msgs:/home/deathstroke/rust_ws/install/rosgraph_msgs:/home/deathstroke/rust_ws/install/rclrs_example_msgs:/home/deathstroke/rust_ws/install/composition_interfaces:/home/deathstroke/rust_ws/install/rcl_interfaces:/home/deathstroke/rust_ws/install/lifecycle_msgs:/home/deathstroke/rust_ws/install/builtin_interfaces:/home/deathstroke/rust_ws/install/rosidl_default_runtime:/home/deathstroke/rust_ws/install/rosidl_default_generators:/home/deathstroke/rust_ws/install/rosidl_generator_rs:/home/deathstroke/realsense-ros/install/realsense2_ros_mqtt_bridge:/home/deathstroke/rust_ws/install/examples_worker_demo:/home/deathstroke/rust_ws/install/examples_rclrs_minimal_pub_sub:/home/deathstroke/rust_ws/install/examples_rclrs_minimal_client_service:/home/deathstroke/rust_ws/install/examples_parameter_demo:/home/deathstroke/rust_ws/install/examples_logging_demo:/home/deathstroke/rust_ws/install/sensor_msgs_py:/home/deathstroke/rust_ws/install/rust_pubsub:/home/deathstroke/rust_ws/install/examples_rclrs_message_demo:/home/deathstroke/rust_ws/install/rosidl_runtime_rs:/home/deathstroke/rust_ws/install/rclrs:/opt/ros/humble PATH=/home/deathstroke/vins-fusion-ros2/install/camera_models/bin:/home/deathstroke/Android/Sdk/platform-tools:/usr/local/cuda-12.8/bin:/home/deathstroke/.pyenv/shims:/home/deathstroke/.pyenv/bin:/home/deathstroke/.pyenv/bin:/usr/lib/ccache:/home/deathstroke/rt-ardupilot/Tools/autotest:/home/deathstroke/vins-fusion-ros2/install/global_fusion/bin:/home/deathstroke/Android/Sdk/platform-tools:/usr/local/cuda-12.8/bin:/home/deathstroke/.pyenv/bin:/home/deathstroke/.pyenv/bin:/opt/ros/humble/bin:/usr/lib/ccache:/home/deathstroke/rt-ardupilot/Tools/autotest:/home/deathstroke/ardupilot/Tools/autotest:/usr/lib/ccache:/home/deathstroke/ardupilot/Tools/autotest:/opt/gcc-arm-none-eabi-10-2020-q4-major/bin:/home/deathstroke/.cargo/bin:/home/deathstroke/.local/bin:/usr/local/sbin:/usr/local/bin:/usr/sbin:/usr/bin:/sbin:/bin:/usr/games:/usr/local/games:/snap/bin:/snap/bin:/usr/local/lib/android-ndk:/usr/local/lib/android-ndk /usr/bin/cmake /home/deathstroke/vins-fusion-ros2/src/VINS-Fusion-ROS2-humble-arm/vins -DAMENT_CMAKE_SYMLINK_INSTALL=1 -DCMAKE_INSTALL_PREFIX=/home/deathstroke/vins-fusion-ros2/install/vins[0m
[5.121s] [34mcolcon.colcon_core.event_handler.log_command[0m [1;30mDEBUG[0m [32mInvoking command in '/home/deathstroke/vins-fusion-ros2/build/vins': CMAKE_PREFIX_PATH=/home/deathstroke/vins-fusion-ros2/install/camera_models:/home/deathstroke/.local:/home/deathstroke/vins-fusion-ros2/install/vins:/home/deathstroke/vins-fusion-ros2/install/loop_fusion:/home/deathstroke/vins-fusion-ros2/install/global_fusion:/home/deathstroke/.local:/home/deathstroke/workspace/catkin_ws_ov/install/ov_msckf:/home/deathstroke/workspace/catkin_ws_ov/install/ov_init:/home/deathstroke/workspace/catkin_ws_ov/install/ov_eval:/home/deathstroke/workspace/catkin_ws_ov/install/ov_data:/home/deathstroke/workspace/catkin_ws_ov/install/ov_core:/home/deathstroke/zed-ros/install/zed_ros2:/home/deathstroke/zed-ros/install/zed_wrapper:/home/deathstroke/zed-ros/install/zed_components:/home/deathstroke/realsense-ros/install/realsense2_rviz_plugin:/home/deathstroke/realsense-ros/install/realsense2_description:/home/deathstroke/realsense-ros/install/realsense2_camera_msgs:/home/deathstroke/rust_ws/install/common_interfaces:/home/deathstroke/rust_ws/install/visualization_msgs:/home/deathstroke/rust_ws/install/test_msgs:/home/deathstroke/rust_ws/install/example_interfaces:/home/deathstroke/rust_ws/install/action_msgs:/home/deathstroke/rust_ws/install/unique_identifier_msgs:/home/deathstroke/rust_ws/install/trajectory_msgs:/home/deathstroke/rust_ws/install/test_interface_files:/home/deathstroke/rust_ws/install/stereo_msgs:/home/deathstroke/rust_ws/install/std_srvs:/home/deathstroke/rust_ws/install/shape_msgs:/home/deathstroke/rust_ws/install/sensor_msgs:/home/deathstroke/rust_ws/install/nav_msgs:/home/deathstroke/rust_ws/install/diagnostic_msgs:/home/deathstroke/rust_ws/install/geometry_msgs:/home/deathstroke/rust_ws/install/actionlib_msgs:/home/deathstroke/rust_ws/install/std_msgs:/home/deathstroke/rust_ws/install/statistics_msgs:/home/deathstroke/rust_ws/install/rosgraph_msgs:/home/deathstroke/rust_ws/install/rclrs_example_msgs:/home/deathstroke/rust_ws/install/composition_interfaces:/home/deathstroke/rust_ws/install/rcl_interfaces:/home/deathstroke/rust_ws/install/lifecycle_msgs:/home/deathstroke/rust_ws/install/builtin_interfaces:/home/deathstroke/rust_ws/install/rosidl_default_runtime:/home/deathstroke/rust_ws/install/rosidl_default_generators:/home/deathstroke/rust_ws/install/rosidl_generator_rs:/home/deathstroke/realsense-ros/install/realsense2_ros_mqtt_bridge:/home/deathstroke/rust_ws/install/examples_worker_demo:/home/deathstroke/rust_ws/install/examples_rclrs_minimal_pub_sub:/home/deathstroke/rust_ws/install/examples_rclrs_minimal_client_service:/home/deathstroke/rust_ws/install/examples_parameter_demo:/home/deathstroke/rust_ws/install/examples_logging_demo:/home/deathstroke/rust_ws/install/sensor_msgs_py:/home/deathstroke/rust_ws/install/rust_pubsub:/home/deathstroke/rust_ws/install/examples_rclrs_message_demo:/home/deathstroke/rust_ws/install/rosidl_runtime_rs:/home/deathstroke/rust_ws/install/rclrs:/opt/ros/humble PATH=/home/deathstroke/vins-fusion-ros2/install/camera_models/bin:/home/deathstroke/Android/Sdk/platform-tools:/usr/local/cuda-12.8/bin:/home/deathstroke/.pyenv/shims:/home/deathstroke/.pyenv/bin:/home/deathstroke/.pyenv/bin:/usr/lib/ccache:/home/deathstroke/rt-ardupilot/Tools/autotest:/home/deathstroke/vins-fusion-ros2/install/global_fusion/bin:/home/deathstroke/Android/Sdk/platform-tools:/usr/local/cuda-12.8/bin:/home/deathstroke/.pyenv/bin:/home/deathstroke/.pyenv/bin:/opt/ros/humble/bin:/usr/lib/ccache:/home/deathstroke/rt-ardupilot/Tools/autotest:/home/deathstroke/ardupilot/Tools/autotest:/usr/lib/ccache:/home/deathstroke/ardupilot/Tools/autotest:/opt/gcc-arm-none-eabi-10-2020-q4-major/bin:/home/deathstroke/.cargo/bin:/home/deathstroke/.local/bin:/usr/local/sbin:/usr/local/bin:/usr/sbin:/usr/bin:/sbin:/bin:/usr/games:/usr/local/games:/snap/bin:/snap/bin:/usr/local/lib/android-ndk:/usr/local/lib/android-ndk /usr/bin/cmake --build /home/deathstroke/vins-fusion-ros2/build/vins -- -j32 -l32[0m
[5.936s] [34mcolcon.colcon_core.event_handler.log_command[0m [1;30mDEBUG[0m [32mInvoked command in '/home/deathstroke/vins-fusion-ros2/build/loop_fusion' returned '0': CMAKE_PREFIX_PATH=/home/deathstroke/vins-fusion-ros2/install/camera_models:/home/deathstroke/.local:/home/deathstroke/vins-fusion-ros2/install/vins:/home/deathstroke/vins-fusion-ros2/install/loop_fusion:/home/deathstroke/vins-fusion-ros2/install/global_fusion:/home/deathstroke/.local:/home/deathstroke/workspace/catkin_ws_ov/install/ov_msckf:/home/deathstroke/workspace/catkin_ws_ov/install/ov_init:/home/deathstroke/workspace/catkin_ws_ov/install/ov_eval:/home/deathstroke/workspace/catkin_ws_ov/install/ov_data:/home/deathstroke/workspace/catkin_ws_ov/install/ov_core:/home/deathstroke/zed-ros/install/zed_ros2:/home/deathstroke/zed-ros/install/zed_wrapper:/home/deathstroke/zed-ros/install/zed_components:/home/deathstroke/realsense-ros/install/realsense2_rviz_plugin:/home/deathstroke/realsense-ros/install/realsense2_description:/home/deathstroke/realsense-ros/install/realsense2_camera_msgs:/home/deathstroke/rust_ws/install/common_interfaces:/home/deathstroke/rust_ws/install/visualization_msgs:/home/deathstroke/rust_ws/install/test_msgs:/home/deathstroke/rust_ws/install/example_interfaces:/home/deathstroke/rust_ws/install/action_msgs:/home/deathstroke/rust_ws/install/unique_identifier_msgs:/home/deathstroke/rust_ws/install/trajectory_msgs:/home/deathstroke/rust_ws/install/test_interface_files:/home/deathstroke/rust_ws/install/stereo_msgs:/home/deathstroke/rust_ws/install/std_srvs:/home/deathstroke/rust_ws/install/shape_msgs:/home/deathstroke/rust_ws/install/sensor_msgs:/home/deathstroke/rust_ws/install/nav_msgs:/home/deathstroke/rust_ws/install/diagnostic_msgs:/home/deathstroke/rust_ws/install/geometry_msgs:/home/deathstroke/rust_ws/install/actionlib_msgs:/home/deathstroke/rust_ws/install/std_msgs:/home/deathstroke/rust_ws/install/statistics_msgs:/home/deathstroke/rust_ws/install/rosgraph_msgs:/home/deathstroke/rust_ws/install/rclrs_example_msgs:/home/deathstroke/rust_ws/install/composition_interfaces:/home/deathstroke/rust_ws/install/rcl_interfaces:/home/deathstroke/rust_ws/install/lifecycle_msgs:/home/deathstroke/rust_ws/install/builtin_interfaces:/home/deathstroke/rust_ws/install/rosidl_default_runtime:/home/deathstroke/rust_ws/install/rosidl_default_generators:/home/deathstroke/rust_ws/install/rosidl_generator_rs:/home/deathstroke/realsense-ros/install/realsense2_ros_mqtt_bridge:/home/deathstroke/rust_ws/install/examples_worker_demo:/home/deathstroke/rust_ws/install/examples_rclrs_minimal_pub_sub:/home/deathstroke/rust_ws/install/examples_rclrs_minimal_client_service:/home/deathstroke/rust_ws/install/examples_parameter_demo:/home/deathstroke/rust_ws/install/examples_logging_demo:/home/deathstroke/rust_ws/install/sensor_msgs_py:/home/deathstroke/rust_ws/install/rust_pubsub:/home/deathstroke/rust_ws/install/examples_rclrs_message_demo:/home/deathstroke/rust_ws/install/rosidl_runtime_rs:/home/deathstroke/rust_ws/install/rclrs:/opt/ros/humble PATH=/home/deathstroke/vins-fusion-ros2/install/camera_models/bin:/home/deathstroke/Android/Sdk/platform-tools:/usr/local/cuda-12.8/bin:/home/deathstroke/.pyenv/shims:/home/deathstroke/.pyenv/bin:/home/deathstroke/.pyenv/bin:/usr/lib/ccache:/home/deathstroke/rt-ardupilot/Tools/autotest:/home/deathstroke/vins-fusion-ros2/install/global_fusion/bin:/home/deathstroke/Android/Sdk/platform-tools:/usr/local/cuda-12.8/bin:/home/deathstroke/.pyenv/bin:/home/deathstroke/.pyenv/bin:/opt/ros/humble/bin:/usr/lib/ccache:/home/deathstroke/rt-ardupilot/Tools/autotest:/home/deathstroke/ardupilot/Tools/autotest:/usr/lib/ccache:/home/deathstroke/ardupilot/Tools/autotest:/opt/gcc-arm-none-eabi-10-2020-q4-major/bin:/home/deathstroke/.cargo/bin:/home/deathstroke/.local/bin:/usr/local/sbin:/usr/local/bin:/usr/sbin:/usr/bin:/sbin:/bin:/usr/games:/usr/local/games:/snap/bin:/snap/bin:/usr/local/lib/android-ndk:/usr/local/lib/android-ndk /usr/bin/cmake --build /home/deathstroke/vins-fusion-ros2/build/loop_fusion -- -j32 -l32[0m
[5.937s] [34mcolcon.colcon_core.event_handler.log_command[0m [1;30mDEBUG[0m [32mInvoking command in '/home/deathstroke/vins-fusion-ros2/build/loop_fusion': CMAKE_PREFIX_PATH=/home/deathstroke/vins-fusion-ros2/install/camera_models:/home/deathstroke/.local:/home/deathstroke/vins-fusion-ros2/install/vins:/home/deathstroke/vins-fusion-ros2/install/loop_fusion:/home/deathstroke/vins-fusion-ros2/install/global_fusion:/home/deathstroke/.local:/home/deathstroke/workspace/catkin_ws_ov/install/ov_msckf:/home/deathstroke/workspace/catkin_ws_ov/install/ov_init:/home/deathstroke/workspace/catkin_ws_ov/install/ov_eval:/home/deathstroke/workspace/catkin_ws_ov/install/ov_data:/home/deathstroke/workspace/catkin_ws_ov/install/ov_core:/home/deathstroke/zed-ros/install/zed_ros2:/home/deathstroke/zed-ros/install/zed_wrapper:/home/deathstroke/zed-ros/install/zed_components:/home/deathstroke/realsense-ros/install/realsense2_rviz_plugin:/home/deathstroke/realsense-ros/install/realsense2_description:/home/deathstroke/realsense-ros/install/realsense2_camera_msgs:/home/deathstroke/rust_ws/install/common_interfaces:/home/deathstroke/rust_ws/install/visualization_msgs:/home/deathstroke/rust_ws/install/test_msgs:/home/deathstroke/rust_ws/install/example_interfaces:/home/deathstroke/rust_ws/install/action_msgs:/home/deathstroke/rust_ws/install/unique_identifier_msgs:/home/deathstroke/rust_ws/install/trajectory_msgs:/home/deathstroke/rust_ws/install/test_interface_files:/home/deathstroke/rust_ws/install/stereo_msgs:/home/deathstroke/rust_ws/install/std_srvs:/home/deathstroke/rust_ws/install/shape_msgs:/home/deathstroke/rust_ws/install/sensor_msgs:/home/deathstroke/rust_ws/install/nav_msgs:/home/deathstroke/rust_ws/install/diagnostic_msgs:/home/deathstroke/rust_ws/install/geometry_msgs:/home/deathstroke/rust_ws/install/actionlib_msgs:/home/deathstroke/rust_ws/install/std_msgs:/home/deathstroke/rust_ws/install/statistics_msgs:/home/deathstroke/rust_ws/install/rosgraph_msgs:/home/deathstroke/rust_ws/install/rclrs_example_msgs:/home/deathstroke/rust_ws/install/composition_interfaces:/home/deathstroke/rust_ws/install/rcl_interfaces:/home/deathstroke/rust_ws/install/lifecycle_msgs:/home/deathstroke/rust_ws/install/builtin_interfaces:/home/deathstroke/rust_ws/install/rosidl_default_runtime:/home/deathstroke/rust_ws/install/rosidl_default_generators:/home/deathstroke/rust_ws/install/rosidl_generator_rs:/home/deathstroke/realsense-ros/install/realsense2_ros_mqtt_bridge:/home/deathstroke/rust_ws/install/examples_worker_demo:/home/deathstroke/rust_ws/install/examples_rclrs_minimal_pub_sub:/home/deathstroke/rust_ws/install/examples_rclrs_minimal_client_service:/home/deathstroke/rust_ws/install/examples_parameter_demo:/home/deathstroke/rust_ws/install/examples_logging_demo:/home/deathstroke/rust_ws/install/sensor_msgs_py:/home/deathstroke/rust_ws/install/rust_pubsub:/home/deathstroke/rust_ws/install/examples_rclrs_message_demo:/home/deathstroke/rust_ws/install/rosidl_runtime_rs:/home/deathstroke/rust_ws/install/rclrs:/opt/ros/humble PATH=/home/deathstroke/vins-fusion-ros2/install/camera_models/bin:/home/deathstroke/Android/Sdk/platform-tools:/usr/local/cuda-12.8/bin:/home/deathstroke/.pyenv/shims:/home/deathstroke/.pyenv/bin:/home/deathstroke/.pyenv/bin:/usr/lib/ccache:/home/deathstroke/rt-ardupilot/Tools/autotest:/home/deathstroke/vins-fusion-ros2/install/global_fusion/bin:/home/deathstroke/Android/Sdk/platform-tools:/usr/local/cuda-12.8/bin:/home/deathstroke/.pyenv/bin:/home/deathstroke/.pyenv/bin:/opt/ros/humble/bin:/usr/lib/ccache:/home/deathstroke/rt-ardupilot/Tools/autotest:/home/deathstroke/ardupilot/Tools/autotest:/usr/lib/ccache:/home/deathstroke/ardupilot/Tools/autotest:/opt/gcc-arm-none-eabi-10-2020-q4-major/bin:/home/deathstroke/.cargo/bin:/home/deathstroke/.local/bin:/usr/local/sbin:/usr/local/bin:/usr/sbin:/usr/bin:/sbin:/bin:/usr/games:/usr/local/games:/snap/bin:/snap/bin:/usr/local/lib/android-ndk:/usr/local/lib/android-ndk /usr/bin/cmake --install /home/deathstroke/vins-fusion-ros2/build/loop_fusion[0m
[6.077s] [34mcolcon.colcon_core.environment[0m [1;30mLevel 1[0m create_environment_scripts_only(loop_fusion)
[6.077s] [34mcolcon.colcon_core.event_handler.log_command[0m [1;30mDEBUG[0m [32mInvoked command in '/home/deathstroke/vins-fusion-ros2/build/loop_fusion' returned '0': CMAKE_PREFIX_PATH=/home/deathstroke/vins-fusion-ros2/install/camera_models:/home/deathstroke/.local:/home/deathstroke/vins-fusion-ros2/install/vins:/home/deathstroke/vins-fusion-ros2/install/loop_fusion:/home/deathstroke/vins-fusion-ros2/install/global_fusion:/home/deathstroke/.local:/home/deathstroke/workspace/catkin_ws_ov/install/ov_msckf:/home/deathstroke/workspace/catkin_ws_ov/install/ov_init:/home/deathstroke/workspace/catkin_ws_ov/install/ov_eval:/home/deathstroke/workspace/catkin_ws_ov/install/ov_data:/home/deathstroke/workspace/catkin_ws_ov/install/ov_core:/home/deathstroke/zed-ros/install/zed_ros2:/home/deathstroke/zed-ros/install/zed_wrapper:/home/deathstroke/zed-ros/install/zed_components:/home/deathstroke/realsense-ros/install/realsense2_rviz_plugin:/home/deathstroke/realsense-ros/install/realsense2_description:/home/deathstroke/realsense-ros/install/realsense2_camera_msgs:/home/deathstroke/rust_ws/install/common_interfaces:/home/deathstroke/rust_ws/install/visualization_msgs:/home/deathstroke/rust_ws/install/test_msgs:/home/deathstroke/rust_ws/install/example_interfaces:/home/deathstroke/rust_ws/install/action_msgs:/home/deathstroke/rust_ws/install/unique_identifier_msgs:/home/deathstroke/rust_ws/install/trajectory_msgs:/home/deathstroke/rust_ws/install/test_interface_files:/home/deathstroke/rust_ws/install/stereo_msgs:/home/deathstroke/rust_ws/install/std_srvs:/home/deathstroke/rust_ws/install/shape_msgs:/home/deathstroke/rust_ws/install/sensor_msgs:/home/deathstroke/rust_ws/install/nav_msgs:/home/deathstroke/rust_ws/install/diagnostic_msgs:/home/deathstroke/rust_ws/install/geometry_msgs:/home/deathstroke/rust_ws/install/actionlib_msgs:/home/deathstroke/rust_ws/install/std_msgs:/home/deathstroke/rust_ws/install/statistics_msgs:/home/deathstroke/rust_ws/install/rosgraph_msgs:/home/deathstroke/rust_ws/install/rclrs_example_msgs:/home/deathstroke/rust_ws/install/composition_interfaces:/home/deathstroke/rust_ws/install/rcl_interfaces:/home/deathstroke/rust_ws/install/lifecycle_msgs:/home/deathstroke/rust_ws/install/builtin_interfaces:/home/deathstroke/rust_ws/install/rosidl_default_runtime:/home/deathstroke/rust_ws/install/rosidl_default_generators:/home/deathstroke/rust_ws/install/rosidl_generator_rs:/home/deathstroke/realsense-ros/install/realsense2_ros_mqtt_bridge:/home/deathstroke/rust_ws/install/examples_worker_demo:/home/deathstroke/rust_ws/install/examples_rclrs_minimal_pub_sub:/home/deathstroke/rust_ws/install/examples_rclrs_minimal_client_service:/home/deathstroke/rust_ws/install/examples_parameter_demo:/home/deathstroke/rust_ws/install/examples_logging_demo:/home/deathstroke/rust_ws/install/sensor_msgs_py:/home/deathstroke/rust_ws/install/rust_pubsub:/home/deathstroke/rust_ws/install/examples_rclrs_message_demo:/home/deathstroke/rust_ws/install/rosidl_runtime_rs:/home/deathstroke/rust_ws/install/rclrs:/opt/ros/humble PATH=/home/deathstroke/vins-fusion-ros2/install/camera_models/bin:/home/deathstroke/Android/Sdk/platform-tools:/usr/local/cuda-12.8/bin:/home/deathstroke/.pyenv/shims:/home/deathstroke/.pyenv/bin:/home/deathstroke/.pyenv/bin:/usr/lib/ccache:/home/deathstroke/rt-ardupilot/Tools/autotest:/home/deathstroke/vins-fusion-ros2/install/global_fusion/bin:/home/deathstroke/Android/Sdk/platform-tools:/usr/local/cuda-12.8/bin:/home/deathstroke/.pyenv/bin:/home/deathstroke/.pyenv/bin:/opt/ros/humble/bin:/usr/lib/ccache:/home/deathstroke/rt-ardupilot/Tools/autotest:/home/deathstroke/ardupilot/Tools/autotest:/usr/lib/ccache:/home/deathstroke/ardupilot/Tools/autotest:/opt/gcc-arm-none-eabi-10-2020-q4-major/bin:/home/deathstroke/.cargo/bin:/home/deathstroke/.local/bin:/usr/local/sbin:/usr/local/bin:/usr/sbin:/usr/bin:/sbin:/bin:/usr/games:/usr/local/games:/snap/bin:/snap/bin:/usr/local/lib/android-ndk:/usr/local/lib/android-ndk /usr/bin/cmake --install /home/deathstroke/vins-fusion-ros2/build/loop_fusion[0m
[6.078s] [34mcolcon.colcon_core.environment[0m [1;30mLevel 1[0m checking '/home/deathstroke/vins-fusion-ros2/install/loop_fusion' for CMake module files
[6.078s] [34mcolcon.colcon_core.environment[0m [1;30mLevel 1[0m checking '/home/deathstroke/vins-fusion-ros2/install/loop_fusion' for CMake config files
[6.078s] [34mcolcon.colcon_core.shell[0m [1;30mLevel 1[0m create_environment_hook('loop_fusion', 'cmake_prefix_path')
[6.078s] [34mcolcon.colcon_core.shell[0m [1;30mINFO[0m Creating environment hook '/home/deathstroke/vins-fusion-ros2/install/loop_fusion/share/loop_fusion/hook/cmake_prefix_path.ps1'
[6.079s] [34mcolcon.colcon_core.shell[0m [1;30mINFO[0m Creating environment descriptor '/home/deathstroke/vins-fusion-ros2/install/loop_fusion/share/loop_fusion/hook/cmake_prefix_path.dsv'
[6.079s] [34mcolcon.colcon_core.shell[0m [1;30mINFO[0m Creating environment hook '/home/deathstroke/vins-fusion-ros2/install/loop_fusion/share/loop_fusion/hook/cmake_prefix_path.sh'
[6.079s] [34mcolcon.colcon_core.environment[0m [1;30mLevel 1[0m checking '/home/deathstroke/vins-fusion-ros2/install/loop_fusion/lib'
[6.079s] [34mcolcon.colcon_core.environment[0m [1;30mLevel 1[0m checking '/home/deathstroke/vins-fusion-ros2/install/loop_fusion/bin'
[6.079s] [34mcolcon.colcon_core.environment[0m [1;30mLevel 1[0m checking '/home/deathstroke/vins-fusion-ros2/install/loop_fusion/lib/pkgconfig/loop_fusion.pc'
[6.080s] [34mcolcon.colcon_core.environment[0m [1;30mLevel 1[0m checking '/home/deathstroke/vins-fusion-ros2/install/loop_fusion/lib/python3.10/site-packages'
[6.080s] [34mcolcon.colcon_core.environment[0m [1;30mLevel 1[0m checking '/home/deathstroke/vins-fusion-ros2/install/loop_fusion/bin'
[6.080s] [34mcolcon.colcon_core.shell[0m [1;30mINFO[0m Creating package script '/home/deathstroke/vins-fusion-ros2/install/loop_fusion/share/loop_fusion/package.ps1'
[6.081s] [34mcolcon.colcon_core.shell[0m [1;30mINFO[0m Creating package descriptor '/home/deathstroke/vins-fusion-ros2/install/loop_fusion/share/loop_fusion/package.dsv'
[6.081s] [34mcolcon.colcon_core.shell[0m [1;30mINFO[0m Creating package script '/home/deathstroke/vins-fusion-ros2/install/loop_fusion/share/loop_fusion/package.sh'
[6.081s] [34mcolcon.colcon_core.shell[0m [1;30mINFO[0m Creating package script '/home/deathstroke/vins-fusion-ros2/install/loop_fusion/share/loop_fusion/package.bash'
[6.081s] [34mcolcon.colcon_core.shell[0m [1;30mINFO[0m Creating package script '/home/deathstroke/vins-fusion-ros2/install/loop_fusion/share/loop_fusion/package.zsh'
[6.082s] [34mcolcon.colcon_core.environment[0m [1;30mLevel 1[0m create_file_with_runtime_dependencies(/home/deathstroke/vins-fusion-ros2/install/loop_fusion/share/colcon-core/packages/loop_fusion)
[6.082s] [34mcolcon.colcon_core.environment[0m [1;30mLevel 1[0m create_environment_scripts_only(loop_fusion)
[6.082s] [34mcolcon.colcon_core.environment[0m [1;30mLevel 1[0m checking '/home/deathstroke/vins-fusion-ros2/install/loop_fusion' for CMake module files
[6.083s] [34mcolcon.colcon_core.environment[0m [1;30mLevel 1[0m checking '/home/deathstroke/vins-fusion-ros2/install/loop_fusion' for CMake config files
[6.083s] [34mcolcon.colcon_core.shell[0m [1;30mLevel 1[0m create_environment_hook('loop_fusion', 'cmake_prefix_path')
[6.083s] [34mcolcon.colcon_core.shell[0m [1;30mINFO[0m Creating environment hook '/home/deathstroke/vins-fusion-ros2/install/loop_fusion/share/loop_fusion/hook/cmake_prefix_path.ps1'
[6.083s] [34mcolcon.colcon_core.shell[0m [1;30mINFO[0m Creating environment descriptor '/home/deathstroke/vins-fusion-ros2/install/loop_fusion/share/loop_fusion/hook/cmake_prefix_path.dsv'
[6.083s] [34mcolcon.colcon_core.shell[0m [1;30mINFO[0m Creating environment hook '/home/deathstroke/vins-fusion-ros2/install/loop_fusion/share/loop_fusion/hook/cmake_prefix_path.sh'
[6.084s] [34mcolcon.colcon_core.environment[0m [1;30mLevel 1[0m checking '/home/deathstroke/vins-fusion-ros2/install/loop_fusion/lib'
[6.084s] [34mcolcon.colcon_core.environment[0m [1;30mLevel 1[0m checking '/home/deathstroke/vins-fusion-ros2/install/loop_fusion/bin'
[6.084s] [34mcolcon.colcon_core.environment[0m [1;30mLevel 1[0m checking '/home/deathstroke/vins-fusion-ros2/install/loop_fusion/lib/pkgconfig/loop_fusion.pc'
[6.084s] [34mcolcon.colcon_core.environment[0m [1;30mLevel 1[0m checking '/home/deathstroke/vins-fusion-ros2/install/loop_fusion/lib/python3.10/site-packages'
[6.084s] [34mcolcon.colcon_core.environment[0m [1;30mLevel 1[0m checking '/home/deathstroke/vins-fusion-ros2/install/loop_fusion/bin'
[6.085s] [34mcolcon.colcon_core.shell[0m [1;30mINFO[0m Creating package script '/home/deathstroke/vins-fusion-ros2/install/loop_fusion/share/loop_fusion/package.ps1'
[6.085s] [34mcolcon.colcon_core.shell[0m [1;30mINFO[0m Creating package descriptor '/home/deathstroke/vins-fusion-ros2/install/loop_fusion/share/loop_fusion/package.dsv'
[6.085s] [34mcolcon.colcon_core.shell[0m [1;30mINFO[0m Creating package script '/home/deathstroke/vins-fusion-ros2/install/loop_fusion/share/loop_fusion/package.sh'
[6.085s] [34mcolcon.colcon_core.shell[0m [1;30mINFO[0m Creating package script '/home/deathstroke/vins-fusion-ros2/install/loop_fusion/share/loop_fusion/package.bash'
[6.086s] [34mcolcon.colcon_core.shell[0m [1;30mINFO[0m Creating package script '/home/deathstroke/vins-fusion-ros2/install/loop_fusion/share/loop_fusion/package.zsh'
[6.086s] [34mcolcon.colcon_core.environment[0m [1;30mLevel 1[0m create_file_with_runtime_dependencies(/home/deathstroke/vins-fusion-ros2/install/loop_fusion/share/colcon-core/packages/loop_fusion)
[20.679s] [34mcolcon.colcon_core.event_handler.log_command[0m [1;30mDEBUG[0m [32mInvoked command in '/home/deathstroke/vins-fusion-ros2/build/vins' returned '0': CMAKE_PREFIX_PATH=/home/deathstroke/vins-fusion-ros2/install/camera_models:/home/deathstroke/.local:/home/deathstroke/vins-fusion-ros2/install/vins:/home/deathstroke/vins-fusion-ros2/install/loop_fusion:/home/deathstroke/vins-fusion-ros2/install/global_fusion:/home/deathstroke/.local:/home/deathstroke/workspace/catkin_ws_ov/install/ov_msckf:/home/deathstroke/workspace/catkin_ws_ov/install/ov_init:/home/deathstroke/workspace/catkin_ws_ov/install/ov_eval:/home/deathstroke/workspace/catkin_ws_ov/install/ov_data:/home/deathstroke/workspace/catkin_ws_ov/install/ov_core:/home/deathstroke/zed-ros/install/zed_ros2:/home/deathstroke/zed-ros/install/zed_wrapper:/home/deathstroke/zed-ros/install/zed_components:/home/deathstroke/realsense-ros/install/realsense2_rviz_plugin:/home/deathstroke/realsense-ros/install/realsense2_description:/home/deathstroke/realsense-ros/install/realsense2_camera_msgs:/home/deathstroke/rust_ws/install/common_interfaces:/home/deathstroke/rust_ws/install/visualization_msgs:/home/deathstroke/rust_ws/install/test_msgs:/home/deathstroke/rust_ws/install/example_interfaces:/home/deathstroke/rust_ws/install/action_msgs:/home/deathstroke/rust_ws/install/unique_identifier_msgs:/home/deathstroke/rust_ws/install/trajectory_msgs:/home/deathstroke/rust_ws/install/test_interface_files:/home/deathstroke/rust_ws/install/stereo_msgs:/home/deathstroke/rust_ws/install/std_srvs:/home/deathstroke/rust_ws/install/shape_msgs:/home/deathstroke/rust_ws/install/sensor_msgs:/home/deathstroke/rust_ws/install/nav_msgs:/home/deathstroke/rust_ws/install/diagnostic_msgs:/home/deathstroke/rust_ws/install/geometry_msgs:/home/deathstroke/rust_ws/install/actionlib_msgs:/home/deathstroke/rust_ws/install/std_msgs:/home/deathstroke/rust_ws/install/statistics_msgs:/home/deathstroke/rust_ws/install/rosgraph_msgs:/home/deathstroke/rust_ws/install/rclrs_example_msgs:/home/deathstroke/rust_ws/install/composition_interfaces:/home/deathstroke/rust_ws/install/rcl_interfaces:/home/deathstroke/rust_ws/install/lifecycle_msgs:/home/deathstroke/rust_ws/install/builtin_interfaces:/home/deathstroke/rust_ws/install/rosidl_default_runtime:/home/deathstroke/rust_ws/install/rosidl_default_generators:/home/deathstroke/rust_ws/install/rosidl_generator_rs:/home/deathstroke/realsense-ros/install/realsense2_ros_mqtt_bridge:/home/deathstroke/rust_ws/install/examples_worker_demo:/home/deathstroke/rust_ws/install/examples_rclrs_minimal_pub_sub:/home/deathstroke/rust_ws/install/examples_rclrs_minimal_client_service:/home/deathstroke/rust_ws/install/examples_parameter_demo:/home/deathstroke/rust_ws/install/examples_logging_demo:/home/deathstroke/rust_ws/install/sensor_msgs_py:/home/deathstroke/rust_ws/install/rust_pubsub:/home/deathstroke/rust_ws/install/examples_rclrs_message_demo:/home/deathstroke/rust_ws/install/rosidl_runtime_rs:/home/deathstroke/rust_ws/install/rclrs:/opt/ros/humble PATH=/home/deathstroke/vins-fusion-ros2/install/camera_models/bin:/home/deathstroke/Android/Sdk/platform-tools:/usr/local/cuda-12.8/bin:/home/deathstroke/.pyenv/shims:/home/deathstroke/.pyenv/bin:/home/deathstroke/.pyenv/bin:/usr/lib/ccache:/home/deathstroke/rt-ardupilot/Tools/autotest:/home/deathstroke/vins-fusion-ros2/install/global_fusion/bin:/home/deathstroke/Android/Sdk/platform-tools:/usr/local/cuda-12.8/bin:/home/deathstroke/.pyenv/bin:/home/deathstroke/.pyenv/bin:/opt/ros/humble/bin:/usr/lib/ccache:/home/deathstroke/rt-ardupilot/Tools/autotest:/home/deathstroke/ardupilot/Tools/autotest:/usr/lib/ccache:/home/deathstroke/ardupilot/Tools/autotest:/opt/gcc-arm-none-eabi-10-2020-q4-major/bin:/home/deathstroke/.cargo/bin:/home/deathstroke/.local/bin:/usr/local/sbin:/usr/local/bin:/usr/sbin:/usr/bin:/sbin:/bin:/usr/games:/usr/local/games:/snap/bin:/snap/bin:/usr/local/lib/android-ndk:/usr/local/lib/android-ndk /usr/bin/cmake --build /home/deathstroke/vins-fusion-ros2/build/vins -- -j32 -l32[0m
[20.680s] [34mcolcon.colcon_core.event_handler.log_command[0m [1;30mDEBUG[0m [32mInvoking command in '/home/deathstroke/vins-fusion-ros2/build/vins': CMAKE_PREFIX_PATH=/home/deathstroke/vins-fusion-ros2/install/camera_models:/home/deathstroke/.local:/home/deathstroke/vins-fusion-ros2/install/vins:/home/deathstroke/vins-fusion-ros2/install/loop_fusion:/home/deathstroke/vins-fusion-ros2/install/global_fusion:/home/deathstroke/.local:/home/deathstroke/workspace/catkin_ws_ov/install/ov_msckf:/home/deathstroke/workspace/catkin_ws_ov/install/ov_init:/home/deathstroke/workspace/catkin_ws_ov/install/ov_eval:/home/deathstroke/workspace/catkin_ws_ov/install/ov_data:/home/deathstroke/workspace/catkin_ws_ov/install/ov_core:/home/deathstroke/zed-ros/install/zed_ros2:/home/deathstroke/zed-ros/install/zed_wrapper:/home/deathstroke/zed-ros/install/zed_components:/home/deathstroke/realsense-ros/install/realsense2_rviz_plugin:/home/deathstroke/realsense-ros/install/realsense2_description:/home/deathstroke/realsense-ros/install/realsense2_camera_msgs:/home/deathstroke/rust_ws/install/common_interfaces:/home/deathstroke/rust_ws/install/visualization_msgs:/home/deathstroke/rust_ws/install/test_msgs:/home/deathstroke/rust_ws/install/example_interfaces:/home/deathstroke/rust_ws/install/action_msgs:/home/deathstroke/rust_ws/install/unique_identifier_msgs:/home/deathstroke/rust_ws/install/trajectory_msgs:/home/deathstroke/rust_ws/install/test_interface_files:/home/deathstroke/rust_ws/install/stereo_msgs:/home/deathstroke/rust_ws/install/std_srvs:/home/deathstroke/rust_ws/install/shape_msgs:/home/deathstroke/rust_ws/install/sensor_msgs:/home/deathstroke/rust_ws/install/nav_msgs:/home/deathstroke/rust_ws/install/diagnostic_msgs:/home/deathstroke/rust_ws/install/geometry_msgs:/home/deathstroke/rust_ws/install/actionlib_msgs:/home/deathstroke/rust_ws/install/std_msgs:/home/deathstroke/rust_ws/install/statistics_msgs:/home/deathstroke/rust_ws/install/rosgraph_msgs:/home/deathstroke/rust_ws/install/rclrs_example_msgs:/home/deathstroke/rust_ws/install/composition_interfaces:/home/deathstroke/rust_ws/install/rcl_interfaces:/home/deathstroke/rust_ws/install/lifecycle_msgs:/home/deathstroke/rust_ws/install/builtin_interfaces:/home/deathstroke/rust_ws/install/rosidl_default_runtime:/home/deathstroke/rust_ws/install/rosidl_default_generators:/home/deathstroke/rust_ws/install/rosidl_generator_rs:/home/deathstroke/realsense-ros/install/realsense2_ros_mqtt_bridge:/home/deathstroke/rust_ws/install/examples_worker_demo:/home/deathstroke/rust_ws/install/examples_rclrs_minimal_pub_sub:/home/deathstroke/rust_ws/install/examples_rclrs_minimal_client_service:/home/deathstroke/rust_ws/install/examples_parameter_demo:/home/deathstroke/rust_ws/install/examples_logging_demo:/home/deathstroke/rust_ws/install/sensor_msgs_py:/home/deathstroke/rust_ws/install/rust_pubsub:/home/deathstroke/rust_ws/install/examples_rclrs_message_demo:/home/deathstroke/rust_ws/install/rosidl_runtime_rs:/home/deathstroke/rust_ws/install/rclrs:/opt/ros/humble PATH=/home/deathstroke/vins-fusion-ros2/install/camera_models/bin:/home/deathstroke/Android/Sdk/platform-tools:/usr/local/cuda-12.8/bin:/home/deathstroke/.pyenv/shims:/home/deathstroke/.pyenv/bin:/home/deathstroke/.pyenv/bin:/usr/lib/ccache:/home/deathstroke/rt-ardupilot/Tools/autotest:/home/deathstroke/vins-fusion-ros2/install/global_fusion/bin:/home/deathstroke/Android/Sdk/platform-tools:/usr/local/cuda-12.8/bin:/home/deathstroke/.pyenv/bin:/home/deathstroke/.pyenv/bin:/opt/ros/humble/bin:/usr/lib/ccache:/home/deathstroke/rt-ardupilot/Tools/autotest:/home/deathstroke/ardupilot/Tools/autotest:/usr/lib/ccache:/home/deathstroke/ardupilot/Tools/autotest:/opt/gcc-arm-none-eabi-10-2020-q4-major/bin:/home/deathstroke/.cargo/bin:/home/deathstroke/.local/bin:/usr/local/sbin:/usr/local/bin:/usr/sbin:/usr/bin:/sbin:/bin:/usr/games:/usr/local/games:/snap/bin:/snap/bin:/usr/local/lib/android-ndk:/usr/local/lib/android-ndk /usr/bin/cmake --install /home/deathstroke/vins-fusion-ros2/build/vins[0m
[20.781s] [34mcolcon.colcon_core.environment[0m [1;30mLevel 1[0m create_environment_scripts_only(vins)
[20.782s] [34mcolcon.colcon_core.event_handler.log_command[0m [1;30mDEBUG[0m [32mInvoked command in '/home/deathstroke/vins-fusion-ros2/build/vins' returned '0': CMAKE_PREFIX_PATH=/home/deathstroke/vins-fusion-ros2/install/camera_models:/home/deathstroke/.local:/home/deathstroke/vins-fusion-ros2/install/vins:/home/deathstroke/vins-fusion-ros2/install/loop_fusion:/home/deathstroke/vins-fusion-ros2/install/global_fusion:/home/deathstroke/.local:/home/deathstroke/workspace/catkin_ws_ov/install/ov_msckf:/home/deathstroke/workspace/catkin_ws_ov/install/ov_init:/home/deathstroke/workspace/catkin_ws_ov/install/ov_eval:/home/deathstroke/workspace/catkin_ws_ov/install/ov_data:/home/deathstroke/workspace/catkin_ws_ov/install/ov_core:/home/deathstroke/zed-ros/install/zed_ros2:/home/deathstroke/zed-ros/install/zed_wrapper:/home/deathstroke/zed-ros/install/zed_components:/home/deathstroke/realsense-ros/install/realsense2_rviz_plugin:/home/deathstroke/realsense-ros/install/realsense2_description:/home/deathstroke/realsense-ros/install/realsense2_camera_msgs:/home/deathstroke/rust_ws/install/common_interfaces:/home/deathstroke/rust_ws/install/visualization_msgs:/home/deathstroke/rust_ws/install/test_msgs:/home/deathstroke/rust_ws/install/example_interfaces:/home/deathstroke/rust_ws/install/action_msgs:/home/deathstroke/rust_ws/install/unique_identifier_msgs:/home/deathstroke/rust_ws/install/trajectory_msgs:/home/deathstroke/rust_ws/install/test_interface_files:/home/deathstroke/rust_ws/install/stereo_msgs:/home/deathstroke/rust_ws/install/std_srvs:/home/deathstroke/rust_ws/install/shape_msgs:/home/deathstroke/rust_ws/install/sensor_msgs:/home/deathstroke/rust_ws/install/nav_msgs:/home/deathstroke/rust_ws/install/diagnostic_msgs:/home/deathstroke/rust_ws/install/geometry_msgs:/home/deathstroke/rust_ws/install/actionlib_msgs:/home/deathstroke/rust_ws/install/std_msgs:/home/deathstroke/rust_ws/install/statistics_msgs:/home/deathstroke/rust_ws/install/rosgraph_msgs:/home/deathstroke/rust_ws/install/rclrs_example_msgs:/home/deathstroke/rust_ws/install/composition_interfaces:/home/deathstroke/rust_ws/install/rcl_interfaces:/home/deathstroke/rust_ws/install/lifecycle_msgs:/home/deathstroke/rust_ws/install/builtin_interfaces:/home/deathstroke/rust_ws/install/rosidl_default_runtime:/home/deathstroke/rust_ws/install/rosidl_default_generators:/home/deathstroke/rust_ws/install/rosidl_generator_rs:/home/deathstroke/realsense-ros/install/realsense2_ros_mqtt_bridge:/home/deathstroke/rust_ws/install/examples_worker_demo:/home/deathstroke/rust_ws/install/examples_rclrs_minimal_pub_sub:/home/deathstroke/rust_ws/install/examples_rclrs_minimal_client_service:/home/deathstroke/rust_ws/install/examples_parameter_demo:/home/deathstroke/rust_ws/install/examples_logging_demo:/home/deathstroke/rust_ws/install/sensor_msgs_py:/home/deathstroke/rust_ws/install/rust_pubsub:/home/deathstroke/rust_ws/install/examples_rclrs_message_demo:/home/deathstroke/rust_ws/install/rosidl_runtime_rs:/home/deathstroke/rust_ws/install/rclrs:/opt/ros/humble PATH=/home/deathstroke/vins-fusion-ros2/install/camera_models/bin:/home/deathstroke/Android/Sdk/platform-tools:/usr/local/cuda-12.8/bin:/home/deathstroke/.pyenv/shims:/home/deathstroke/.pyenv/bin:/home/deathstroke/.pyenv/bin:/usr/lib/ccache:/home/deathstroke/rt-ardupilot/Tools/autotest:/home/deathstroke/vins-fusion-ros2/install/global_fusion/bin:/home/deathstroke/Android/Sdk/platform-tools:/usr/local/cuda-12.8/bin:/home/deathstroke/.pyenv/bin:/home/deathstroke/.pyenv/bin:/opt/ros/humble/bin:/usr/lib/ccache:/home/deathstroke/rt-ardupilot/Tools/autotest:/home/deathstroke/ardupilot/Tools/autotest:/usr/lib/ccache:/home/deathstroke/ardupilot/Tools/autotest:/opt/gcc-arm-none-eabi-10-2020-q4-major/bin:/home/deathstroke/.cargo/bin:/home/deathstroke/.local/bin:/usr/local/sbin:/usr/local/bin:/usr/sbin:/usr/bin:/sbin:/bin:/usr/games:/usr/local/games:/snap/bin:/snap/bin:/usr/local/lib/android-ndk:/usr/local/lib/android-ndk /usr/bin/cmake --install /home/deathstroke/vins-fusion-ros2/build/vins[0m
[20.782s] [34mcolcon.colcon_core.environment[0m [1;30mLevel 1[0m checking '/home/deathstroke/vins-fusion-ros2/install/vins' for CMake module files
[20.783s] [34mcolcon.colcon_core.environment[0m [1;30mLevel 1[0m checking '/home/deathstroke/vins-fusion-ros2/install/vins' for CMake config files
[20.783s] [34mcolcon.colcon_core.shell[0m [1;30mLevel 1[0m create_environment_hook('vins', 'cmake_prefix_path')
[20.783s] [34mcolcon.colcon_core.shell[0m [1;30mINFO[0m Creating environment hook '/home/deathstroke/vins-fusion-ros2/install/vins/share/vins/hook/cmake_prefix_path.ps1'
[20.783s] [34mcolcon.colcon_core.shell[0m [1;30mINFO[0m Creating environment descriptor '/home/deathstroke/vins-fusion-ros2/install/vins/share/vins/hook/cmake_prefix_path.dsv'
[20.783s] [34mcolcon.colcon_core.shell[0m [1;30mINFO[0m Creating environment hook '/home/deathstroke/vins-fusion-ros2/install/vins/share/vins/hook/cmake_prefix_path.sh'
[20.784s] [34mcolcon.colcon_core.environment[0m [1;30mLevel 1[0m checking '/home/deathstroke/vins-fusion-ros2/install/vins/lib'
[20.784s] [34mcolcon.colcon_core.environment[0m [1;30mLevel 1[0m checking '/home/deathstroke/vins-fusion-ros2/install/vins/bin'
[20.784s] [34mcolcon.colcon_core.environment[0m [1;30mLevel 1[0m checking '/home/deathstroke/vins-fusion-ros2/install/vins/lib/pkgconfig/vins.pc'
[20.784s] [34mcolcon.colcon_core.environment[0m [1;30mLevel 1[0m checking '/home/deathstroke/vins-fusion-ros2/install/vins/lib/python3.10/site-packages'
[20.784s] [34mcolcon.colcon_core.environment[0m [1;30mLevel 1[0m checking '/home/deathstroke/vins-fusion-ros2/install/vins/bin'
[20.785s] [34mcolcon.colcon_core.shell[0m [1;30mINFO[0m Creating package script '/home/deathstroke/vins-fusion-ros2/install/vins/share/vins/package.ps1'
[20.785s] [34mcolcon.colcon_core.shell[0m [1;30mINFO[0m Creating package descriptor '/home/deathstroke/vins-fusion-ros2/install/vins/share/vins/package.dsv'
[20.785s] [34mcolcon.colcon_core.shell[0m [1;30mINFO[0m Creating package script '/home/deathstroke/vins-fusion-ros2/install/vins/share/vins/package.sh'
[20.785s] [34mcolcon.colcon_core.shell[0m [1;30mINFO[0m Creating package script '/home/deathstroke/vins-fusion-ros2/install/vins/share/vins/package.bash'
[20.786s] [34mcolcon.colcon_core.shell[0m [1;30mINFO[0m Creating package script '/home/deathstroke/vins-fusion-ros2/install/vins/share/vins/package.zsh'
[20.786s] [34mcolcon.colcon_core.environment[0m [1;30mLevel 1[0m create_file_with_runtime_dependencies(/home/deathstroke/vins-fusion-ros2/install/vins/share/colcon-core/packages/vins)
[20.786s] [34mcolcon.colcon_core.environment[0m [1;30mLevel 1[0m create_environment_scripts_only(vins)
[20.786s] [34mcolcon.colcon_core.environment[0m [1;30mLevel 1[0m checking '/home/deathstroke/vins-fusion-ros2/install/vins' for CMake module files
[20.787s] [34mcolcon.colcon_core.environment[0m [1;30mLevel 1[0m checking '/home/deathstroke/vins-fusion-ros2/install/vins' for CMake config files
[20.787s] [34mcolcon.colcon_core.shell[0m [1;30mLevel 1[0m create_environment_hook('vins', 'cmake_prefix_path')
[20.787s] [34mcolcon.colcon_core.shell[0m [1;30mINFO[0m Creating environment hook '/home/deathstroke/vins-fusion-ros2/install/vins/share/vins/hook/cmake_prefix_path.ps1'
[20.787s] [34mcolcon.colcon_core.shell[0m [1;30mINFO[0m Creating environment descriptor '/home/deathstroke/vins-fusion-ros2/install/vins/share/vins/hook/cmake_prefix_path.dsv'
[20.787s] [34mcolcon.colcon_core.shell[0m [1;30mINFO[0m Creating environment hook '/home/deathstroke/vins-fusion-ros2/install/vins/share/vins/hook/cmake_prefix_path.sh'
[20.788s] [34mcolcon.colcon_core.environment[0m [1;30mLevel 1[0m checking '/home/deathstroke/vins-fusion-ros2/install/vins/lib'
[20.788s] [34mcolcon.colcon_core.environment[0m [1;30mLevel 1[0m checking '/home/deathstroke/vins-fusion-ros2/install/vins/bin'
[20.788s] [34mcolcon.colcon_core.environment[0m [1;30mLevel 1[0m checking '/home/deathstroke/vins-fusion-ros2/install/vins/lib/pkgconfig/vins.pc'
[20.788s] [34mcolcon.colcon_core.environment[0m [1;30mLevel 1[0m checking '/home/deathstroke/vins-fusion-ros2/install/vins/lib/python3.10/site-packages'
[20.788s] [34mcolcon.colcon_core.environment[0m [1;30mLevel 1[0m checking '/home/deathstroke/vins-fusion-ros2/install/vins/bin'
[20.788s] [34mcolcon.colcon_core.shell[0m [1;30mINFO[0m Creating package script '/home/deathstroke/vins-fusion-ros2/install/vins/share/vins/package.ps1'
[20.789s] [34mcolcon.colcon_core.shell[0m [1;30mINFO[0m Creating package descriptor '/home/deathstroke/vins-fusion-ros2/install/vins/share/vins/package.dsv'
[20.789s] [34mcolcon.colcon_core.shell[0m [1;30mINFO[0m Creating package script '/home/deathstroke/vins-fusion-ros2/install/vins/share/vins/package.sh'
[20.789s] [34mcolcon.colcon_core.shell[0m [1;30mINFO[0m Creating package script '/home/deathstroke/vins-fusion-ros2/install/vins/share/vins/package.bash'
[20.790s] [34mcolcon.colcon_core.shell[0m [1;30mINFO[0m Creating package script '/home/deathstroke/vins-fusion-ros2/install/vins/share/vins/package.zsh'
[20.790s] [34mcolcon.colcon_core.environment[0m [1;30mLevel 1[0m create_file_with_runtime_dependencies(/home/deathstroke/vins-fusion-ros2/install/vins/share/colcon-core/packages/vins)
[20.790s] [34mcolcon.colcon_parallel_executor.executor.parallel[0m [1;30mDEBUG[0m [32mclosing loop[0m
[20.790s] [34mcolcon.colcon_parallel_executor.executor.parallel[0m [1;30mDEBUG[0m [32mloop closed[0m
[20.790s] [34mcolcon.colcon_parallel_executor.executor.parallel[0m [1;30mDEBUG[0m [32mrun_until_complete finished with '0'[0m
[20.790s] [34mcolcon.colcon_core.event_reactor[0m [1;30mDEBUG[0m [32mjoining thread[0m
[20.795s] [34mcolcon.colcon_core.plugin_system[0m [1;30mINFO[0m Skipping extension 'colcon_notification.desktop_notification.terminal_notifier': Not used on non-Darwin systems
[20.795s] [34mcolcon.colcon_core.plugin_system[0m [1;30mINFO[0m Skipping extension 'colcon_notification.desktop_notification.win32': Not used on non-Windows systems
[20.795s] [34mcolcon.colcon_notification.desktop_notification[0m [1;30mINFO[0m Sending desktop notification using 'notify2'
[20.802s] [34mcolcon.colcon_core.event_reactor[0m [1;30mDEBUG[0m [32mjoined thread[0m
[20.803s] [34mcolcon.colcon_core.shell[0m [1;30mINFO[0m Creating prefix script '/home/deathstroke/vins-fusion-ros2/install/local_setup.ps1'
[20.803s] [34mcolcon.colcon_core.shell[0m [1;30mINFO[0m Creating prefix util module '/home/deathstroke/vins-fusion-ros2/install/_local_setup_util_ps1.py'
[20.804s] [34mcolcon.colcon_core.shell[0m [1;30mINFO[0m Creating prefix chain script '/home/deathstroke/vins-fusion-ros2/install/setup.ps1'
[20.806s] [34mcolcon.colcon_core.shell[0m [1;30mINFO[0m Creating prefix script '/home/deathstroke/vins-fusion-ros2/install/local_setup.sh'
[20.807s] [34mcolcon.colcon_core.shell[0m [1;30mINFO[0m Creating prefix util module '/home/deathstroke/vins-fusion-ros2/install/_local_setup_util_sh.py'
[20.807s] [34mcolcon.colcon_core.shell[0m [1;30mINFO[0m Creating prefix chain script '/home/deathstroke/vins-fusion-ros2/install/setup.sh'
[20.809s] [34mcolcon.colcon_core.shell[0m [1;30mINFO[0m Creating prefix script '/home/deathstroke/vins-fusion-ros2/install/local_setup.bash'
[20.809s] [34mcolcon.colcon_core.shell[0m [1;30mINFO[0m Creating prefix chain script '/home/deathstroke/vins-fusion-ros2/install/setup.bash'
[20.811s] [34mcolcon.colcon_core.shell[0m [1;30mINFO[0m Creating prefix script '/home/deathstroke/vins-fusion-ros2/install/local_setup.zsh'
[20.811s] [34mcolcon.colcon_core.shell[0m [1;30mINFO[0m Creating prefix chain script '/home/deathstroke/vins-fusion-ros2/install/setup.zsh'
