[0.009s] Invoking command in '/home/deathstroke/vins-fusion-ros2/build/camera_models': CMAKE_PREFIX_PATH=${CMAKE_PREFIX_PATH}:/home/deathstroke/realsense-ros/install/realsense2_ros_mqtt_bridge:/home/deathstroke/rust_ws/install/examples_worker_demo:/home/deathstroke/rust_ws/install/examples_rclrs_minimal_pub_sub:/home/deathstroke/rust_ws/install/examples_rclrs_minimal_client_service:/home/deathstroke/rust_ws/install/examples_parameter_demo:/home/deathstroke/rust_ws/install/examples_logging_demo:/home/deathstroke/rust_ws/install/sensor_msgs_py:/home/deathstroke/rust_ws/install/rust_pubsub:/home/deathstroke/rust_ws/install/examples_rclrs_message_demo:/home/deathstroke/rust_ws/install/rosidl_runtime_rs:/home/deathstroke/rust_ws/install/rclrs:/opt/ros/humble /usr/bin/cmake /home/deathstroke/vins-fusion-ros2/src/VINS-Fusion-ROS2-humble-arm/camera_models -DCMAKE_BUILD_TYPE=Release -DCMAKE_INSTALL_PREFIX=/home/deathstroke/vins-fusion-ros2/install/camera_models
[0.053s] -- The C compiler identification is GNU 11.4.0
[0.092s] -- The CXX compiler identification is GNU 11.4.0
[0.098s] -- Detecting C compiler ABI info
[0.152s] -- Detecting C compiler ABI info - done
[0.158s] -- Check for working C compiler: /usr/lib/ccache/cc - skipped
[0.158s] -- Detecting C compile features
[0.158s] -- Detecting C compile features - done
[0.160s] -- Detecting CXX compiler ABI info
[0.221s] -- Detecting CXX compiler ABI info - done
[0.227s] -- Check for working CXX compiler: /usr/lib/ccache/c++ - skipped
[0.227s] -- Detecting CXX compile features
[0.228s] -- Detecting CXX compile features - done
[0.230s] -- Found ament_cmake: 1.3.12 (/opt/ros/humble/share/ament_cmake/cmake)
[0.599s] -- Found Python3: /usr/bin/python3 (found version "3.10.12") found components: Interpreter 
[0.675s] -- Found rclcpp: 16.0.17 (/opt/ros/humble/share/rclcpp/cmake)
[0.713s] -- Found rosidl_generator_c: 3.1.8 (/opt/ros/humble/share/rosidl_generator_c/cmake)
[0.718s] -- Found rosidl_adapter: 3.1.8 (/opt/ros/humble/share/rosidl_adapter/cmake)
[0.725s] -- Found rosidl_generator_cpp: 3.1.8 (/opt/ros/humble/share/rosidl_generator_cpp/cmake)
[0.735s] -- Using all available rosidl_typesupport_c: rosidl_typesupport_fastrtps_c;rosidl_typesupport_introspection_c
[0.748s] -- Using all available rosidl_typesupport_cpp: rosidl_typesupport_fastrtps_cpp;rosidl_typesupport_introspection_cpp
[0.783s] -- Found rmw_implementation_cmake: 6.1.2 (/opt/ros/humble/share/rmw_implementation_cmake/cmake)
[0.787s] -- Found rmw_fastrtps_cpp: 6.2.9 (/opt/ros/humble/share/rmw_fastrtps_cpp/cmake)
[0.860s] -- Found OpenSSL: /usr/lib/x86_64-linux-gnu/libcrypto.so (found version "3.0.2")  
[0.879s] -- Found FastRTPS: /opt/ros/humble/include  
[0.910s] -- Using RMW implementation 'rmw_fastrtps_cpp' as default
[0.920s] -- Looking for pthread.h
[0.968s] -- Looking for pthread.h - found
[0.968s] -- Performing Test CMAKE_HAVE_LIBC_PTHREAD
[1.021s] -- Performing Test CMAKE_HAVE_LIBC_PTHREAD - Success
[1.022s] -- Found Threads: TRUE  
[1.066s] -- Found Boost: /usr/lib/x86_64-linux-gnu/cmake/Boost-1.74.0/BoostConfig.cmake (found version "1.74.0") found components: filesystem program_options system 
[1.089s] -- Found CUDA: /usr/local/cuda-12.8 (found suitable exact version "12.8") 
[1.094s] -- Found OpenCV: /usr/local (found version "4.10.0") 
[1.108s] -- Found CXSparse: /usr/include/suitesparse (found suitable version "3.2.0", minimum required is "3.2.0") 
[1.346s] -- Found AMD headers in: /usr/include/suitesparse
[1.348s] -- Found AMD library: /usr/lib/x86_64-linux-gnu/libamd.so
[1.349s] -- Found CAMD headers in: /usr/include/suitesparse
[1.350s] -- Found CAMD library: /usr/lib/x86_64-linux-gnu/libcamd.so
[1.351s] -- Found CCOLAMD headers in: /usr/include/suitesparse
[1.351s] -- Found CCOLAMD library: /usr/lib/x86_64-linux-gnu/libccolamd.so
[1.352s] -- Found CHOLMOD headers in: /usr/include/suitesparse
[1.352s] -- Found CHOLMOD library: /usr/lib/x86_64-linux-gnu/libcholmod.so
[1.353s] -- Found COLAMD headers in: /usr/include/suitesparse
[1.353s] -- Found COLAMD library: /usr/lib/x86_64-linux-gnu/libcolamd.so
[1.354s] -- Found SPQR headers in: /usr/include/suitesparse
[1.354s] -- Found SPQR library: /usr/lib/x86_64-linux-gnu/libspqr.so
[1.355s] -- Found Config headers in: /usr/include/suitesparse
[1.355s] -- Found Config library: /usr/lib/x86_64-linux-gnu/libsuitesparseconfig.so
[1.359s] -- Found Intel Thread Building Blocks (TBB) library (2021.5 / ) include location: . Assuming SuiteSparseQR was compiled with TBB.
[1.359s] -- Looking for shm_open in rt
[1.408s] -- Looking for shm_open in rt - found
[1.408s] -- Adding librt to SuiteSparse_config libraries (required on Linux & Unix [not OSX] if SuiteSparse is compiled with timing).
[1.414s] -- Could NOT find METIS (missing: METIS_INCLUDE_DIR METIS_LIBRARY) 
[1.415s] -- Found SuiteSparse: /usr/include/suitesparse (found suitable version "5.10.1", minimum required is "5.10.1") found components: AMD CAMD CCOLAMD CHOLMOD COLAMD SPQR Config 
[1.418s] -- Found required Ceres dependency: Eigen version 3.3.91 in /usr/local/share/eigen3/cmake
[1.421s] -- Found required Ceres dependency: glog
[1.424s] -- Found required Ceres dependency: gflags
[1.424s] -- Found Ceres version: 2.1.0 installed in: /usr/local with components: [EigenSparse, SparseLinearAlgebraLibrary, LAPACK, SuiteSparse, CXSparse, SchurSpecializations, Multithreading]
[1.470s] -- Configuring done
[1.481s] -- Generating done
[1.484s] -- Build files have been written to: /home/deathstroke/vins-fusion-ros2/build/camera_models
[1.491s] Invoked command in '/home/deathstroke/vins-fusion-ros2/build/camera_models' returned '0': CMAKE_PREFIX_PATH=${CMAKE_PREFIX_PATH}:/home/deathstroke/realsense-ros/install/realsense2_ros_mqtt_bridge:/home/deathstroke/rust_ws/install/examples_worker_demo:/home/deathstroke/rust_ws/install/examples_rclrs_minimal_pub_sub:/home/deathstroke/rust_ws/install/examples_rclrs_minimal_client_service:/home/deathstroke/rust_ws/install/examples_parameter_demo:/home/deathstroke/rust_ws/install/examples_logging_demo:/home/deathstroke/rust_ws/install/sensor_msgs_py:/home/deathstroke/rust_ws/install/rust_pubsub:/home/deathstroke/rust_ws/install/examples_rclrs_message_demo:/home/deathstroke/rust_ws/install/rosidl_runtime_rs:/home/deathstroke/rust_ws/install/rclrs:/opt/ros/humble /usr/bin/cmake /home/deathstroke/vins-fusion-ros2/src/VINS-Fusion-ROS2-humble-arm/camera_models -DCMAKE_BUILD_TYPE=Release -DCMAKE_INSTALL_PREFIX=/home/deathstroke/vins-fusion-ros2/install/camera_models
[1.492s] Invoking command in '/home/deathstroke/vins-fusion-ros2/build/camera_models': CMAKE_PREFIX_PATH=${CMAKE_PREFIX_PATH}:/home/deathstroke/realsense-ros/install/realsense2_ros_mqtt_bridge:/home/deathstroke/rust_ws/install/examples_worker_demo:/home/deathstroke/rust_ws/install/examples_rclrs_minimal_pub_sub:/home/deathstroke/rust_ws/install/examples_rclrs_minimal_client_service:/home/deathstroke/rust_ws/install/examples_parameter_demo:/home/deathstroke/rust_ws/install/examples_logging_demo:/home/deathstroke/rust_ws/install/sensor_msgs_py:/home/deathstroke/rust_ws/install/rust_pubsub:/home/deathstroke/rust_ws/install/examples_rclrs_message_demo:/home/deathstroke/rust_ws/install/rosidl_runtime_rs:/home/deathstroke/rust_ws/install/rclrs:/opt/ros/humble /usr/bin/cmake --build /home/deathstroke/vins-fusion-ros2/build/camera_models -- -j32 -l32
[1.534s] [  3%] [32mBuilding CXX object CMakeFiles/Calibrations.dir/src/camera_models/EquidistantCamera.cc.o[0m
[1.534s] [ 13%] [32mBuilding CXX object CMakeFiles/camera_models.dir/src/camera_models/CameraFactory.cc.o[0m
[1.535s] [ 13%] [32mBuilding CXX object CMakeFiles/Calibrations.dir/src/camera_models/CameraFactory.cc.o[0m
[1.535s] [ 13%] [32mBuilding CXX object CMakeFiles/camera_models.dir/src/camera_models/Camera.cc.o[0m
[1.535s] [ 17%] [32mBuilding CXX object CMakeFiles/camera_models.dir/src/camera_models/CostFunctionFactory.cc.o[0m
[1.535s] [ 20%] [32mBuilding CXX object CMakeFiles/Calibrations.dir/src/camera_models/PinholeCamera.cc.o[0m
[1.535s] [ 24%] [32mBuilding CXX object CMakeFiles/Calibrations.dir/src/intrinsic_calib.cc.o[0m
[1.535s] [ 27%] [32mBuilding CXX object CMakeFiles/camera_models.dir/src/camera_models/EquidistantCamera.cc.o[0m
[1.535s] [ 34%] [32mBuilding CXX object CMakeFiles/camera_models.dir/src/camera_models/PinholeFullCamera.cc.o[0m
[1.535s] [ 34%] [32mBuilding CXX object CMakeFiles/Calibrations.dir/src/camera_models/CataCamera.cc.o[0m
[1.535s] [ 37%] [32mBuilding CXX object CMakeFiles/camera_models.dir/src/camera_models/ScaramuzzaCamera.cc.o[0m
[1.535s] [ 44%] [32mBuilding CXX object CMakeFiles/Calibrations.dir/src/calib/CameraCalibration.cc.o[0m
[1.535s] [ 44%] [32mBuilding CXX object CMakeFiles/Calibrations.dir/src/camera_models/CostFunctionFactory.cc.o[0m
[1.535s] [ 51%] [32mBuilding CXX object CMakeFiles/camera_models.dir/src/calib/CameraCalibration.cc.o[0m
[1.535s] [ 58%] [32mBuilding CXX object CMakeFiles/Calibrations.dir/src/sparse_graph/Transform.cc.o[0m
[1.536s] [ 58%] [32mBuilding CXX object CMakeFiles/camera_models.dir/src/chessboard/Chessboard.cc.o[0m
[1.536s] [ 58%] [32mBuilding CXX object CMakeFiles/camera_models.dir/src/gpl/gpl.cc.o[0m
[1.536s] [ 65%] [32mBuilding CXX object CMakeFiles/Calibrations.dir/src/camera_models/Camera.cc.o[0m
[1.536s] [ 65%] [32mBuilding CXX object CMakeFiles/Calibrations.dir/src/chessboard/Chessboard.cc.o[0m
[1.536s] [ 68%] [32mBuilding CXX object CMakeFiles/Calibrations.dir/src/camera_models/PinholeFullCamera.cc.o[0m
[1.536s] [ 75%] [32mBuilding CXX object CMakeFiles/Calibrations.dir/src/camera_models/ScaramuzzaCamera.cc.o[0m
[1.536s] [ 79%] [32mBuilding CXX object CMakeFiles/camera_models.dir/src/sparse_graph/Transform.cc.o[0m
[1.536s] [ 79%] [32mBuilding CXX object CMakeFiles/camera_models.dir/src/camera_models/CataCamera.cc.o[0m
[1.536s] [ 82%] [32mBuilding CXX object CMakeFiles/camera_models.dir/src/camera_models/PinholeCamera.cc.o[0m
[1.536s] [ 86%] [32mBuilding CXX object CMakeFiles/Calibrations.dir/src/gpl/gpl.cc.o[0m
[1.536s] [ 89%] [32mBuilding CXX object CMakeFiles/camera_models.dir/src/gpl/EigenQuaternionParameterization.cc.o[0m
[1.537s] [ 93%] [32mBuilding CXX object CMakeFiles/Calibrations.dir/src/gpl/EigenQuaternionParameterization.cc.o[0m
[1.680s] In file included from [01m[K/home/deathstroke/vins-fusion-ros2/src/VINS-Fusion-ROS2-humble-arm/camera_models/src/sparse_graph/Transform.cc:1[m[K:
[1.680s] [01m[K/home/deathstroke/vins-fusion-ros2/src/VINS-Fusion-ROS2-humble-arm/camera_models/include/camodocal/sparse_graph/Transform.h:22:5:[m[K [01;35m[Kwarning: [m[Ktype qualifiers ignored on function return type [[01;35m[K-Wignored-qualifiers[m[K]
[1.680s]    22 |     [01;35m[Kconst[m[K double* const rotationData(void) const;
[1.680s]       |     [01;35m[K^~~~~[m[K
[1.680s] [01m[K/home/deathstroke/vins-fusion-ros2/src/VINS-Fusion-ROS2-humble-arm/camera_models/include/camodocal/sparse_graph/Transform.h:27:5:[m[K [01;35m[Kwarning: [m[Ktype qualifiers ignored on function return type [[01;35m[K-Wignored-qualifiers[m[K]
[1.680s]    27 |     [01;35m[Kconst[m[K double* const translationData(void) const;
[1.680s]       |     [01;35m[K^~~~~[m[K
[1.680s] [01m[K/home/deathstroke/vins-fusion-ros2/src/VINS-Fusion-ROS2-humble-arm/camera_models/src/sparse_graph/Transform.cc:36:1:[m[K [01;35m[Kwarning: [m[Ktype qualifiers ignored on function return type [[01;35m[K-Wignored-qualifiers[m[K]
[1.680s]    36 | [01;35m[Kconst[m[K double* const
[1.680s]       | [01;35m[K^~~~~[m[K
[1.680s] [01m[K/home/deathstroke/vins-fusion-ros2/src/VINS-Fusion-ROS2-humble-arm/camera_models/src/sparse_graph/Transform.cc:60:1:[m[K [01;35m[Kwarning: [m[Ktype qualifiers ignored on function return type [[01;35m[K-Wignored-qualifiers[m[K]
[1.680s]    60 | [01;35m[Kconst[m[K double* const
[1.681s]       | [01;35m[K^~~~~[m[K
[1.692s] In file included from [01m[K/home/deathstroke/vins-fusion-ros2/src/VINS-Fusion-ROS2-humble-arm/camera_models/src/sparse_graph/Transform.cc:1[m[K:
[1.692s] [01m[K/home/deathstroke/vins-fusion-ros2/src/VINS-Fusion-ROS2-humble-arm/camera_models/include/camodocal/sparse_graph/Transform.h:22:5:[m[K [01;35m[Kwarning: [m[Ktype qualifiers ignored on function return type [[01;35m[K-Wignored-qualifiers[m[K]
[1.692s]    22 |     [01;35m[Kconst[m[K double* const rotationData(void) const;
[1.692s]       |     [01;35m[K^~~~~[m[K
[1.692s] [01m[K/home/deathstroke/vins-fusion-ros2/src/VINS-Fusion-ROS2-humble-arm/camera_models/include/camodocal/sparse_graph/Transform.h:27:5:[m[K [01;35m[Kwarning: [m[Ktype qualifiers ignored on function return type [[01;35m[K-Wignored-qualifiers[m[K]
[1.692s]    27 |     [01;35m[Kconst[m[K double* const translationData(void) const;
[1.692s]       |     [01;35m[K^~~~~[m[K
[1.692s] [01m[K/home/deathstroke/vins-fusion-ros2/src/VINS-Fusion-ROS2-humble-arm/camera_models/src/sparse_graph/Transform.cc:36:1:[m[K [01;35m[Kwarning: [m[Ktype qualifiers ignored on function return type [[01;35m[K-Wignored-qualifiers[m[K]
[1.692s]    36 | [01;35m[Kconst[m[K double* const
[1.692s]       | [01;35m[K^~~~~[m[K
[1.692s] [01m[K/home/deathstroke/vins-fusion-ros2/src/VINS-Fusion-ROS2-humble-arm/camera_models/src/sparse_graph/Transform.cc:60:1:[m[K [01;35m[Kwarning: [m[Ktype qualifiers ignored on function return type [[01;35m[K-Wignored-qualifiers[m[K]
[1.692s]    60 | [01;35m[Kconst[m[K double* const
[1.692s]       | [01;35m[K^~~~~[m[K
[1.732s] In file included from [01m[K/home/deathstroke/vins-fusion-ros2/src/VINS-Fusion-ROS2-humble-arm/camera_models/src/camera_models/CostFunctionFactory.cc:6[m[K:
[1.732s] [01m[K/home/deathstroke/vins-fusion-ros2/src/VINS-Fusion-ROS2-humble-arm/camera_models/include/camodocal/camera_models/PinholeFullCamera.h:[m[K In member function ‘[01m[Kvoid camodocal::PinholeFullCamera::setInitIntrinsics(const std::vector<std::vector<cv::Point3_<float> > >&, const std::vector<std::vector<cv::Point_<float> > >&)[m[K’:
[1.732s] [01m[K/home/deathstroke/vins-fusion-ros2/src/VINS-Fusion-ROS2-humble-arm/camera_models/include/camodocal/camera_models/PinholeFullCamera.h:126:44:[m[K [01;35m[Kwarning: [m[Kimplicitly-declared ‘[01m[Kcamodocal::PinholeFullCamera::Parameters::Parameters(const camodocal::PinholeFullCamera::Parameters&)[m[K’ is deprecated [[01;35m[K-Wdeprecated-copy[m[K]
[1.732s]   126 |         Parameters params = getParameters( [01;35m[K)[m[K;
[1.732s]       |                                            [01;35m[K^[m[K
[1.732s] [01m[K/home/deathstroke/vins-fusion-ros2/src/VINS-Fusion-ROS2-humble-arm/camera_models/include/camodocal/camera_models/PinholeFullCamera.h:66:21:[m[K [01;36m[Knote: [m[Kbecause ‘[01m[Kcamodocal::PinholeFullCamera::Parameters[m[K’ has user-provided ‘[01m[Kcamodocal::PinholeFullCamera::Parameters& camodocal::PinholeFullCamera::Parameters::operator=(const camodocal::PinholeFullCamera::Parameters&)[m[K’
[1.732s]    66 |         Parameters& [01;36m[Koperator[m[K=( const Parameters& other );
[1.732s]       |                     [01;36m[K^~~~~~~~[m[K
[1.744s] In file included from [01m[K/home/deathstroke/vins-fusion-ros2/src/VINS-Fusion-ROS2-humble-arm/camera_models/src/camera_models/CostFunctionFactory.cc:6[m[K:
[1.744s] [01m[K/home/deathstroke/vins-fusion-ros2/src/VINS-Fusion-ROS2-humble-arm/camera_models/include/camodocal/camera_models/PinholeFullCamera.h:[m[K In member function ‘[01m[Kvoid camodocal::PinholeFullCamera::setInitIntrinsics(const std::vector<std::vector<cv::Point3_<float> > >&, const std::vector<std::vector<cv::Point_<float> > >&)[m[K’:
[1.744s] [01m[K/home/deathstroke/vins-fusion-ros2/src/VINS-Fusion-ROS2-humble-arm/camera_models/include/camodocal/camera_models/PinholeFullCamera.h:126:44:[m[K [01;35m[Kwarning: [m[Kimplicitly-declared ‘[01m[Kcamodocal::PinholeFullCamera::Parameters::Parameters(const camodocal::PinholeFullCamera::Parameters&)[m[K’ is deprecated [[01;35m[K-Wdeprecated-copy[m[K]
[1.744s]   126 |         Parameters params = getParameters( [01;35m[K)[m[K;
[1.744s]       |                                            [01;35m[K^[m[K
[1.744s] [01m[K/home/deathstroke/vins-fusion-ros2/src/VINS-Fusion-ROS2-humble-arm/camera_models/include/camodocal/camera_models/PinholeFullCamera.h:66:21:[m[K [01;36m[Knote: [m[Kbecause ‘[01m[Kcamodocal::PinholeFullCamera::Parameters[m[K’ has user-provided ‘[01m[Kcamodocal::PinholeFullCamera::Parameters& camodocal::PinholeFullCamera::Parameters::operator=(const camodocal::PinholeFullCamera::Parameters&)[m[K’
[1.744s]    66 |         Parameters& [01;36m[Koperator[m[K=( const Parameters& other );
[1.744s]       |                     [01;36m[K^~~~~~~~[m[K
[1.750s] [01m[K/home/deathstroke/vins-fusion-ros2/src/VINS-Fusion-ROS2-humble-arm/camera_models/src/camera_models/PinholeCamera.cc:[m[K In constructor ‘[01m[Kcamodocal::PinholeCamera::PinholeCamera(const camodocal::PinholeCamera::Parameters&)[m[K’:
[1.751s] [01m[K/home/deathstroke/vins-fusion-ros2/src/VINS-Fusion-ROS2-humble-arm/camera_models/src/camera_models/PinholeCamera.cc:299:4:[m[K [01;35m[Kwarning: [m[Kimplicitly-declared ‘[01m[Kcamodocal::PinholeCamera::Parameters::Parameters(const camodocal::PinholeCamera::Parameters&)[m[K’ is deprecated [[01;35m[K-Wdeprecated-copy[m[K]
[1.751s]   299 |  : [01;35m[KmParameters(params)[m[K
[1.751s]       |    [01;35m[K^~~~~~~~~~~~~~~~~~~[m[K
[1.751s] [01m[K/home/deathstroke/vins-fusion-ros2/src/VINS-Fusion-ROS2-humble-arm/camera_models/src/camera_models/PinholeCamera.cc:214:1:[m[K [01;36m[Knote: [m[Kbecause ‘[01m[Kcamodocal::PinholeCamera::Parameters[m[K’ has user-provided ‘[01m[Kcamodocal::PinholeCamera::Parameters& camodocal::PinholeCamera::Parameters::operator=(const camodocal::PinholeCamera::Parameters&)[m[K’
[1.751s]   214 | [01;36m[KPinholeCamera[m[K::Parameters::operator=(const PinholeCamera::Parameters& other)
[1.751s]       | [01;36m[K^~~~~~~~~~~~~[m[K
[1.751s] [01m[K/home/deathstroke/vins-fusion-ros2/src/VINS-Fusion-ROS2-humble-arm/camera_models/src/camera_models/PinholeCamera.cc:[m[K In member function ‘[01m[Kvirtual void camodocal::PinholeCamera::estimateIntrinsics(const Size&, const std::vector<std::vector<cv::Point3_<float> > >&, const std::vector<std::vector<cv::Point_<float> > >&)[m[K’:
[1.751s] [01m[K/home/deathstroke/vins-fusion-ros2/src/VINS-Fusion-ROS2-humble-arm/camera_models/src/camera_models/PinholeCamera.cc:351:39:[m[K [01;35m[Kwarning: [m[Kimplicitly-declared ‘[01m[Kcamodocal::PinholeCamera::Parameters::Parameters(const camodocal::PinholeCamera::Parameters&)[m[K’ is deprecated [[01;35m[K-Wdeprecated-copy[m[K]
[1.751s]   351 |     Parameters params = getParameters([01;35m[K)[m[K;
[1.751s]       |                                       [01;35m[K^[m[K
[1.751s] [01m[K/home/deathstroke/vins-fusion-ros2/src/VINS-Fusion-ROS2-humble-arm/camera_models/src/camera_models/PinholeCamera.cc:214:1:[m[K [01;36m[Knote: [m[Kbecause ‘[01m[Kcamodocal::PinholeCamera::Parameters[m[K’ has user-provided ‘[01m[Kcamodocal::PinholeCamera::Parameters& camodocal::PinholeCamera::Parameters::operator=(const camodocal::PinholeCamera::Parameters&)[m[K’
[1.751s]   214 | [01;36m[KPinholeCamera[m[K::Parameters::operator=(const PinholeCamera::Parameters& other)
[1.751s]       | [01;36m[K^~~~~~~~~~~~~[m[K
[1.751s] [01m[K/home/deathstroke/vins-fusion-ros2/src/VINS-Fusion-ROS2-humble-arm/camera_models/src/camera_models/PinholeCamera.cc:[m[K In member function ‘[01m[Kvirtual void camodocal::PinholeCamera::readParameters(const std::vector<double, std::allocator<double> >&)[m[K’:
[1.751s] [01m[K/home/deathstroke/vins-fusion-ros2/src/VINS-Fusion-ROS2-humble-arm/camera_models/src/camera_models/PinholeCamera.cc:838:39:[m[K [01;35m[Kwarning: [m[Kimplicitly-declared ‘[01m[Kcamodocal::PinholeCamera::Parameters::Parameters(const camodocal::PinholeCamera::Parameters&)[m[K’ is deprecated [[01;35m[K-Wdeprecated-copy[m[K]
[1.751s]   838 |     Parameters params = getParameters([01;35m[K)[m[K;
[1.751s]       |                                       [01;35m[K^[m[K
[1.751s] [01m[K/home/deathstroke/vins-fusion-ros2/src/VINS-Fusion-ROS2-humble-arm/camera_models/src/camera_models/PinholeCamera.cc:214:1:[m[K [01;36m[Knote: [m[Kbecause ‘[01m[Kcamodocal::PinholeCamera::Parameters[m[K’ has user-provided ‘[01m[Kcamodocal::PinholeCamera::Parameters& camodocal::PinholeCamera::Parameters::operator=(const camodocal::PinholeCamera::Parameters&)[m[K’
[1.751s]   214 | [01;36m[KPinholeCamera[m[K::Parameters::operator=(const PinholeCamera::Parameters& other)
[1.751s]       | [01;36m[K^~~~~~~~~~~~~[m[K
[1.753s] [01m[K/home/deathstroke/vins-fusion-ros2/src/VINS-Fusion-ROS2-humble-arm/camera_models/src/camera_models/CataCamera.cc:[m[K In constructor ‘[01m[Kcamodocal::CataCamera::CataCamera(const camodocal::CataCamera::Parameters&)[m[K’:
[1.753s] [01m[K/home/deathstroke/vins-fusion-ros2/src/VINS-Fusion-ROS2-humble-arm/camera_models/src/camera_models/CataCamera.cc:327:4:[m[K [01;35m[Kwarning: [m[Kimplicitly-declared ‘[01m[Kcamodocal::CataCamera::Parameters::Parameters(const camodocal::CataCamera::Parameters&)[m[K’ is deprecated [[01;35m[K-Wdeprecated-copy[m[K]
[1.753s]   327 |  : [01;35m[KmParameters(params)[m[K
[1.753s]       |    [01;35m[K^~~~~~~~~~~~~~~~~~~[m[K
[1.753s] [01m[K/home/deathstroke/vins-fusion-ros2/src/VINS-Fusion-ROS2-humble-arm/camera_models/src/camera_models/CataCamera.cc:237:1:[m[K [01;36m[Knote: [m[Kbecause ‘[01m[Kcamodocal::CataCamera::Parameters[m[K’ has user-provided ‘[01m[Kcamodocal::CataCamera::Parameters& camodocal::CataCamera::Parameters::operator=(const camodocal::CataCamera::Parameters&)[m[K’
[1.753s]   237 | [01;36m[KCataCamera[m[K::Parameters::operator=(const CataCamera::Parameters& other)
[1.753s]       | [01;36m[K^~~~~~~~~~[m[K
[1.753s] [01m[K/home/deathstroke/vins-fusion-ros2/src/VINS-Fusion-ROS2-humble-arm/camera_models/src/camera_models/CataCamera.cc:[m[K In member function ‘[01m[Kvirtual void camodocal::CataCamera::estimateIntrinsics(const Size&, const std::vector<std::vector<cv::Point3_<float> > >&, const std::vector<std::vector<cv::Point_<float> > >&)[m[K’:
[1.753s] [01m[K/home/deathstroke/vins-fusion-ros2/src/VINS-Fusion-ROS2-humble-arm/camera_models/src/camera_models/CataCamera.cc:377:39:[m[K [01;35m[Kwarning: [m[Kimplicitly-declared ‘[01m[Kcamodocal::CataCamera::Parameters::Parameters(const camodocal::CataCamera::Parameters&)[m[K’ is deprecated [[01;35m[K-Wdeprecated-copy[m[K]
[1.753s]   377 |     Parameters params = getParameters([01;35m[K)[m[K;
[1.753s]       |                                       [01;35m[K^[m[K
[1.753s] [01m[K/home/deathstroke/vins-fusion-ros2/src/VINS-Fusion-ROS2-humble-arm/camera_models/src/camera_models/CataCamera.cc:237:1:[m[K [01;36m[Knote: [m[Kbecause ‘[01m[Kcamodocal::CataCamera::Parameters[m[K’ has user-provided ‘[01m[Kcamodocal::CataCamera::Parameters& camodocal::CataCamera::Parameters::operator=(const camodocal::CataCamera::Parameters&)[m[K’
[1.753s]   237 | [01;36m[KCataCamera[m[K::Parameters::operator=(const CataCamera::Parameters& other)
[1.753s]       | [01;36m[K^~~~~~~~~~[m[K
[1.754s] [01m[K/home/deathstroke/vins-fusion-ros2/src/VINS-Fusion-ROS2-humble-arm/camera_models/src/camera_models/CataCamera.cc:[m[K In member function ‘[01m[Kvirtual void camodocal::CataCamera::readParameters(const std::vector<double, std::allocator<double> >&)[m[K’:
[1.754s] [01m[K/home/deathstroke/vins-fusion-ros2/src/VINS-Fusion-ROS2-humble-arm/camera_models/src/camera_models/CataCamera.cc:960:39:[m[K [01;35m[Kwarning: [m[Kimplicitly-declared ‘[01m[Kcamodocal::CataCamera::Parameters::Parameters(const camodocal::CataCamera::Parameters&)[m[K’ is deprecated [[01;35m[K-Wdeprecated-copy[m[K]
[1.754s]   960 |     Parameters params = getParameters([01;35m[K)[m[K;
[1.754s]       |                                       [01;35m[K^[m[K
[1.754s] [01m[K/home/deathstroke/vins-fusion-ros2/src/VINS-Fusion-ROS2-humble-arm/camera_models/src/camera_models/CataCamera.cc:237:1:[m[K [01;36m[Knote: [m[Kbecause ‘[01m[Kcamodocal::CataCamera::Parameters[m[K’ has user-provided ‘[01m[Kcamodocal::CataCamera::Parameters& camodocal::CataCamera::Parameters::operator=(const camodocal::CataCamera::Parameters&)[m[K’
[1.754s]   237 | [01;36m[KCataCamera[m[K::Parameters::operator=(const CataCamera::Parameters& other)
[1.754s]       | [01;36m[K^~~~~~~~~~[m[K
[1.764s] In file included from [01m[K/home/deathstroke/vins-fusion-ros2/src/VINS-Fusion-ROS2-humble-arm/camera_models/src/camera_models/PinholeFullCamera.cc:1[m[K:
[1.764s] [01m[K/home/deathstroke/vins-fusion-ros2/src/VINS-Fusion-ROS2-humble-arm/camera_models/include/camodocal/camera_models/PinholeFullCamera.h:[m[K In member function ‘[01m[Kvoid camodocal::PinholeFullCamera::setInitIntrinsics(const std::vector<std::vector<cv::Point3_<float> > >&, const std::vector<std::vector<cv::Point_<float> > >&)[m[K’:
[1.764s] [01m[K/home/deathstroke/vins-fusion-ros2/src/VINS-Fusion-ROS2-humble-arm/camera_models/include/camodocal/camera_models/PinholeFullCamera.h:126:44:[m[K [01;35m[Kwarning: [m[Kimplicitly-declared ‘[01m[Kcamodocal::PinholeFullCamera::Parameters::Parameters(const camodocal::PinholeFullCamera::Parameters&)[m[K’ is deprecated [[01;35m[K-Wdeprecated-copy[m[K]
[1.764s]   126 |         Parameters params = getParameters( [01;35m[K)[m[K;
[1.764s]       |                                            [01;35m[K^[m[K
[1.764s] [01m[K/home/deathstroke/vins-fusion-ros2/src/VINS-Fusion-ROS2-humble-arm/camera_models/include/camodocal/camera_models/PinholeFullCamera.h:66:21:[m[K [01;36m[Knote: [m[Kbecause ‘[01m[Kcamodocal::PinholeFullCamera::Parameters[m[K’ has user-provided ‘[01m[Kcamodocal::PinholeFullCamera::Parameters& camodocal::PinholeFullCamera::Parameters::operator=(const camodocal::PinholeFullCamera::Parameters&)[m[K’
[1.764s]    66 |         Parameters& [01;36m[Koperator[m[K=( const Parameters& other );
[1.764s]       |                     [01;36m[K^~~~~~~~[m[K
[1.764s] [01m[K/home/deathstroke/vins-fusion-ros2/src/VINS-Fusion-ROS2-humble-arm/camera_models/src/camera_models/PinholeFullCamera.cc:[m[K In constructor ‘[01m[Kcamodocal::PinholeFullCamera::PinholeFullCamera(const camodocal::PinholeFullCamera::Parameters&)[m[K’:
[1.764s] [01m[K/home/deathstroke/vins-fusion-ros2/src/VINS-Fusion-ROS2-humble-arm/camera_models/src/camera_models/PinholeFullCamera.cc:381:3:[m[K [01;35m[Kwarning: [m[Kimplicitly-declared ‘[01m[Kcamodocal::PinholeFullCamera::Parameters::Parameters(const camodocal::PinholeFullCamera::Parameters&)[m[K’ is deprecated [[01;35m[K-Wdeprecated-copy[m[K]
[1.764s]   381 | : [01;35m[KmParameters( params )[m[K
[1.764s]       |   [01;35m[K^~~~~~~~~~~~~~~~~~~~~[m[K
[1.764s] [01m[K/home/deathstroke/vins-fusion-ros2/src/VINS-Fusion-ROS2-humble-arm/camera_models/src/camera_models/PinholeFullCamera.cc:280:1:[m[K [01;36m[Knote: [m[Kbecause ‘[01m[Kcamodocal::PinholeFullCamera::Parameters[m[K’ has user-provided ‘[01m[Kcamodocal::PinholeFullCamera::Parameters& camodocal::PinholeFullCamera::Parameters::operator=(const camodocal::PinholeFullCamera::Parameters&)[m[K’
[1.764s]   280 | [01;36m[KPinholeFullCamera[m[K::Parameters::operator=( const PinholeFullCamera::Parameters& other )
[1.765s]       | [01;36m[K^~~~~~~~~~~~~~~~~[m[K
[1.765s] [01m[K/home/deathstroke/vins-fusion-ros2/src/VINS-Fusion-ROS2-humble-arm/camera_models/src/camera_models/PinholeFullCamera.cc:[m[K In member function ‘[01m[Kvirtual void camodocal::PinholeFullCamera::estimateIntrinsics(const Size&, const std::vector<std::vector<cv::Point3_<float> > >&, const std::vector<std::vector<cv::Point_<float> > >&)[m[K’:
[1.765s] [01m[K/home/deathstroke/vins-fusion-ros2/src/VINS-Fusion-ROS2-humble-arm/camera_models/src/camera_models/PinholeFullCamera.cc:431:40:[m[K [01;35m[Kwarning: [m[Kimplicitly-declared ‘[01m[Kcamodocal::PinholeFullCamera::Parameters::Parameters(const camodocal::PinholeFullCamera::Parameters&)[m[K’ is deprecated [[01;35m[K-Wdeprecated-copy[m[K]
[1.765s]   431 |     Parameters params = getParameters( [01;35m[K)[m[K;
[1.765s]       |                                        [01;35m[K^[m[K
[1.765s] [01m[K/home/deathstroke/vins-fusion-ros2/src/VINS-Fusion-ROS2-humble-arm/camera_models/src/camera_models/PinholeFullCamera.cc:280:1:[m[K [01;36m[Knote: [m[Kbecause ‘[01m[Kcamodocal::PinholeFullCamera::Parameters[m[K’ has user-provided ‘[01m[Kcamodocal::PinholeFullCamera::Parameters& camodocal::PinholeFullCamera::Parameters::operator=(const camodocal::PinholeFullCamera::Parameters&)[m[K’
[1.765s]   280 | [01;36m[KPinholeFullCamera[m[K::Parameters::operator=( const PinholeFullCamera::Parameters& other )
[1.765s]       | [01;36m[K^~~~~~~~~~~~~~~~~[m[K
[1.765s] [01m[K/home/deathstroke/vins-fusion-ros2/src/VINS-Fusion-ROS2-humble-arm/camera_models/src/camera_models/PinholeFullCamera.cc:[m[K In member function ‘[01m[Kvirtual void camodocal::PinholeFullCamera::readParameters(const std::vector<double, std::allocator<double> >&)[m[K’:
[1.765s] [01m[K/home/deathstroke/vins-fusion-ros2/src/VINS-Fusion-ROS2-humble-arm/camera_models/src/camera_models/PinholeFullCamera.cc:950:40:[m[K [01;35m[Kwarning: [m[Kimplicitly-declared ‘[01m[Kcamodocal::PinholeFullCamera::Parameters::Parameters(const camodocal::PinholeFullCamera::Parameters&)[m[K’ is deprecated [[01;35m[K-Wdeprecated-copy[m[K]
[1.765s]   950 |     Parameters params = getParameters( [01;35m[K)[m[K;
[1.765s]       |                                        [01;35m[K^[m[K
[1.765s] [01m[K/home/deathstroke/vins-fusion-ros2/src/VINS-Fusion-ROS2-humble-arm/camera_models/src/camera_models/PinholeFullCamera.cc:280:1:[m[K [01;36m[Knote: [m[Kbecause ‘[01m[Kcamodocal::PinholeFullCamera::Parameters[m[K’ has user-provided ‘[01m[Kcamodocal::PinholeFullCamera::Parameters& camodocal::PinholeFullCamera::Parameters::operator=(const camodocal::PinholeFullCamera::Parameters&)[m[K’
[1.765s]   280 | [01;36m[KPinholeFullCamera[m[K::Parameters::operator=( const PinholeFullCamera::Parameters& other )
[1.765s]       | [01;36m[K^~~~~~~~~~~~~~~~~[m[K
[1.765s] [01m[K/home/deathstroke/vins-fusion-ros2/src/VINS-Fusion-ROS2-humble-arm/camera_models/src/camera_models/PinholeFullCamera.cc:[m[K In member function ‘[01m[Kvirtual void camodocal::PinholeFullCamera::liftProjective(const Vector2d&, Eigen::Vector3d&) const[m[K’:
[1.765s] [01m[K/home/deathstroke/vins-fusion-ros2/src/VINS-Fusion-ROS2-humble-arm/camera_models/src/camera_models/PinholeFullCamera.cc:599:32:[m[K [01;35m[Kwarning: [m[K‘[01m[Kxd[m[K’ is used uninitialized [[01;35m[K-Wuninitialized[m[K]
[1.765s]   599 |             double x_proj = [01;35m[Kxd * fx[m[K + cx;
[1.765s]       |                             [01;35m[K~~~^~~~[m[K
[1.765s] [01m[K/home/deathstroke/vins-fusion-ros2/src/VINS-Fusion-ROS2-humble-arm/camera_models/src/camera_models/PinholeFullCamera.cc:600:32:[m[K [01;35m[Kwarning: [m[K‘[01m[Kyd[m[K’ is used uninitialized [[01;35m[K-Wuninitialized[m[K]
[1.765s]   600 |             double y_proj = [01;35m[Kyd * fy[m[K + cy;
[1.765s]       |                             [01;35m[K~~~^~~~[m[K
[1.765s] [01m[K/home/deathstroke/vins-fusion-ros2/src/VINS-Fusion-ROS2-humble-arm/camera_models/src/camera_models/PinholeFullCamera.cc:[m[K In member function ‘[01m[Kvoid camodocal::PinholeFullCamera::spaceToPlane(const Vector3d&, Eigen::Vector2d&, Eigen::Matrix<double, 2, 3>&) const[m[K’:
[1.766s] [01m[K/home/deathstroke/vins-fusion-ros2/src/VINS-Fusion-ROS2-humble-arm/camera_models/src/camera_models/PinholeFullCamera.cc:701:29:[m[K [01;35m[Kwarning: [m[K‘[01m[Kdxdmx[m[K’ is used uninitialized [[01;35m[K-Wuninitialized[m[K]
[1.766s]   701 |     inv_denom = fx * ( [01;35m[Kdudx * dxdmx[m[K + dvdx * dxdmy ); // reuse
[1.766s]       |                        [01;35m[K~~~~~^~~~~~~[m[K
[1.766s] [01m[K/home/deathstroke/vins-fusion-ros2/src/VINS-Fusion-ROS2-humble-arm/camera_models/src/camera_models/PinholeFullCamera.cc:701:44:[m[K [01;35m[Kwarning: [m[K‘[01m[Kdxdmy[m[K’ is used uninitialized [[01;35m[K-Wuninitialized[m[K]
[1.766s]   701 |     inv_denom = fx * ( dudx * dxdmx + [01;35m[Kdvdx * dxdmy[m[K ); // reuse
[1.766s]       |                                       [01;35m[K~~~~~^~~~~~~[m[K
[1.766s] [01m[K/home/deathstroke/vins-fusion-ros2/src/VINS-Fusion-ROS2-humble-arm/camera_models/src/camera_models/PinholeFullCamera.cc:702:29:[m[K [01;35m[Kwarning: [m[K‘[01m[Kdydmx[m[K’ is used uninitialized [[01;35m[K-Wuninitialized[m[K]
[1.766s]   702 |     dvdx      = fy * ( [01;35m[Kdudx * dydmx[m[K + dvdx * dydmy );
[1.766s]       |                        [01;35m[K~~~~~^~~~~~~[m[K
[1.766s] [01m[K/home/deathstroke/vins-fusion-ros2/src/VINS-Fusion-ROS2-humble-arm/camera_models/src/camera_models/PinholeFullCamera.cc:702:44:[m[K [01;35m[Kwarning: [m[K‘[01m[Kdydmy[m[K’ is used uninitialized [[01;35m[K-Wuninitialized[m[K]
[1.766s]   702 |     dvdx      = fy * ( dudx * dydmx + [01;35m[Kdvdx * dydmy[m[K );
[1.766s]       |                                       [01;35m[K~~~~~^~~~~~~[m[K
[1.771s] [01m[K/home/deathstroke/vins-fusion-ros2/src/VINS-Fusion-ROS2-humble-arm/camera_models/src/camera_models/PinholeCamera.cc:[m[K In constructor ‘[01m[Kcamodocal::PinholeCamera::PinholeCamera(const camodocal::PinholeCamera::Parameters&)[m[K’:
[1.771s] [01m[K/home/deathstroke/vins-fusion-ros2/src/VINS-Fusion-ROS2-humble-arm/camera_models/src/camera_models/PinholeCamera.cc:299:4:[m[K [01;35m[Kwarning: [m[Kimplicitly-declared ‘[01m[Kcamodocal::PinholeCamera::Parameters::Parameters(const camodocal::PinholeCamera::Parameters&)[m[K’ is deprecated [[01;35m[K-Wdeprecated-copy[m[K]
[1.772s]   299 |  : [01;35m[KmParameters(params)[m[K
[1.772s]       |    [01;35m[K^~~~~~~~~~~~~~~~~~~[m[K
[1.772s] [01m[K/home/deathstroke/vins-fusion-ros2/src/VINS-Fusion-ROS2-humble-arm/camera_models/src/camera_models/PinholeCamera.cc:214:1:[m[K [01;36m[Knote: [m[Kbecause ‘[01m[Kcamodocal::PinholeCamera::Parameters[m[K’ has user-provided ‘[01m[Kcamodocal::PinholeCamera::Parameters& camodocal::PinholeCamera::Parameters::operator=(const camodocal::PinholeCamera::Parameters&)[m[K’
[1.772s]   214 | [01;36m[KPinholeCamera[m[K::Parameters::operator=(const PinholeCamera::Parameters& other)
[1.772s]       | [01;36m[K^~~~~~~~~~~~~[m[K
[1.772s] [01m[K/home/deathstroke/vins-fusion-ros2/src/VINS-Fusion-ROS2-humble-arm/camera_models/src/camera_models/PinholeCamera.cc:[m[K In member function ‘[01m[Kvirtual void camodocal::PinholeCamera::estimateIntrinsics(const Size&, const std::vector<std::vector<cv::Point3_<float> > >&, const std::vector<std::vector<cv::Point_<float> > >&)[m[K’:
[1.772s] [01m[K/home/deathstroke/vins-fusion-ros2/src/VINS-Fusion-ROS2-humble-arm/camera_models/src/camera_models/PinholeCamera.cc:351:39:[m[K [01;35m[Kwarning: [m[Kimplicitly-declared ‘[01m[Kcamodocal::PinholeCamera::Parameters::Parameters(const camodocal::PinholeCamera::Parameters&)[m[K’ is deprecated [[01;35m[K-Wdeprecated-copy[m[K]
[1.772s]   351 |     Parameters params = getParameters([01;35m[K)[m[K;
[1.772s]       |                                       [01;35m[K^[m[K
[1.772s] [01m[K/home/deathstroke/vins-fusion-ros2/src/VINS-Fusion-ROS2-humble-arm/camera_models/src/camera_models/PinholeCamera.cc:214:1:[m[K [01;36m[Knote: [m[Kbecause ‘[01m[Kcamodocal::PinholeCamera::Parameters[m[K’ has user-provided ‘[01m[Kcamodocal::PinholeCamera::Parameters& camodocal::PinholeCamera::Parameters::operator=(const camodocal::PinholeCamera::Parameters&)[m[K’
[1.772s]   214 | [01;36m[KPinholeCamera[m[K::Parameters::operator=(const PinholeCamera::Parameters& other)
[1.772s]       | [01;36m[K^~~~~~~~~~~~~[m[K
[1.772s] [01m[K/home/deathstroke/vins-fusion-ros2/src/VINS-Fusion-ROS2-humble-arm/camera_models/src/camera_models/PinholeCamera.cc:[m[K In member function ‘[01m[Kvirtual void camodocal::PinholeCamera::readParameters(const std::vector<double, std::allocator<double> >&)[m[K’:
[1.772s] [01m[K/home/deathstroke/vins-fusion-ros2/src/VINS-Fusion-ROS2-humble-arm/camera_models/src/camera_models/PinholeCamera.cc:838:39:[m[K [01;35m[Kwarning: [m[Kimplicitly-declared ‘[01m[Kcamodocal::PinholeCamera::Parameters::Parameters(const camodocal::PinholeCamera::Parameters&)[m[K’ is deprecated [[01;35m[K-Wdeprecated-copy[m[K]
[1.772s]   838 |     Parameters params = getParameters([01;35m[K)[m[K;
[1.772s]       |                                       [01;35m[K^[m[K
[1.772s] [01m[K/home/deathstroke/vins-fusion-ros2/src/VINS-Fusion-ROS2-humble-arm/camera_models/src/camera_models/PinholeCamera.cc:214:1:[m[K [01;36m[Knote: [m[Kbecause ‘[01m[Kcamodocal::PinholeCamera::Parameters[m[K’ has user-provided ‘[01m[Kcamodocal::PinholeCamera::Parameters& camodocal::PinholeCamera::Parameters::operator=(const camodocal::PinholeCamera::Parameters&)[m[K’
[1.772s]   214 | [01;36m[KPinholeCamera[m[K::Parameters::operator=(const PinholeCamera::Parameters& other)
[1.772s]       | [01;36m[K^~~~~~~~~~~~~[m[K
[1.775s] [01m[K/home/deathstroke/vins-fusion-ros2/src/VINS-Fusion-ROS2-humble-arm/camera_models/src/chessboard/Chessboard.cc:[m[K In member function ‘[01m[Kvoid camodocal::Chessboard::labelQuadGroup(std::vector<boost::shared_ptr<camodocal::ChessboardQuad> >&, cv::Size, bool)[m[K’:
[1.775s] [01m[K/home/deathstroke/vins-fusion-ros2/src/VINS-Fusion-ROS2-humble-arm/camera_models/src/chessboard/Chessboard.cc:681:45:[m[K [01;35m[Kwarning: [m[K‘[01m[KquadID[m[K’ may be used uninitialized in this function [[01;35m[K-Wmaybe-uninitialized[m[K]
[1.775s]   681 |                             quadGroup[quadID[01;35m[K][m[K->corners[cornerID]->needsNeighbor = false;
[1.775s]       |                                             [01;35m[K^[m[K
[1.785s] [01m[K/home/deathstroke/vins-fusion-ros2/src/VINS-Fusion-ROS2-humble-arm/camera_models/src/camera_models/EquidistantCamera.cc:[m[K In constructor ‘[01m[Kcamodocal::EquidistantCamera::EquidistantCamera(const camodocal::EquidistantCamera::Parameters&)[m[K’:
[1.785s] [01m[K/home/deathstroke/vins-fusion-ros2/src/VINS-Fusion-ROS2-humble-arm/camera_models/src/camera_models/EquidistantCamera.cc:278:4:[m[K [01;35m[Kwarning: [m[Kimplicitly-declared ‘[01m[Kcamodocal::EquidistantCamera::Parameters::Parameters(const camodocal::EquidistantCamera::Parameters&)[m[K’ is deprecated [[01;35m[K-Wdeprecated-copy[m[K]
[1.785s]   278 |  : [01;35m[KmParameters(params)[m[K
[1.785s]       |    [01;35m[K^~~~~~~~~~~~~~~~~~~[m[K
[1.785s] [01m[K/home/deathstroke/vins-fusion-ros2/src/VINS-Fusion-ROS2-humble-arm/camera_models/src/camera_models/EquidistantCamera.cc:209:1:[m[K [01;36m[Knote: [m[Kbecause ‘[01m[Kcamodocal::EquidistantCamera::Parameters[m[K’ has user-provided ‘[01m[Kcamodocal::EquidistantCamera::Parameters& camodocal::EquidistantCamera::Parameters::operator=(const camodocal::EquidistantCamera::Parameters&)[m[K’
[1.785s]   209 | [01;36m[KEquidistantCamera[m[K::Parameters::operator=(const EquidistantCamera::Parameters& other)
[1.785s]       | [01;36m[K^~~~~~~~~~~~~~~~~[m[K
[1.786s] [01m[K/home/deathstroke/vins-fusion-ros2/src/VINS-Fusion-ROS2-humble-arm/camera_models/src/camera_models/EquidistantCamera.cc:[m[K In member function ‘[01m[Kvirtual void camodocal::EquidistantCamera::estimateIntrinsics(const Size&, const std::vector<std::vector<cv::Point3_<float> > >&, const std::vector<std::vector<cv::Point_<float> > >&)[m[K’:
[1.786s] [01m[K/home/deathstroke/vins-fusion-ros2/src/VINS-Fusion-ROS2-humble-arm/camera_models/src/camera_models/EquidistantCamera.cc:316:39:[m[K [01;35m[Kwarning: [m[Kimplicitly-declared ‘[01m[Kcamodocal::EquidistantCamera::Parameters::Parameters(const camodocal::EquidistantCamera::Parameters&)[m[K’ is deprecated [[01;35m[K-Wdeprecated-copy[m[K]
[1.786s]   316 |     Parameters params = getParameters([01;35m[K)[m[K;
[1.786s]       |                                       [01;35m[K^[m[K
[1.786s] [01m[K/home/deathstroke/vins-fusion-ros2/src/VINS-Fusion-ROS2-humble-arm/camera_models/src/camera_models/EquidistantCamera.cc:209:1:[m[K [01;36m[Knote: [m[Kbecause ‘[01m[Kcamodocal::EquidistantCamera::Parameters[m[K’ has user-provided ‘[01m[Kcamodocal::EquidistantCamera::Parameters& camodocal::EquidistantCamera::Parameters::operator=(const camodocal::EquidistantCamera::Parameters&)[m[K’
[1.786s]   209 | [01;36m[KEquidistantCamera[m[K::Parameters::operator=(const EquidistantCamera::Parameters& other)
[1.786s]       | [01;36m[K^~~~~~~~~~~~~~~~~[m[K
[1.786s] [01m[K/home/deathstroke/vins-fusion-ros2/src/VINS-Fusion-ROS2-humble-arm/camera_models/src/camera_models/EquidistantCamera.cc:345:16:[m[K [01;35m[Kwarning: [m[KISO C++ forbids variable length array ‘[01m[Kradius[m[K’ [[01;35m[K-Wvla[m[K]
[1.786s]   345 |         double [01;35m[Kradius[m[K[boardSize.height];
[1.786s]       |                [01;35m[K^~~~~~[m[K
[1.786s] [01m[K/home/deathstroke/vins-fusion-ros2/src/VINS-Fusion-ROS2-humble-arm/camera_models/src/camera_models/EquidistantCamera.cc:[m[K In member function ‘[01m[Kvirtual void camodocal::EquidistantCamera::readParameters(const std::vector<double, std::allocator<double> >&)[m[K’:
[1.786s] [01m[K/home/deathstroke/vins-fusion-ros2/src/VINS-Fusion-ROS2-humble-arm/camera_models/src/camera_models/EquidistantCamera.cc:637:29:[m[K [01;35m[Kwarning: [m[Kcomparison of integer expressions of different signedness: ‘[01m[Kstd::vector<double, std::allocator<double> >::size_type[m[K’ {aka ‘[01m[Klong unsigned int[m[K’} and ‘[01m[Kint[m[K’ [[01;35m[K-Wsign-compare[m[K]
[1.786s]   637 |     if ([01;35m[KparameterVec.size() != parameterCount()[m[K)
[1.786s]       |         [01;35m[K~~~~~~~~~~~~~~~~~~~~^~~~~~~~~~~~~~~~~~~[m[K
[1.786s] [01m[K/home/deathstroke/vins-fusion-ros2/src/VINS-Fusion-ROS2-humble-arm/camera_models/src/camera_models/EquidistantCamera.cc:642:39:[m[K [01;35m[Kwarning: [m[Kimplicitly-declared ‘[01m[Kcamodocal::EquidistantCamera::Parameters::Parameters(const camodocal::EquidistantCamera::Parameters&)[m[K’ is deprecated [[01;35m[K-Wdeprecated-copy[m[K]
[1.786s]   642 |     Parameters params = getParameters([01;35m[K)[m[K;
[1.786s]       |                                       [01;35m[K^[m[K
[1.786s] [01m[K/home/deathstroke/vins-fusion-ros2/src/VINS-Fusion-ROS2-humble-arm/camera_models/src/camera_models/EquidistantCamera.cc:209:1:[m[K [01;36m[Knote: [m[Kbecause ‘[01m[Kcamodocal::EquidistantCamera::Parameters[m[K’ has user-provided ‘[01m[Kcamodocal::EquidistantCamera::Parameters& camodocal::EquidistantCamera::Parameters::operator=(const camodocal::EquidistantCamera::Parameters&)[m[K’
[1.786s]   209 | [01;36m[KEquidistantCamera[m[K::Parameters::operator=(const EquidistantCamera::Parameters& other)
[1.786s]       | [01;36m[K^~~~~~~~~~~~~~~~~[m[K
[1.820s] In file included from [01m[K/home/deathstroke/vins-fusion-ros2/src/VINS-Fusion-ROS2-humble-arm/camera_models/src/camera_models/PinholeFullCamera.cc:1[m[K:
[1.820s] [01m[K/home/deathstroke/vins-fusion-ros2/src/VINS-Fusion-ROS2-humble-arm/camera_models/include/camodocal/camera_models/PinholeFullCamera.h:[m[K In member function ‘[01m[Kvoid camodocal::PinholeFullCamera::setInitIntrinsics(const std::vector<std::vector<cv::Point3_<float> > >&, const std::vector<std::vector<cv::Point_<float> > >&)[m[K’:
[1.820s] [01m[K/home/deathstroke/vins-fusion-ros2/src/VINS-Fusion-ROS2-humble-arm/camera_models/include/camodocal/camera_models/PinholeFullCamera.h:126:44:[m[K [01;35m[Kwarning: [m[Kimplicitly-declared ‘[01m[Kcamodocal::PinholeFullCamera::Parameters::Parameters(const camodocal::PinholeFullCamera::Parameters&)[m[K’ is deprecated [[01;35m[K-Wdeprecated-copy[m[K]
[1.820s]   126 |         Parameters params = getParameters( [01;35m[K)[m[K;
[1.820s]       |                                            [01;35m[K^[m[K
[1.820s] [01m[K/home/deathstroke/vins-fusion-ros2/src/VINS-Fusion-ROS2-humble-arm/camera_models/include/camodocal/camera_models/PinholeFullCamera.h:66:21:[m[K [01;36m[Knote: [m[Kbecause ‘[01m[Kcamodocal::PinholeFullCamera::Parameters[m[K’ has user-provided ‘[01m[Kcamodocal::PinholeFullCamera::Parameters& camodocal::PinholeFullCamera::Parameters::operator=(const camodocal::PinholeFullCamera::Parameters&)[m[K’
[1.820s]    66 |         Parameters& [01;36m[Koperator[m[K=( const Parameters& other );
[1.820s]       |                     [01;36m[K^~~~~~~~[m[K
[1.820s] [01m[K/home/deathstroke/vins-fusion-ros2/src/VINS-Fusion-ROS2-humble-arm/camera_models/src/camera_models/PinholeFullCamera.cc:[m[K In constructor ‘[01m[Kcamodocal::PinholeFullCamera::PinholeFullCamera(const camodocal::PinholeFullCamera::Parameters&)[m[K’:
[1.820s] [01m[K/home/deathstroke/vins-fusion-ros2/src/VINS-Fusion-ROS2-humble-arm/camera_models/src/camera_models/PinholeFullCamera.cc:381:3:[m[K [01;35m[Kwarning: [m[Kimplicitly-declared ‘[01m[Kcamodocal::PinholeFullCamera::Parameters::Parameters(const camodocal::PinholeFullCamera::Parameters&)[m[K’ is deprecated [[01;35m[K-Wdeprecated-copy[m[K]
[1.820s]   381 | : [01;35m[KmParameters( params )[m[K
[1.820s]       |   [01;35m[K^~~~~~~~~~~~~~~~~~~~~[m[K
[1.820s] [01m[K/home/deathstroke/vins-fusion-ros2/src/VINS-Fusion-ROS2-humble-arm/camera_models/src/camera_models/PinholeFullCamera.cc:280:1:[m[K [01;36m[Knote: [m[Kbecause ‘[01m[Kcamodocal::PinholeFullCamera::Parameters[m[K’ has user-provided ‘[01m[Kcamodocal::PinholeFullCamera::Parameters& camodocal::PinholeFullCamera::Parameters::operator=(const camodocal::PinholeFullCamera::Parameters&)[m[K’
[1.820s]   280 | [01;36m[KPinholeFullCamera[m[K::Parameters::operator=( const PinholeFullCamera::Parameters& other )
[1.820s]       | [01;36m[K^~~~~~~~~~~~~~~~~[m[K
[1.820s] [01m[K/home/deathstroke/vins-fusion-ros2/src/VINS-Fusion-ROS2-humble-arm/camera_models/src/camera_models/PinholeFullCamera.cc:[m[K In member function ‘[01m[Kvirtual void camodocal::PinholeFullCamera::estimateIntrinsics(const Size&, const std::vector<std::vector<cv::Point3_<float> > >&, const std::vector<std::vector<cv::Point_<float> > >&)[m[K’:
[1.820s] [01m[K/home/deathstroke/vins-fusion-ros2/src/VINS-Fusion-ROS2-humble-arm/camera_models/src/camera_models/PinholeFullCamera.cc:431:40:[m[K [01;35m[Kwarning: [m[Kimplicitly-declared ‘[01m[Kcamodocal::PinholeFullCamera::Parameters::Parameters(const camodocal::PinholeFullCamera::Parameters&)[m[K’ is deprecated [[01;35m[K-Wdeprecated-copy[m[K]
[1.820s]   431 |     Parameters params = getParameters( [01;35m[K)[m[K;
[1.820s]       |                                        [01;35m[K^[m[K
[1.820s] [01m[K/home/deathstroke/vins-fusion-ros2/src/VINS-Fusion-ROS2-humble-arm/camera_models/src/camera_models/PinholeFullCamera.cc:280:1:[m[K [01;36m[Knote: [m[Kbecause ‘[01m[Kcamodocal::PinholeFullCamera::Parameters[m[K’ has user-provided ‘[01m[Kcamodocal::PinholeFullCamera::Parameters& camodocal::PinholeFullCamera::Parameters::operator=(const camodocal::PinholeFullCamera::Parameters&)[m[K’
[1.821s]   280 | [01;36m[KPinholeFullCamera[m[K::Parameters::operator=( const PinholeFullCamera::Parameters& other )
[1.821s]       | [01;36m[K^~~~~~~~~~~~~~~~~[m[K
[1.821s] [01m[K/home/deathstroke/vins-fusion-ros2/src/VINS-Fusion-ROS2-humble-arm/camera_models/src/camera_models/PinholeFullCamera.cc:[m[K In member function ‘[01m[Kvirtual void camodocal::PinholeFullCamera::readParameters(const std::vector<double, std::allocator<double> >&)[m[K’:
[1.821s] [01m[K/home/deathstroke/vins-fusion-ros2/src/VINS-Fusion-ROS2-humble-arm/camera_models/src/camera_models/PinholeFullCamera.cc:950:40:[m[K [01;35m[Kwarning: [m[Kimplicitly-declared ‘[01m[Kcamodocal::PinholeFullCamera::Parameters::Parameters(const camodocal::PinholeFullCamera::Parameters&)[m[K’ is deprecated [[01;35m[K-Wdeprecated-copy[m[K]
[1.821s]   950 |     Parameters params = getParameters( [01;35m[K)[m[K;
[1.821s]       |                                        [01;35m[K^[m[K
[1.821s] [01m[K/home/deathstroke/vins-fusion-ros2/src/VINS-Fusion-ROS2-humble-arm/camera_models/src/camera_models/PinholeFullCamera.cc:280:1:[m[K [01;36m[Knote: [m[Kbecause ‘[01m[Kcamodocal::PinholeFullCamera::Parameters[m[K’ has user-provided ‘[01m[Kcamodocal::PinholeFullCamera::Parameters& camodocal::PinholeFullCamera::Parameters::operator=(const camodocal::PinholeFullCamera::Parameters&)[m[K’
[1.821s]   280 | [01;36m[KPinholeFullCamera[m[K::Parameters::operator=( const PinholeFullCamera::Parameters& other )
[1.821s]       | [01;36m[K^~~~~~~~~~~~~~~~~[m[K
[1.821s] [01m[K/home/deathstroke/vins-fusion-ros2/src/VINS-Fusion-ROS2-humble-arm/camera_models/src/camera_models/PinholeFullCamera.cc:[m[K In member function ‘[01m[Kvirtual void camodocal::PinholeFullCamera::liftProjective(const Vector2d&, Eigen::Vector3d&) const[m[K’:
[1.821s] [01m[K/home/deathstroke/vins-fusion-ros2/src/VINS-Fusion-ROS2-humble-arm/camera_models/src/camera_models/PinholeFullCamera.cc:599:32:[m[K [01;35m[Kwarning: [m[K‘[01m[Kxd[m[K’ is used uninitialized [[01;35m[K-Wuninitialized[m[K]
[1.821s]   599 |             double x_proj = [01;35m[Kxd * fx[m[K + cx;
[1.821s]       |                             [01;35m[K~~~^~~~[m[K
[1.821s] [01m[K/home/deathstroke/vins-fusion-ros2/src/VINS-Fusion-ROS2-humble-arm/camera_models/src/camera_models/PinholeFullCamera.cc:600:32:[m[K [01;35m[Kwarning: [m[K‘[01m[Kyd[m[K’ is used uninitialized [[01;35m[K-Wuninitialized[m[K]
[1.821s]   600 |             double y_proj = [01;35m[Kyd * fy[m[K + cy;
[1.821s]       |                             [01;35m[K~~~^~~~[m[K
[1.821s] [01m[K/home/deathstroke/vins-fusion-ros2/src/VINS-Fusion-ROS2-humble-arm/camera_models/src/camera_models/PinholeFullCamera.cc:[m[K In member function ‘[01m[Kvoid camodocal::PinholeFullCamera::spaceToPlane(const Vector3d&, Eigen::Vector2d&, Eigen::Matrix<double, 2, 3>&) const[m[K’:
[1.821s] [01m[K/home/deathstroke/vins-fusion-ros2/src/VINS-Fusion-ROS2-humble-arm/camera_models/src/camera_models/PinholeFullCamera.cc:701:29:[m[K [01;35m[Kwarning: [m[K‘[01m[Kdxdmx[m[K’ is used uninitialized [[01;35m[K-Wuninitialized[m[K]
[1.821s]   701 |     inv_denom = fx * ( [01;35m[Kdudx * dxdmx[m[K + dvdx * dxdmy ); // reuse
[1.821s]       |                        [01;35m[K~~~~~^~~~~~~[m[K
[1.821s] [01m[K/home/deathstroke/vins-fusion-ros2/src/VINS-Fusion-ROS2-humble-arm/camera_models/src/camera_models/PinholeFullCamera.cc:701:44:[m[K [01;35m[Kwarning: [m[K‘[01m[Kdxdmy[m[K’ is used uninitialized [[01;35m[K-Wuninitialized[m[K]
[1.821s]   701 |     inv_denom = fx * ( dudx * dxdmx + [01;35m[Kdvdx * dxdmy[m[K ); // reuse
[1.821s]       |                                       [01;35m[K~~~~~^~~~~~~[m[K
[1.822s] [01m[K/home/deathstroke/vins-fusion-ros2/src/VINS-Fusion-ROS2-humble-arm/camera_models/src/camera_models/PinholeFullCamera.cc:702:29:[m[K [01;35m[Kwarning: [m[K‘[01m[Kdydmx[m[K’ is used uninitialized [[01;35m[K-Wuninitialized[m[K]
[1.822s]   702 |     dvdx      = fy * ( [01;35m[Kdudx * dydmx[m[K + dvdx * dydmy );
[1.822s]       |                        [01;35m[K~~~~~^~~~~~~[m[K
[1.822s] [01m[K/home/deathstroke/vins-fusion-ros2/src/VINS-Fusion-ROS2-humble-arm/camera_models/src/camera_models/PinholeFullCamera.cc:702:44:[m[K [01;35m[Kwarning: [m[K‘[01m[Kdydmy[m[K’ is used uninitialized [[01;35m[K-Wuninitialized[m[K]
[1.822s]   702 |     dvdx      = fy * ( dudx * dydmx + [01;35m[Kdvdx * dydmy[m[K );
[1.822s]       |                                       [01;35m[K~~~~~^~~~~~~[m[K
[1.829s] [01m[K/home/deathstroke/vins-fusion-ros2/src/VINS-Fusion-ROS2-humble-arm/camera_models/src/camera_models/EquidistantCamera.cc:[m[K In constructor ‘[01m[Kcamodocal::EquidistantCamera::EquidistantCamera(const camodocal::EquidistantCamera::Parameters&)[m[K’:
[1.829s] [01m[K/home/deathstroke/vins-fusion-ros2/src/VINS-Fusion-ROS2-humble-arm/camera_models/src/camera_models/EquidistantCamera.cc:278:4:[m[K [01;35m[Kwarning: [m[Kimplicitly-declared ‘[01m[Kcamodocal::EquidistantCamera::Parameters::Parameters(const camodocal::EquidistantCamera::Parameters&)[m[K’ is deprecated [[01;35m[K-Wdeprecated-copy[m[K]
[1.829s]   278 |  : [01;35m[KmParameters(params)[m[K
[1.829s]       |    [01;35m[K^~~~~~~~~~~~~~~~~~~[m[K
[1.830s] [01m[K/home/deathstroke/vins-fusion-ros2/src/VINS-Fusion-ROS2-humble-arm/camera_models/src/camera_models/EquidistantCamera.cc:209:1:[m[K [01;36m[Knote: [m[Kbecause ‘[01m[Kcamodocal::EquidistantCamera::Parameters[m[K’ has user-provided ‘[01m[Kcamodocal::EquidistantCamera::Parameters& camodocal::EquidistantCamera::Parameters::operator=(const camodocal::EquidistantCamera::Parameters&)[m[K’
[1.830s]   209 | [01;36m[KEquidistantCamera[m[K::Parameters::operator=(const EquidistantCamera::Parameters& other)
[1.830s]       | [01;36m[K^~~~~~~~~~~~~~~~~[m[K
[1.830s] [01m[K/home/deathstroke/vins-fusion-ros2/src/VINS-Fusion-ROS2-humble-arm/camera_models/src/camera_models/EquidistantCamera.cc:[m[K In member function ‘[01m[Kvirtual void camodocal::EquidistantCamera::estimateIntrinsics(const Size&, const std::vector<std::vector<cv::Point3_<float> > >&, const std::vector<std::vector<cv::Point_<float> > >&)[m[K’:
[1.830s] [01m[K/home/deathstroke/vins-fusion-ros2/src/VINS-Fusion-ROS2-humble-arm/camera_models/src/camera_models/EquidistantCamera.cc:316:39:[m[K [01;35m[Kwarning: [m[Kimplicitly-declared ‘[01m[Kcamodocal::EquidistantCamera::Parameters::Parameters(const camodocal::EquidistantCamera::Parameters&)[m[K’ is deprecated [[01;35m[K-Wdeprecated-copy[m[K]
[1.830s]   316 |     Parameters params = getParameters([01;35m[K)[m[K;
[1.830s]       |                                       [01;35m[K^[m[K
[1.830s] [01m[K/home/deathstroke/vins-fusion-ros2/src/VINS-Fusion-ROS2-humble-arm/camera_models/src/camera_models/EquidistantCamera.cc:209:1:[m[K [01;36m[Knote: [m[Kbecause ‘[01m[Kcamodocal::EquidistantCamera::Parameters[m[K’ has user-provided ‘[01m[Kcamodocal::EquidistantCamera::Parameters& camodocal::EquidistantCamera::Parameters::operator=(const camodocal::EquidistantCamera::Parameters&)[m[K’
[1.830s]   209 | [01;36m[KEquidistantCamera[m[K::Parameters::operator=(const EquidistantCamera::Parameters& other)
[1.830s]       | [01;36m[K^~~~~~~~~~~~~~~~~[m[K
[1.830s] [01m[K/home/deathstroke/vins-fusion-ros2/src/VINS-Fusion-ROS2-humble-arm/camera_models/src/camera_models/EquidistantCamera.cc:345:16:[m[K [01;35m[Kwarning: [m[KISO C++ forbids variable length array ‘[01m[Kradius[m[K’ [[01;35m[K-Wvla[m[K]
[1.830s]   345 |         double [01;35m[Kradius[m[K[boardSize.height];
[1.830s]       |                [01;35m[K^~~~~~[m[K
[1.830s] [01m[K/home/deathstroke/vins-fusion-ros2/src/VINS-Fusion-ROS2-humble-arm/camera_models/src/camera_models/EquidistantCamera.cc:[m[K In member function ‘[01m[Kvirtual void camodocal::EquidistantCamera::readParameters(const std::vector<double, std::allocator<double> >&)[m[K’:
[1.830s] [01m[K/home/deathstroke/vins-fusion-ros2/src/VINS-Fusion-ROS2-humble-arm/camera_models/src/camera_models/EquidistantCamera.cc:637:29:[m[K [01;35m[Kwarning: [m[Kcomparison of integer expressions of different signedness: ‘[01m[Kstd::vector<double, std::allocator<double> >::size_type[m[K’ {aka ‘[01m[Klong unsigned int[m[K’} and ‘[01m[Kint[m[K’ [[01;35m[K-Wsign-compare[m[K]
[1.830s]   637 |     if ([01;35m[KparameterVec.size() != parameterCount()[m[K)
[1.830s]       |         [01;35m[K~~~~~~~~~~~~~~~~~~~~^~~~~~~~~~~~~~~~~~~[m[K
[1.830s] [01m[K/home/deathstroke/vins-fusion-ros2/src/VINS-Fusion-ROS2-humble-arm/camera_models/src/camera_models/EquidistantCamera.cc:642:39:[m[K [01;35m[Kwarning: [m[Kimplicitly-declared ‘[01m[Kcamodocal::EquidistantCamera::Parameters::Parameters(const camodocal::EquidistantCamera::Parameters&)[m[K’ is deprecated [[01;35m[K-Wdeprecated-copy[m[K]
[1.830s]   642 |     Parameters params = getParameters([01;35m[K)[m[K;
[1.830s]       |                                       [01;35m[K^[m[K
[1.830s] [01m[K/home/deathstroke/vins-fusion-ros2/src/VINS-Fusion-ROS2-humble-arm/camera_models/src/camera_models/EquidistantCamera.cc:209:1:[m[K [01;36m[Knote: [m[Kbecause ‘[01m[Kcamodocal::EquidistantCamera::Parameters[m[K’ has user-provided ‘[01m[Kcamodocal::EquidistantCamera::Parameters& camodocal::EquidistantCamera::Parameters::operator=(const camodocal::EquidistantCamera::Parameters&)[m[K’
[1.830s]   209 | [01;36m[KEquidistantCamera[m[K::Parameters::operator=(const EquidistantCamera::Parameters& other)
[1.830s]       | [01;36m[K^~~~~~~~~~~~~~~~~[m[K
[1.833s] In file included from [01m[K/home/deathstroke/vins-fusion-ros2/src/VINS-Fusion-ROS2-humble-arm/camera_models/src/calib/CameraCalibration.cc:15[m[K:
[1.833s] [01m[K/home/deathstroke/vins-fusion-ros2/src/VINS-Fusion-ROS2-humble-arm/camera_models/include/camodocal/sparse_graph/Transform.h:22:5:[m[K [01;35m[Kwarning: [m[Ktype qualifiers ignored on function return type [[01;35m[K-Wignored-qualifiers[m[K]
[1.833s]    22 |     [01;35m[Kconst[m[K double* const rotationData(void) const;
[1.833s]       |     [01;35m[K^~~~~[m[K
[1.833s] [01m[K/home/deathstroke/vins-fusion-ros2/src/VINS-Fusion-ROS2-humble-arm/camera_models/include/camodocal/sparse_graph/Transform.h:27:5:[m[K [01;35m[Kwarning: [m[Ktype qualifiers ignored on function return type [[01;35m[K-Wignored-qualifiers[m[K]
[1.833s]    27 |     [01;35m[Kconst[m[K double* const translationData(void) const;
[1.833s]       |     [01;35m[K^~~~~[m[K
[1.833s] [01m[K/home/deathstroke/vins-fusion-ros2/src/VINS-Fusion-ROS2-humble-arm/camera_models/src/calib/CameraCalibration.cc:[m[K In member function ‘[01m[Kvoid camodocal::CameraCalibration::optimize(camodocal::CameraPtr&, std::vector<cv::Mat>&, std::vector<cv::Mat>&) const[m[K’:
[1.833s] [01m[K/home/deathstroke/vins-fusion-ros2/src/VINS-Fusion-ROS2-humble-arm/camera_models/src/calib/CameraCalibration.cc:507:39:[m[K [01;35m[Kwarning: [m[K‘[01m[KLocalParameterization[m[K’ is deprecated: LocalParameterizations will be removed from the Ceres Solver API in version 2.2.0. Use Manifolds instead. [[01;35m[K-Wdeprecated-declarations[m[K]
[1.833s]   507 |         ceres::LocalParameterization* [01;35m[KquaternionParameterization[m[K =
[1.833s]       |                                       [01;35m[K^~~~~~~~~~~~~~~~~~~~~~~~~~[m[K
[1.833s] In file included from [01m[K/home/deathstroke/vins-fusion-ros2/src/VINS-Fusion-ROS2-humble-arm/camera_models/include/camodocal/gpl/EigenQuaternionParameterization.h:4[m[K,
[1.833s]                  from [01m[K/home/deathstroke/vins-fusion-ros2/src/VINS-Fusion-ROS2-humble-arm/camera_models/src/calib/CameraCalibration.cc:16[m[K:
[1.833s] [01m[K/usr/local/include/ceres/local_parameterization.h:121:18:[m[K [01;36m[Knote: [m[Kdeclared here
[1.833s]   121 |     CERES_EXPORT [01;36m[KLocalParameterization[m[K {
[1.833s]       |                  [01;36m[K^~~~~~~~~~~~~~~~~~~~~[m[K
[1.833s] [01m[K/home/deathstroke/vins-fusion-ros2/src/VINS-Fusion-ROS2-humble-arm/camera_models/src/calib/CameraCalibration.cc:510:36:[m[K [01;35m[Kwarning: [m[K‘[01m[Kvoid ceres::Problem::SetParameterization(double*, ceres::LocalParameterization*)[m[K’ is deprecated: LocalParameterizations are deprecated. Use SetManifold instead. [[01;35m[K-Wdeprecated-declarations[m[K]
[1.833s]   510 |         [01;35m[Kproblem.SetParameterization(transformVec.at(i).rotationData(),[m[K
[1.833s]       |         [01;35m[K~~~~~~~~~~~~~~~~~~~~~~~~~~~^~~~~~~~~~~~~~~~~~~~~~~~~~~~~~~~~~~[m[K
[1.833s]   511 | [01;35m[K                                    quaternionParameterization)[m[K;
[1.833s]       |                                     [01;35m[K~~~~~~~~~~~~~~~~~~~~~~~~~~~[m[K
[1.834s] In file included from [01m[K/usr/local/include/ceres/ceres.h:66[m[K,
[1.834s]                  from [01m[K/home/deathstroke/vins-fusion-ros2/src/VINS-Fusion-ROS2-humble-arm/camera_models/src/calib/CameraCalibration.cc:20[m[K:
[1.834s] [01m[K/usr/local/include/ceres/problem.h:395:8:[m[K [01;36m[Knote: [m[Kdeclared here
[1.834s]   395 |   void [01;36m[KSetParameterization[m[K(double* values,
[1.834s]       |        [01;36m[K^~~~~~~~~~~~~~~~~~~[m[K
[1.838s] [01m[K/home/deathstroke/vins-fusion-ros2/src/VINS-Fusion-ROS2-humble-arm/camera_models/src/camera_models/CataCamera.cc:[m[K In constructor ‘[01m[Kcamodocal::CataCamera::CataCamera(const camodocal::CataCamera::Parameters&)[m[K’:
[1.838s] [01m[K/home/deathstroke/vins-fusion-ros2/src/VINS-Fusion-ROS2-humble-arm/camera_models/src/camera_models/CataCamera.cc:327:4:[m[K [01;35m[Kwarning: [m[Kimplicitly-declared ‘[01m[Kcamodocal::CataCamera::Parameters::Parameters(const camodocal::CataCamera::Parameters&)[m[K’ is deprecated [[01;35m[K-Wdeprecated-copy[m[K]
[1.838s]   327 |  : [01;35m[KmParameters(params)[m[K
[1.838s]       |    [01;35m[K^~~~~~~~~~~~~~~~~~~[m[K
[1.838s] [01m[K/home/deathstroke/vins-fusion-ros2/src/VINS-Fusion-ROS2-humble-arm/camera_models/src/camera_models/CataCamera.cc:237:1:[m[K [01;36m[Knote: [m[Kbecause ‘[01m[Kcamodocal::CataCamera::Parameters[m[K’ has user-provided ‘[01m[Kcamodocal::CataCamera::Parameters& camodocal::CataCamera::Parameters::operator=(const camodocal::CataCamera::Parameters&)[m[K’
[1.838s]   237 | [01;36m[KCataCamera[m[K::Parameters::operator=(const CataCamera::Parameters& other)
[1.838s]       | [01;36m[K^~~~~~~~~~[m[K
[1.838s] [01m[K/home/deathstroke/vins-fusion-ros2/src/VINS-Fusion-ROS2-humble-arm/camera_models/src/camera_models/CataCamera.cc:[m[K In member function ‘[01m[Kvirtual void camodocal::CataCamera::estimateIntrinsics(const Size&, const std::vector<std::vector<cv::Point3_<float> > >&, const std::vector<std::vector<cv::Point_<float> > >&)[m[K’:
[1.838s] [01m[K/home/deathstroke/vins-fusion-ros2/src/VINS-Fusion-ROS2-humble-arm/camera_models/src/camera_models/CataCamera.cc:377:39:[m[K [01;35m[Kwarning: [m[Kimplicitly-declared ‘[01m[Kcamodocal::CataCamera::Parameters::Parameters(const camodocal::CataCamera::Parameters&)[m[K’ is deprecated [[01;35m[K-Wdeprecated-copy[m[K]
[1.839s]   377 |     Parameters params = getParameters([01;35m[K)[m[K;
[1.839s]       |                                       [01;35m[K^[m[K
[1.839s] [01m[K/home/deathstroke/vins-fusion-ros2/src/VINS-Fusion-ROS2-humble-arm/camera_models/src/camera_models/CataCamera.cc:237:1:[m[K [01;36m[Knote: [m[Kbecause ‘[01m[Kcamodocal::CataCamera::Parameters[m[K’ has user-provided ‘[01m[Kcamodocal::CataCamera::Parameters& camodocal::CataCamera::Parameters::operator=(const camodocal::CataCamera::Parameters&)[m[K’
[1.839s]   237 | [01;36m[KCataCamera[m[K::Parameters::operator=(const CataCamera::Parameters& other)
[1.839s]       | [01;36m[K^~~~~~~~~~[m[K
[1.839s] [01m[K/home/deathstroke/vins-fusion-ros2/src/VINS-Fusion-ROS2-humble-arm/camera_models/src/camera_models/CataCamera.cc:[m[K In member function ‘[01m[Kvirtual void camodocal::CataCamera::readParameters(const std::vector<double, std::allocator<double> >&)[m[K’:
[1.839s] [01m[K/home/deathstroke/vins-fusion-ros2/src/VINS-Fusion-ROS2-humble-arm/camera_models/src/camera_models/CataCamera.cc:960:39:[m[K [01;35m[Kwarning: [m[Kimplicitly-declared ‘[01m[Kcamodocal::CataCamera::Parameters::Parameters(const camodocal::CataCamera::Parameters&)[m[K’ is deprecated [[01;35m[K-Wdeprecated-copy[m[K]
[1.839s]   960 |     Parameters params = getParameters([01;35m[K)[m[K;
[1.839s]       |                                       [01;35m[K^[m[K
[1.839s] [01m[K/home/deathstroke/vins-fusion-ros2/src/VINS-Fusion-ROS2-humble-arm/camera_models/src/camera_models/CataCamera.cc:237:1:[m[K [01;36m[Knote: [m[Kbecause ‘[01m[Kcamodocal::CataCamera::Parameters[m[K’ has user-provided ‘[01m[Kcamodocal::CataCamera::Parameters& camodocal::CataCamera::Parameters::operator=(const camodocal::CataCamera::Parameters&)[m[K’
[1.839s]   237 | [01;36m[KCataCamera[m[K::Parameters::operator=(const CataCamera::Parameters& other)
[1.839s]       | [01;36m[K^~~~~~~~~~[m[K
[1.878s] [01m[K/home/deathstroke/vins-fusion-ros2/src/VINS-Fusion-ROS2-humble-arm/camera_models/src/chessboard/Chessboard.cc:[m[K In member function ‘[01m[Kvoid camodocal::Chessboard::labelQuadGroup(std::vector<boost::shared_ptr<camodocal::ChessboardQuad> >&, cv::Size, bool)[m[K’:
[1.879s] [01m[K/home/deathstroke/vins-fusion-ros2/src/VINS-Fusion-ROS2-humble-arm/camera_models/src/chessboard/Chessboard.cc:681:45:[m[K [01;35m[Kwarning: [m[K‘[01m[KquadID[m[K’ may be used uninitialized in this function [[01;35m[K-Wmaybe-uninitialized[m[K]
[1.879s]   681 |                             quadGroup[quadID[01;35m[K][m[K->corners[cornerID]->needsNeighbor = false;
[1.879s]       |                                             [01;35m[K^[m[K
[1.886s] In file included from [01m[K/home/deathstroke/vins-fusion-ros2/src/VINS-Fusion-ROS2-humble-arm/camera_models/src/calib/CameraCalibration.cc:15[m[K:
[1.886s] [01m[K/home/deathstroke/vins-fusion-ros2/src/VINS-Fusion-ROS2-humble-arm/camera_models/include/camodocal/sparse_graph/Transform.h:22:5:[m[K [01;35m[Kwarning: [m[Ktype qualifiers ignored on function return type [[01;35m[K-Wignored-qualifiers[m[K]
[1.886s]    22 |     [01;35m[Kconst[m[K double* const rotationData(void) const;
[1.886s]       |     [01;35m[K^~~~~[m[K
[1.886s] [01m[K/home/deathstroke/vins-fusion-ros2/src/VINS-Fusion-ROS2-humble-arm/camera_models/include/camodocal/sparse_graph/Transform.h:27:5:[m[K [01;35m[Kwarning: [m[Ktype qualifiers ignored on function return type [[01;35m[K-Wignored-qualifiers[m[K]
[1.886s]    27 |     [01;35m[Kconst[m[K double* const translationData(void) const;
[1.886s]       |     [01;35m[K^~~~~[m[K
[1.886s] [01m[K/home/deathstroke/vins-fusion-ros2/src/VINS-Fusion-ROS2-humble-arm/camera_models/src/calib/CameraCalibration.cc:[m[K In member function ‘[01m[Kvoid camodocal::CameraCalibration::optimize(camodocal::CameraPtr&, std::vector<cv::Mat>&, std::vector<cv::Mat>&) const[m[K’:
[1.886s] [01m[K/home/deathstroke/vins-fusion-ros2/src/VINS-Fusion-ROS2-humble-arm/camera_models/src/calib/CameraCalibration.cc:507:39:[m[K [01;35m[Kwarning: [m[K‘[01m[KLocalParameterization[m[K’ is deprecated: LocalParameterizations will be removed from the Ceres Solver API in version 2.2.0. Use Manifolds instead. [[01;35m[K-Wdeprecated-declarations[m[K]
[1.887s]   507 |         ceres::LocalParameterization* [01;35m[KquaternionParameterization[m[K =
[1.887s]       |                                       [01;35m[K^~~~~~~~~~~~~~~~~~~~~~~~~~[m[K
[1.887s] In file included from [01m[K/home/deathstroke/vins-fusion-ros2/src/VINS-Fusion-ROS2-humble-arm/camera_models/include/camodocal/gpl/EigenQuaternionParameterization.h:4[m[K,
[1.887s]                  from [01m[K/home/deathstroke/vins-fusion-ros2/src/VINS-Fusion-ROS2-humble-arm/camera_models/src/calib/CameraCalibration.cc:16[m[K:
[1.887s] [01m[K/usr/local/include/ceres/local_parameterization.h:121:18:[m[K [01;36m[Knote: [m[Kdeclared here
[1.887s]   121 |     CERES_EXPORT [01;36m[KLocalParameterization[m[K {
[1.887s]       |                  [01;36m[K^~~~~~~~~~~~~~~~~~~~~[m[K
[1.887s] [01m[K/home/deathstroke/vins-fusion-ros2/src/VINS-Fusion-ROS2-humble-arm/camera_models/src/calib/CameraCalibration.cc:510:36:[m[K [01;35m[Kwarning: [m[K‘[01m[Kvoid ceres::Problem::SetParameterization(double*, ceres::LocalParameterization*)[m[K’ is deprecated: LocalParameterizations are deprecated. Use SetManifold instead. [[01;35m[K-Wdeprecated-declarations[m[K]
[1.887s]   510 |         [01;35m[Kproblem.SetParameterization(transformVec.at(i).rotationData(),[m[K
[1.887s]       |         [01;35m[K~~~~~~~~~~~~~~~~~~~~~~~~~~~^~~~~~~~~~~~~~~~~~~~~~~~~~~~~~~~~~~[m[K
[1.887s]   511 | [01;35m[K                                    quaternionParameterization)[m[K;
[1.887s]       |                                     [01;35m[K~~~~~~~~~~~~~~~~~~~~~~~~~~~[m[K
[1.887s] In file included from [01m[K/usr/local/include/ceres/ceres.h:66[m[K,
[1.887s]                  from [01m[K/home/deathstroke/vins-fusion-ros2/src/VINS-Fusion-ROS2-humble-arm/camera_models/src/calib/CameraCalibration.cc:20[m[K:
[1.887s] [01m[K/usr/local/include/ceres/problem.h:395:8:[m[K [01;36m[Knote: [m[Kdeclared here
[1.887s]   395 |   void [01;36m[KSetParameterization[m[K(double* values,
[1.887s]       |        [01;36m[K^~~~~~~~~~~~~~~~~~~[m[K
[2.024s] In file included from [01m[K/home/deathstroke/vins-fusion-ros2/src/VINS-Fusion-ROS2-humble-arm/camera_models/src/camera_models/CameraFactory.cc:8[m[K:
[2.024s] [01m[K/home/deathstroke/vins-fusion-ros2/src/VINS-Fusion-ROS2-humble-arm/camera_models/include/camodocal/camera_models/PinholeFullCamera.h:[m[K In member function ‘[01m[Kvoid camodocal::PinholeFullCamera::setInitIntrinsics(const std::vector<std::vector<cv::Point3_<float> > >&, const std::vector<std::vector<cv::Point_<float> > >&)[m[K’:
[2.024s] [01m[K/home/deathstroke/vins-fusion-ros2/src/VINS-Fusion-ROS2-humble-arm/camera_models/include/camodocal/camera_models/PinholeFullCamera.h:126:44:[m[K [01;35m[Kwarning: [m[Kimplicitly-declared ‘[01m[Kcamodocal::PinholeFullCamera::Parameters::Parameters(const camodocal::PinholeFullCamera::Parameters&)[m[K’ is deprecated [[01;35m[K-Wdeprecated-copy[m[K]
[2.024s]   126 |         Parameters params = getParameters( [01;35m[K)[m[K;
[2.024s]       |                                            [01;35m[K^[m[K
[2.024s] [01m[K/home/deathstroke/vins-fusion-ros2/src/VINS-Fusion-ROS2-humble-arm/camera_models/include/camodocal/camera_models/PinholeFullCamera.h:66:21:[m[K [01;36m[Knote: [m[Kbecause ‘[01m[Kcamodocal::PinholeFullCamera::Parameters[m[K’ has user-provided ‘[01m[Kcamodocal::PinholeFullCamera::Parameters& camodocal::PinholeFullCamera::Parameters::operator=(const camodocal::PinholeFullCamera::Parameters&)[m[K’
[2.024s]    66 |         Parameters& [01;36m[Koperator[m[K=( const Parameters& other );
[2.025s]       |                     [01;36m[K^~~~~~~~[m[K
[2.025s] [01m[K/home/deathstroke/vins-fusion-ros2/src/VINS-Fusion-ROS2-humble-arm/camera_models/src/camera_models/CameraFactory.cc:[m[K In member function ‘[01m[Kcamodocal::CameraPtr camodocal::CameraFactory::generateCamera(camodocal::Camera::ModelType, const string&, cv::Size) const[m[K’:
[2.025s] [01m[K/home/deathstroke/vins-fusion-ros2/src/VINS-Fusion-ROS2-humble-arm/camera_models/src/camera_models/CameraFactory.cc:40:75:[m[K [01;35m[Kwarning: [m[Kimplicitly-declared ‘[01m[Kcamodocal::EquidistantCamera::Parameters::Parameters(const camodocal::EquidistantCamera::Parameters&)[m[K’ is deprecated [[01;35m[K-Wdeprecated-copy[m[K]
[2.025s]    40 |             EquidistantCamera::Parameters params = camera->getParameters( [01;35m[K)[m[K;
[2.025s]       |                                                                           [01;35m[K^[m[K
[2.025s] In file included from [01m[K/home/deathstroke/vins-fusion-ros2/src/VINS-Fusion-ROS2-humble-arm/camera_models/src/camera_models/CameraFactory.cc:6[m[K:
[2.025s] [01m[K/home/deathstroke/vins-fusion-ros2/src/VINS-Fusion-ROS2-humble-arm/camera_models/include/camodocal/camera_models/EquidistantCamera.h:52:21:[m[K [01;36m[Knote: [m[Kbecause ‘[01m[Kcamodocal::EquidistantCamera::Parameters[m[K’ has user-provided ‘[01m[Kcamodocal::EquidistantCamera::Parameters& camodocal::EquidistantCamera::Parameters::operator=(const camodocal::EquidistantCamera::Parameters&)[m[K’
[2.025s]    52 |         Parameters& [01;36m[Koperator[m[K=(const Parameters& other);
[2.025s]       |                     [01;36m[K^~~~~~~~[m[K
[2.025s] [01m[K/home/deathstroke/vins-fusion-ros2/src/VINS-Fusion-ROS2-humble-arm/camera_models/src/camera_models/CameraFactory.cc:51:71:[m[K [01;35m[Kwarning: [m[Kimplicitly-declared ‘[01m[Kcamodocal::PinholeCamera::Parameters::Parameters(const camodocal::PinholeCamera::Parameters&)[m[K’ is deprecated [[01;35m[K-Wdeprecated-copy[m[K]
[2.025s]    51 |             PinholeCamera::Parameters params = camera->getParameters( [01;35m[K)[m[K;
[2.025s]       |                                                                       [01;35m[K^[m[K
[2.025s] In file included from [01m[K/home/deathstroke/vins-fusion-ros2/src/VINS-Fusion-ROS2-humble-arm/camera_models/src/camera_models/CameraFactory.cc:7[m[K:
[2.025s] [01m[K/home/deathstroke/vins-fusion-ros2/src/VINS-Fusion-ROS2-humble-arm/camera_models/include/camodocal/camera_models/PinholeCamera.h:47:21:[m[K [01;36m[Knote: [m[Kbecause ‘[01m[Kcamodocal::PinholeCamera::Parameters[m[K’ has user-provided ‘[01m[Kcamodocal::PinholeCamera::Parameters& camodocal::PinholeCamera::Parameters::operator=(const camodocal::PinholeCamera::Parameters&)[m[K’
[2.025s]    47 |         Parameters& [01;36m[Koperator[m[K=(const Parameters& other);
[2.025s]       |                     [01;36m[K^~~~~~~~[m[K
[2.025s] [01m[K/home/deathstroke/vins-fusion-ros2/src/VINS-Fusion-ROS2-humble-arm/camera_models/src/camera_models/CameraFactory.cc:62:75:[m[K [01;35m[Kwarning: [m[Kimplicitly-declared ‘[01m[Kcamodocal::PinholeFullCamera::Parameters::Parameters(const camodocal::PinholeFullCamera::Parameters&)[m[K’ is deprecated [[01;35m[K-Wdeprecated-copy[m[K]
[2.025s]    62 |             PinholeFullCamera::Parameters params = camera->getParameters( [01;35m[K)[m[K;
[2.025s]       |                                                                           [01;35m[K^[m[K
[2.025s] In file included from [01m[K/home/deathstroke/vins-fusion-ros2/src/VINS-Fusion-ROS2-humble-arm/camera_models/src/camera_models/CameraFactory.cc:8[m[K:
[2.025s] [01m[K/home/deathstroke/vins-fusion-ros2/src/VINS-Fusion-ROS2-humble-arm/camera_models/include/camodocal/camera_models/PinholeFullCamera.h:66:21:[m[K [01;36m[Knote: [m[Kbecause ‘[01m[Kcamodocal::PinholeFullCamera::Parameters[m[K’ has user-provided ‘[01m[Kcamodocal::PinholeFullCamera::Parameters& camodocal::PinholeFullCamera::Parameters::operator=(const camodocal::PinholeFullCamera::Parameters&)[m[K’
[2.025s]    66 |         Parameters& [01;36m[Koperator[m[K=( const Parameters& other );
[2.025s]       |                     [01;36m[K^~~~~~~~[m[K
[2.026s] [01m[K/home/deathstroke/vins-fusion-ros2/src/VINS-Fusion-ROS2-humble-arm/camera_models/src/camera_models/CameraFactory.cc:73:68:[m[K [01;35m[Kwarning: [m[Kimplicitly-declared ‘[01m[Kcamodocal::OCAMCamera::Parameters::Parameters(const camodocal::OCAMCamera::Parameters&)[m[K’ is deprecated [[01;35m[K-Wdeprecated-copy[m[K]
[2.026s]    73 |             OCAMCamera::Parameters params = camera->getParameters( [01;35m[K)[m[K;
[2.026s]       |                                                                    [01;35m[K^[m[K
[2.026s] In file included from [01m[K/home/deathstroke/vins-fusion-ros2/src/VINS-Fusion-ROS2-humble-arm/camera_models/src/camera_models/CameraFactory.cc:9[m[K:
[2.026s] [01m[K/home/deathstroke/vins-fusion-ros2/src/VINS-Fusion-ROS2-humble-arm/camera_models/include/camodocal/camera_models/ScaramuzzaCamera.h:54:21:[m[K [01;36m[Knote: [m[Kbecause ‘[01m[Kcamodocal::OCAMCamera::Parameters[m[K’ has user-provided ‘[01m[Kcamodocal::OCAMCamera::Parameters& camodocal::OCAMCamera::Parameters::operator=(const camodocal::OCAMCamera::Parameters&)[m[K’
[2.026s]    54 |         Parameters& [01;36m[Koperator[m[K=(const Parameters& other);
[2.026s]       |                     [01;36m[K^~~~~~~~[m[K
[2.026s] [01m[K/home/deathstroke/vins-fusion-ros2/src/VINS-Fusion-ROS2-humble-arm/camera_models/src/camera_models/CameraFactory.cc:85:68:[m[K [01;35m[Kwarning: [m[Kimplicitly-declared ‘[01m[Kcamodocal::CataCamera::Parameters::Parameters(const camodocal::CataCamera::Parameters&)[m[K’ is deprecated [[01;35m[K-Wdeprecated-copy[m[K]
[2.026s]    85 |             CataCamera::Parameters params = camera->getParameters( [01;35m[K)[m[K;
[2.026s]       |                                                                    [01;35m[K^[m[K
[2.026s] In file included from [01m[K/home/deathstroke/vins-fusion-ros2/src/VINS-Fusion-ROS2-humble-arm/camera_models/src/camera_models/CameraFactory.cc:5[m[K:
[2.026s] [01m[K/home/deathstroke/vins-fusion-ros2/src/VINS-Fusion-ROS2-humble-arm/camera_models/include/camodocal/camera_models/CataCamera.h:54:21:[m[K [01;36m[Knote: [m[Kbecause ‘[01m[Kcamodocal::CataCamera::Parameters[m[K’ has user-provided ‘[01m[Kcamodocal::CataCamera::Parameters& camodocal::CataCamera::Parameters::operator=(const camodocal::CataCamera::Parameters&)[m[K’
[2.026s]    54 |         Parameters& [01;36m[Koperator[m[K=(const Parameters& other);
[2.026s]       |                     [01;36m[K^~~~~~~~[m[K
[2.026s] [01m[K/home/deathstroke/vins-fusion-ros2/src/VINS-Fusion-ROS2-humble-arm/camera_models/src/camera_models/CameraFactory.cc:[m[K In member function ‘[01m[Kcamodocal::CameraPtr camodocal::CameraFactory::generateCameraFromYamlFile(const string&)[m[K’:
[2.026s] [01m[K/home/deathstroke/vins-fusion-ros2/src/VINS-Fusion-ROS2-humble-arm/camera_models/src/camera_models/CameraFactory.cc:144:75:[m[K [01;35m[Kwarning: [m[Kimplicitly-declared ‘[01m[Kcamodocal::EquidistantCamera::Parameters::Parameters(const camodocal::EquidistantCamera::Parameters&)[m[K’ is deprecated [[01;35m[K-Wdeprecated-copy[m[K]
[2.026s]   144 |             EquidistantCamera::Parameters params = camera->getParameters( [01;35m[K)[m[K;
[2.026s]       |                                                                           [01;35m[K^[m[K
[2.026s] In file included from [01m[K/home/deathstroke/vins-fusion-ros2/src/VINS-Fusion-ROS2-humble-arm/camera_models/src/camera_models/CameraFactory.cc:6[m[K:
[2.026s] [01m[K/home/deathstroke/vins-fusion-ros2/src/VINS-Fusion-ROS2-humble-arm/camera_models/include/camodocal/camera_models/EquidistantCamera.h:52:21:[m[K [01;36m[Knote: [m[Kbecause ‘[01m[Kcamodocal::EquidistantCamera::Parameters[m[K’ has user-provided ‘[01m[Kcamodocal::EquidistantCamera::Parameters& camodocal::EquidistantCamera::Parameters::operator=(const camodocal::EquidistantCamera::Parameters&)[m[K’
[2.026s]    52 |         Parameters& [01;36m[Koperator[m[K=(const Parameters& other);
[2.026s]       |                     [01;36m[K^~~~~~~~[m[K
[2.026s] [01m[K/home/deathstroke/vins-fusion-ros2/src/VINS-Fusion-ROS2-humble-arm/camera_models/src/camera_models/CameraFactory.cc:153:71:[m[K [01;35m[Kwarning: [m[Kimplicitly-declared ‘[01m[Kcamodocal::PinholeCamera::Parameters::Parameters(const camodocal::PinholeCamera::Parameters&)[m[K’ is deprecated [[01;35m[K-Wdeprecated-copy[m[K]
[2.026s]   153 |             PinholeCamera::Parameters params = camera->getParameters( [01;35m[K)[m[K;
[2.027s]       |                                                                       [01;35m[K^[m[K
[2.027s] In file included from [01m[K/home/deathstroke/vins-fusion-ros2/src/VINS-Fusion-ROS2-humble-arm/camera_models/src/camera_models/CameraFactory.cc:7[m[K:
[2.027s] [01m[K/home/deathstroke/vins-fusion-ros2/src/VINS-Fusion-ROS2-humble-arm/camera_models/include/camodocal/camera_models/PinholeCamera.h:47:21:[m[K [01;36m[Knote: [m[Kbecause ‘[01m[Kcamodocal::PinholeCamera::Parameters[m[K’ has user-provided ‘[01m[Kcamodocal::PinholeCamera::Parameters& camodocal::PinholeCamera::Parameters::operator=(const camodocal::PinholeCamera::Parameters&)[m[K’
[2.027s]    47 |         Parameters& [01;36m[Koperator[m[K=(const Parameters& other);
[2.027s]       |                     [01;36m[K^~~~~~~~[m[K
[2.027s] [01m[K/home/deathstroke/vins-fusion-ros2/src/VINS-Fusion-ROS2-humble-arm/camera_models/src/camera_models/CameraFactory.cc:162:75:[m[K [01;35m[Kwarning: [m[Kimplicitly-declared ‘[01m[Kcamodocal::PinholeFullCamera::Parameters::Parameters(const camodocal::PinholeFullCamera::Parameters&)[m[K’ is deprecated [[01;35m[K-Wdeprecated-copy[m[K]
[2.027s]   162 |             PinholeFullCamera::Parameters params = camera->getParameters( [01;35m[K)[m[K;
[2.027s]       |                                                                           [01;35m[K^[m[K
[2.027s] In file included from [01m[K/home/deathstroke/vins-fusion-ros2/src/VINS-Fusion-ROS2-humble-arm/camera_models/src/camera_models/CameraFactory.cc:8[m[K:
[2.027s] [01m[K/home/deathstroke/vins-fusion-ros2/src/VINS-Fusion-ROS2-humble-arm/camera_models/include/camodocal/camera_models/PinholeFullCamera.h:66:21:[m[K [01;36m[Knote: [m[Kbecause ‘[01m[Kcamodocal::PinholeFullCamera::Parameters[m[K’ has user-provided ‘[01m[Kcamodocal::PinholeFullCamera::Parameters& camodocal::PinholeFullCamera::Parameters::operator=(const camodocal::PinholeFullCamera::Parameters&)[m[K’
[2.027s]    66 |         Parameters& [01;36m[Koperator[m[K=( const Parameters& other );
[2.027s]       |                     [01;36m[K^~~~~~~~[m[K
[2.027s] [01m[K/home/deathstroke/vins-fusion-ros2/src/VINS-Fusion-ROS2-humble-arm/camera_models/src/camera_models/CameraFactory.cc:171:68:[m[K [01;35m[Kwarning: [m[Kimplicitly-declared ‘[01m[Kcamodocal::OCAMCamera::Parameters::Parameters(const camodocal::OCAMCamera::Parameters&)[m[K’ is deprecated [[01;35m[K-Wdeprecated-copy[m[K]
[2.027s]   171 |             OCAMCamera::Parameters params = camera->getParameters( [01;35m[K)[m[K;
[2.027s]       |                                                                    [01;35m[K^[m[K
[2.027s] In file included from [01m[K/home/deathstroke/vins-fusion-ros2/src/VINS-Fusion-ROS2-humble-arm/camera_models/src/camera_models/CameraFactory.cc:9[m[K:
[2.027s] [01m[K/home/deathstroke/vins-fusion-ros2/src/VINS-Fusion-ROS2-humble-arm/camera_models/include/camodocal/camera_models/ScaramuzzaCamera.h:54:21:[m[K [01;36m[Knote: [m[Kbecause ‘[01m[Kcamodocal::OCAMCamera::Parameters[m[K’ has user-provided ‘[01m[Kcamodocal::OCAMCamera::Parameters& camodocal::OCAMCamera::Parameters::operator=(const camodocal::OCAMCamera::Parameters&)[m[K’
[2.027s]    54 |         Parameters& [01;36m[Koperator[m[K=(const Parameters& other);
[2.027s]       |                     [01;36m[K^~~~~~~~[m[K
[2.027s] [01m[K/home/deathstroke/vins-fusion-ros2/src/VINS-Fusion-ROS2-humble-arm/camera_models/src/camera_models/CameraFactory.cc:181:68:[m[K [01;35m[Kwarning: [m[Kimplicitly-declared ‘[01m[Kcamodocal::CataCamera::Parameters::Parameters(const camodocal::CataCamera::Parameters&)[m[K’ is deprecated [[01;35m[K-Wdeprecated-copy[m[K]
[2.027s]   181 |             CataCamera::Parameters params = camera->getParameters( [01;35m[K)[m[K;
[2.027s]       |                                                                    [01;35m[K^[m[K
[2.027s] In file included from [01m[K/home/deathstroke/vins-fusion-ros2/src/VINS-Fusion-ROS2-humble-arm/camera_models/src/camera_models/CameraFactory.cc:5[m[K:
[2.027s] [01m[K/home/deathstroke/vins-fusion-ros2/src/VINS-Fusion-ROS2-humble-arm/camera_models/include/camodocal/camera_models/CataCamera.h:54:21:[m[K [01;36m[Knote: [m[Kbecause ‘[01m[Kcamodocal::CataCamera::Parameters[m[K’ has user-provided ‘[01m[Kcamodocal::CataCamera::Parameters& camodocal::CataCamera::Parameters::operator=(const camodocal::CataCamera::Parameters&)[m[K’
[2.027s]    54 |         Parameters& [01;36m[Koperator[m[K=(const Parameters& other);
[2.028s]       |                     [01;36m[K^~~~~~~~[m[K
[2.029s] In file included from [01m[K/home/deathstroke/vins-fusion-ros2/src/VINS-Fusion-ROS2-humble-arm/camera_models/src/camera_models/CameraFactory.cc:8[m[K:
[2.029s] [01m[K/home/deathstroke/vins-fusion-ros2/src/VINS-Fusion-ROS2-humble-arm/camera_models/include/camodocal/camera_models/PinholeFullCamera.h:[m[K In member function ‘[01m[Kvoid camodocal::PinholeFullCamera::setInitIntrinsics(const std::vector<std::vector<cv::Point3_<float> > >&, const std::vector<std::vector<cv::Point_<float> > >&)[m[K’:
[2.029s] [01m[K/home/deathstroke/vins-fusion-ros2/src/VINS-Fusion-ROS2-humble-arm/camera_models/include/camodocal/camera_models/PinholeFullCamera.h:126:44:[m[K [01;35m[Kwarning: [m[Kimplicitly-declared ‘[01m[Kcamodocal::PinholeFullCamera::Parameters::Parameters(const camodocal::PinholeFullCamera::Parameters&)[m[K’ is deprecated [[01;35m[K-Wdeprecated-copy[m[K]
[2.029s]   126 |         Parameters params = getParameters( [01;35m[K)[m[K;
[2.029s]       |                                            [01;35m[K^[m[K
[2.029s] [01m[K/home/deathstroke/vins-fusion-ros2/src/VINS-Fusion-ROS2-humble-arm/camera_models/include/camodocal/camera_models/PinholeFullCamera.h:66:21:[m[K [01;36m[Knote: [m[Kbecause ‘[01m[Kcamodocal::PinholeFullCamera::Parameters[m[K’ has user-provided ‘[01m[Kcamodocal::PinholeFullCamera::Parameters& camodocal::PinholeFullCamera::Parameters::operator=(const camodocal::PinholeFullCamera::Parameters&)[m[K’
[2.029s]    66 |         Parameters& [01;36m[Koperator[m[K=( const Parameters& other );
[2.029s]       |                     [01;36m[K^~~~~~~~[m[K
[2.029s] [01m[K/home/deathstroke/vins-fusion-ros2/src/VINS-Fusion-ROS2-humble-arm/camera_models/src/camera_models/CameraFactory.cc:[m[K In member function ‘[01m[Kcamodocal::CameraPtr camodocal::CameraFactory::generateCamera(camodocal::Camera::ModelType, const string&, cv::Size) const[m[K’:
[2.029s] [01m[K/home/deathstroke/vins-fusion-ros2/src/VINS-Fusion-ROS2-humble-arm/camera_models/src/camera_models/CameraFactory.cc:40:75:[m[K [01;35m[Kwarning: [m[Kimplicitly-declared ‘[01m[Kcamodocal::EquidistantCamera::Parameters::Parameters(const camodocal::EquidistantCamera::Parameters&)[m[K’ is deprecated [[01;35m[K-Wdeprecated-copy[m[K]
[2.029s]    40 |             EquidistantCamera::Parameters params = camera->getParameters( [01;35m[K)[m[K;
[2.030s]       |                                                                           [01;35m[K^[m[K
[2.030s] In file included from [01m[K/home/deathstroke/vins-fusion-ros2/src/VINS-Fusion-ROS2-humble-arm/camera_models/src/camera_models/CameraFactory.cc:6[m[K:
[2.030s] [01m[K/home/deathstroke/vins-fusion-ros2/src/VINS-Fusion-ROS2-humble-arm/camera_models/include/camodocal/camera_models/EquidistantCamera.h:52:21:[m[K [01;36m[Knote: [m[Kbecause ‘[01m[Kcamodocal::EquidistantCamera::Parameters[m[K’ has user-provided ‘[01m[Kcamodocal::EquidistantCamera::Parameters& camodocal::EquidistantCamera::Parameters::operator=(const camodocal::EquidistantCamera::Parameters&)[m[K’
[2.030s]    52 |         Parameters& [01;36m[Koperator[m[K=(const Parameters& other);
[2.030s]       |                     [01;36m[K^~~~~~~~[m[K
[2.030s] [01m[K/home/deathstroke/vins-fusion-ros2/src/VINS-Fusion-ROS2-humble-arm/camera_models/src/camera_models/CameraFactory.cc:51:71:[m[K [01;35m[Kwarning: [m[Kimplicitly-declared ‘[01m[Kcamodocal::PinholeCamera::Parameters::Parameters(const camodocal::PinholeCamera::Parameters&)[m[K’ is deprecated [[01;35m[K-Wdeprecated-copy[m[K]
[2.030s]    51 |             PinholeCamera::Parameters params = camera->getParameters( [01;35m[K)[m[K;
[2.030s]       |                                                                       [01;35m[K^[m[K
[2.030s] In file included from [01m[K/home/deathstroke/vins-fusion-ros2/src/VINS-Fusion-ROS2-humble-arm/camera_models/src/camera_models/CameraFactory.cc:7[m[K:
[2.030s] [01m[K/home/deathstroke/vins-fusion-ros2/src/VINS-Fusion-ROS2-humble-arm/camera_models/include/camodocal/camera_models/PinholeCamera.h:47:21:[m[K [01;36m[Knote: [m[Kbecause ‘[01m[Kcamodocal::PinholeCamera::Parameters[m[K’ has user-provided ‘[01m[Kcamodocal::PinholeCamera::Parameters& camodocal::PinholeCamera::Parameters::operator=(const camodocal::PinholeCamera::Parameters&)[m[K’
[2.030s]    47 |         Parameters& [01;36m[Koperator[m[K=(const Parameters& other);
[2.030s]       |                     [01;36m[K^~~~~~~~[m[K
[2.030s] [01m[K/home/deathstroke/vins-fusion-ros2/src/VINS-Fusion-ROS2-humble-arm/camera_models/src/camera_models/CameraFactory.cc:62:75:[m[K [01;35m[Kwarning: [m[Kimplicitly-declared ‘[01m[Kcamodocal::PinholeFullCamera::Parameters::Parameters(const camodocal::PinholeFullCamera::Parameters&)[m[K’ is deprecated [[01;35m[K-Wdeprecated-copy[m[K]
[2.030s]    62 |             PinholeFullCamera::Parameters params = camera->getParameters( [01;35m[K)[m[K;
[2.030s]       |                                                                           [01;35m[K^[m[K
[2.030s] In file included from [01m[K/home/deathstroke/vins-fusion-ros2/src/VINS-Fusion-ROS2-humble-arm/camera_models/src/camera_models/CameraFactory.cc:8[m[K:
[2.030s] [01m[K/home/deathstroke/vins-fusion-ros2/src/VINS-Fusion-ROS2-humble-arm/camera_models/include/camodocal/camera_models/PinholeFullCamera.h:66:21:[m[K [01;36m[Knote: [m[Kbecause ‘[01m[Kcamodocal::PinholeFullCamera::Parameters[m[K’ has user-provided ‘[01m[Kcamodocal::PinholeFullCamera::Parameters& camodocal::PinholeFullCamera::Parameters::operator=(const camodocal::PinholeFullCamera::Parameters&)[m[K’
[2.030s]    66 |         Parameters& [01;36m[Koperator[m[K=( const Parameters& other );
[2.030s]       |                     [01;36m[K^~~~~~~~[m[K
[2.030s] [01m[K/home/deathstroke/vins-fusion-ros2/src/VINS-Fusion-ROS2-humble-arm/camera_models/src/camera_models/CameraFactory.cc:73:68:[m[K [01;35m[Kwarning: [m[Kimplicitly-declared ‘[01m[Kcamodocal::OCAMCamera::Parameters::Parameters(const camodocal::OCAMCamera::Parameters&)[m[K’ is deprecated [[01;35m[K-Wdeprecated-copy[m[K]
[2.030s]    73 |             OCAMCamera::Parameters params = camera->getParameters( [01;35m[K)[m[K;
[2.030s]       |                                                                    [01;35m[K^[m[K
[2.030s] In file included from [01m[K/home/deathstroke/vins-fusion-ros2/src/VINS-Fusion-ROS2-humble-arm/camera_models/src/camera_models/CameraFactory.cc:9[m[K:
[2.031s] [01m[K/home/deathstroke/vins-fusion-ros2/src/VINS-Fusion-ROS2-humble-arm/camera_models/include/camodocal/camera_models/ScaramuzzaCamera.h:54:21:[m[K [01;36m[Knote: [m[Kbecause ‘[01m[Kcamodocal::OCAMCamera::Parameters[m[K’ has user-provided ‘[01m[Kcamodocal::OCAMCamera::Parameters& camodocal::OCAMCamera::Parameters::operator=(const camodocal::OCAMCamera::Parameters&)[m[K’
[2.031s]    54 |         Parameters& [01;36m[Koperator[m[K=(const Parameters& other);
[2.031s]       |                     [01;36m[K^~~~~~~~[m[K
[2.031s] [01m[K/home/deathstroke/vins-fusion-ros2/src/VINS-Fusion-ROS2-humble-arm/camera_models/src/camera_models/CameraFactory.cc:85:68:[m[K [01;35m[Kwarning: [m[Kimplicitly-declared ‘[01m[Kcamodocal::CataCamera::Parameters::Parameters(const camodocal::CataCamera::Parameters&)[m[K’ is deprecated [[01;35m[K-Wdeprecated-copy[m[K]
[2.031s]    85 |             CataCamera::Parameters params = camera->getParameters( [01;35m[K)[m[K;
[2.031s]       |                                                                    [01;35m[K^[m[K
[2.031s] In file included from [01m[K/home/deathstroke/vins-fusion-ros2/src/VINS-Fusion-ROS2-humble-arm/camera_models/src/camera_models/CameraFactory.cc:5[m[K:
[2.031s] [01m[K/home/deathstroke/vins-fusion-ros2/src/VINS-Fusion-ROS2-humble-arm/camera_models/include/camodocal/camera_models/CataCamera.h:54:21:[m[K [01;36m[Knote: [m[Kbecause ‘[01m[Kcamodocal::CataCamera::Parameters[m[K’ has user-provided ‘[01m[Kcamodocal::CataCamera::Parameters& camodocal::CataCamera::Parameters::operator=(const camodocal::CataCamera::Parameters&)[m[K’
[2.031s]    54 |         Parameters& [01;36m[Koperator[m[K=(const Parameters& other);
[2.031s]       |                     [01;36m[K^~~~~~~~[m[K
[2.031s] [01m[K/home/deathstroke/vins-fusion-ros2/src/VINS-Fusion-ROS2-humble-arm/camera_models/src/camera_models/CameraFactory.cc:[m[K In member function ‘[01m[Kcamodocal::CameraPtr camodocal::CameraFactory::generateCameraFromYamlFile(const string&)[m[K’:
[2.031s] [01m[K/home/deathstroke/vins-fusion-ros2/src/VINS-Fusion-ROS2-humble-arm/camera_models/src/camera_models/CameraFactory.cc:144:75:[m[K [01;35m[Kwarning: [m[Kimplicitly-declared ‘[01m[Kcamodocal::EquidistantCamera::Parameters::Parameters(const camodocal::EquidistantCamera::Parameters&)[m[K’ is deprecated [[01;35m[K-Wdeprecated-copy[m[K]
[2.031s]   144 |             EquidistantCamera::Parameters params = camera->getParameters( [01;35m[K)[m[K;
[2.031s]       |                                                                           [01;35m[K^[m[K
[2.031s] In file included from [01m[K/home/deathstroke/vins-fusion-ros2/src/VINS-Fusion-ROS2-humble-arm/camera_models/src/camera_models/CameraFactory.cc:6[m[K:
[2.031s] [01m[K/home/deathstroke/vins-fusion-ros2/src/VINS-Fusion-ROS2-humble-arm/camera_models/include/camodocal/camera_models/EquidistantCamera.h:52:21:[m[K [01;36m[Knote: [m[Kbecause ‘[01m[Kcamodocal::EquidistantCamera::Parameters[m[K’ has user-provided ‘[01m[Kcamodocal::EquidistantCamera::Parameters& camodocal::EquidistantCamera::Parameters::operator=(const camodocal::EquidistantCamera::Parameters&)[m[K’
[2.031s]    52 |         Parameters& [01;36m[Koperator[m[K=(const Parameters& other);
[2.031s]       |                     [01;36m[K^~~~~~~~[m[K
[2.031s] [01m[K/home/deathstroke/vins-fusion-ros2/src/VINS-Fusion-ROS2-humble-arm/camera_models/src/camera_models/CameraFactory.cc:153:71:[m[K [01;35m[Kwarning: [m[Kimplicitly-declared ‘[01m[Kcamodocal::PinholeCamera::Parameters::Parameters(const camodocal::PinholeCamera::Parameters&)[m[K’ is deprecated [[01;35m[K-Wdeprecated-copy[m[K]
[2.031s]   153 |             PinholeCamera::Parameters params = camera->getParameters( [01;35m[K)[m[K;
[2.031s]       |                                                                       [01;35m[K^[m[K
[2.031s] In file included from [01m[K/home/deathstroke/vins-fusion-ros2/src/VINS-Fusion-ROS2-humble-arm/camera_models/src/camera_models/CameraFactory.cc:7[m[K:
[2.031s] [01m[K/home/deathstroke/vins-fusion-ros2/src/VINS-Fusion-ROS2-humble-arm/camera_models/include/camodocal/camera_models/PinholeCamera.h:47:21:[m[K [01;36m[Knote: [m[Kbecause ‘[01m[Kcamodocal::PinholeCamera::Parameters[m[K’ has user-provided ‘[01m[Kcamodocal::PinholeCamera::Parameters& camodocal::PinholeCamera::Parameters::operator=(const camodocal::PinholeCamera::Parameters&)[m[K’
[2.031s]    47 |         Parameters& [01;36m[Koperator[m[K=(const Parameters& other);
[2.032s]       |                     [01;36m[K^~~~~~~~[m[K
[2.032s] [01m[K/home/deathstroke/vins-fusion-ros2/src/VINS-Fusion-ROS2-humble-arm/camera_models/src/camera_models/CameraFactory.cc:162:75:[m[K [01;35m[Kwarning: [m[Kimplicitly-declared ‘[01m[Kcamodocal::PinholeFullCamera::Parameters::Parameters(const camodocal::PinholeFullCamera::Parameters&)[m[K’ is deprecated [[01;35m[K-Wdeprecated-copy[m[K]
[2.032s]   162 |             PinholeFullCamera::Parameters params = camera->getParameters( [01;35m[K)[m[K;
[2.032s]       |                                                                           [01;35m[K^[m[K
[2.032s] In file included from [01m[K/home/deathstroke/vins-fusion-ros2/src/VINS-Fusion-ROS2-humble-arm/camera_models/src/camera_models/CameraFactory.cc:8[m[K:
[2.032s] [01m[K/home/deathstroke/vins-fusion-ros2/src/VINS-Fusion-ROS2-humble-arm/camera_models/include/camodocal/camera_models/PinholeFullCamera.h:66:21:[m[K [01;36m[Knote: [m[Kbecause ‘[01m[Kcamodocal::PinholeFullCamera::Parameters[m[K’ has user-provided ‘[01m[Kcamodocal::PinholeFullCamera::Parameters& camodocal::PinholeFullCamera::Parameters::operator=(const camodocal::PinholeFullCamera::Parameters&)[m[K’
[2.032s]    66 |         Parameters& [01;36m[Koperator[m[K=( const Parameters& other );
[2.032s]       |                     [01;36m[K^~~~~~~~[m[K
[2.032s] [01m[K/home/deathstroke/vins-fusion-ros2/src/VINS-Fusion-ROS2-humble-arm/camera_models/src/camera_models/CameraFactory.cc:171:68:[m[K [01;35m[Kwarning: [m[Kimplicitly-declared ‘[01m[Kcamodocal::OCAMCamera::Parameters::Parameters(const camodocal::OCAMCamera::Parameters&)[m[K’ is deprecated [[01;35m[K-Wdeprecated-copy[m[K]
[2.032s]   171 |             OCAMCamera::Parameters params = camera->getParameters( [01;35m[K)[m[K;
[2.032s]       |                                                                    [01;35m[K^[m[K
[2.032s] In file included from [01m[K/home/deathstroke/vins-fusion-ros2/src/VINS-Fusion-ROS2-humble-arm/camera_models/src/camera_models/CameraFactory.cc:9[m[K:
[2.032s] [01m[K/home/deathstroke/vins-fusion-ros2/src/VINS-Fusion-ROS2-humble-arm/camera_models/include/camodocal/camera_models/ScaramuzzaCamera.h:54:21:[m[K [01;36m[Knote: [m[Kbecause ‘[01m[Kcamodocal::OCAMCamera::Parameters[m[K’ has user-provided ‘[01m[Kcamodocal::OCAMCamera::Parameters& camodocal::OCAMCamera::Parameters::operator=(const camodocal::OCAMCamera::Parameters&)[m[K’
[2.032s]    54 |         Parameters& [01;36m[Koperator[m[K=(const Parameters& other);
[2.032s]       |                     [01;36m[K^~~~~~~~[m[K
[2.032s] [01m[K/home/deathstroke/vins-fusion-ros2/src/VINS-Fusion-ROS2-humble-arm/camera_models/src/camera_models/CameraFactory.cc:181:68:[m[K [01;35m[Kwarning: [m[Kimplicitly-declared ‘[01m[Kcamodocal::CataCamera::Parameters::Parameters(const camodocal::CataCamera::Parameters&)[m[K’ is deprecated [[01;35m[K-Wdeprecated-copy[m[K]
[2.032s]   181 |             CataCamera::Parameters params = camera->getParameters( [01;35m[K)[m[K;
[2.032s]       |                                                                    [01;35m[K^[m[K
[2.032s] In file included from [01m[K/home/deathstroke/vins-fusion-ros2/src/VINS-Fusion-ROS2-humble-arm/camera_models/src/camera_models/CameraFactory.cc:5[m[K:
[2.032s] [01m[K/home/deathstroke/vins-fusion-ros2/src/VINS-Fusion-ROS2-humble-arm/camera_models/include/camodocal/camera_models/CataCamera.h:54:21:[m[K [01;36m[Knote: [m[Kbecause ‘[01m[Kcamodocal::CataCamera::Parameters[m[K’ has user-provided ‘[01m[Kcamodocal::CataCamera::Parameters& camodocal::CataCamera::Parameters::operator=(const camodocal::CataCamera::Parameters&)[m[K’
[2.032s]    54 |         Parameters& [01;36m[Koperator[m[K=(const Parameters& other);
[2.032s]       |                     [01;36m[K^~~~~~~~[m[K
[2.039s] [01m[K/home/deathstroke/vins-fusion-ros2/src/VINS-Fusion-ROS2-humble-arm/camera_models/src/camera_models/ScaramuzzaCamera.cc:[m[K In constructor ‘[01m[Kcamodocal::OCAMCamera::OCAMCamera(const camodocal::OCAMCamera::Parameters&)[m[K’:
[2.039s] [01m[K/home/deathstroke/vins-fusion-ros2/src/VINS-Fusion-ROS2-humble-arm/camera_models/src/camera_models/ScaramuzzaCamera.cc:198:4:[m[K [01;35m[Kwarning: [m[Kimplicitly-declared ‘[01m[Kcamodocal::OCAMCamera::Parameters::Parameters(const camodocal::OCAMCamera::Parameters&)[m[K’ is deprecated [[01;35m[K-Wdeprecated-copy[m[K]
[2.039s]   198 |  : [01;35m[KmParameters(params)[m[K
[2.039s]       |    [01;35m[K^~~~~~~~~~~~~~~~~~~[m[K
[2.040s] [01m[K/home/deathstroke/vins-fusion-ros2/src/VINS-Fusion-ROS2-humble-arm/camera_models/src/camera_models/ScaramuzzaCamera.cc:141:1:[m[K [01;36m[Knote: [m[Kbecause ‘[01m[Kcamodocal::OCAMCamera::Parameters[m[K’ has user-provided ‘[01m[Kcamodocal::OCAMCamera::Parameters& camodocal::OCAMCamera::Parameters::operator=(const camodocal::OCAMCamera::Parameters&)[m[K’
[2.040s]   141 | [01;36m[KOCAMCamera[m[K::Parameters::operator=(const OCAMCamera::Parameters& other)
[2.040s]       | [01;36m[K^~~~~~~~~~[m[K
[2.040s] [01m[K/home/deathstroke/vins-fusion-ros2/src/VINS-Fusion-ROS2-humble-arm/camera_models/src/camera_models/ScaramuzzaCamera.cc:[m[K In member function ‘[01m[Kvirtual void camodocal::OCAMCamera::estimateIntrinsics(const Size&, const std::vector<std::vector<cv::Point3_<float> > >&, const std::vector<std::vector<cv::Point_<float> > >&)[m[K’:
[2.040s] [01m[K/home/deathstroke/vins-fusion-ros2/src/VINS-Fusion-ROS2-humble-arm/camera_models/src/camera_models/ScaramuzzaCamera.cc:517:39:[m[K [01;35m[Kwarning: [m[Kimplicitly-declared ‘[01m[Kcamodocal::OCAMCamera::Parameters::Parameters(const camodocal::OCAMCamera::Parameters&)[m[K’ is deprecated [[01;35m[K-Wdeprecated-copy[m[K]
[2.040s]   517 |     Parameters params = getParameters([01;35m[K)[m[K;
[2.040s]       |                                       [01;35m[K^[m[K
[2.040s] [01m[K/home/deathstroke/vins-fusion-ros2/src/VINS-Fusion-ROS2-humble-arm/camera_models/src/camera_models/ScaramuzzaCamera.cc:141:1:[m[K [01;36m[Knote: [m[Kbecause ‘[01m[Kcamodocal::OCAMCamera::Parameters[m[K’ has user-provided ‘[01m[Kcamodocal::OCAMCamera::Parameters& camodocal::OCAMCamera::Parameters::operator=(const camodocal::OCAMCamera::Parameters&)[m[K’
[2.040s]   141 | [01;36m[KOCAMCamera[m[K::Parameters::operator=(const OCAMCamera::Parameters& other)
[2.040s]       | [01;36m[K^~~~~~~~~~[m[K
[2.040s] [01m[K/home/deathstroke/vins-fusion-ros2/src/VINS-Fusion-ROS2-humble-arm/camera_models/src/camera_models/ScaramuzzaCamera.cc:[m[K In member function ‘[01m[Kvirtual void camodocal::OCAMCamera::readParameters(const std::vector<double, std::allocator<double> >&)[m[K’:
[2.040s] [01m[K/home/deathstroke/vins-fusion-ros2/src/VINS-Fusion-ROS2-humble-arm/camera_models/src/camera_models/ScaramuzzaCamera.cc:788:39:[m[K [01;35m[Kwarning: [m[Kimplicitly-declared ‘[01m[Kcamodocal::OCAMCamera::Parameters::Parameters(const camodocal::OCAMCamera::Parameters&)[m[K’ is deprecated [[01;35m[K-Wdeprecated-copy[m[K]
[2.040s]   788 |     Parameters params = getParameters([01;35m[K)[m[K;
[2.040s]       |                                       [01;35m[K^[m[K
[2.040s] [01m[K/home/deathstroke/vins-fusion-ros2/src/VINS-Fusion-ROS2-humble-arm/camera_models/src/camera_models/ScaramuzzaCamera.cc:141:1:[m[K [01;36m[Knote: [m[Kbecause ‘[01m[Kcamodocal::OCAMCamera::Parameters[m[K’ has user-provided ‘[01m[Kcamodocal::OCAMCamera::Parameters& camodocal::OCAMCamera::Parameters::operator=(const camodocal::OCAMCamera::Parameters&)[m[K’
[2.040s]   141 | [01;36m[KOCAMCamera[m[K::Parameters::operator=(const OCAMCamera::Parameters& other)
[2.040s]       | [01;36m[K^~~~~~~~~~[m[K
[2.049s] [ 96%] [32m[1mLinking CXX static library libcamera_models.a[0m
[2.105s] [ 96%] Built target camera_models
[2.181s] [01m[K/home/deathstroke/vins-fusion-ros2/src/VINS-Fusion-ROS2-humble-arm/camera_models/src/camera_models/ScaramuzzaCamera.cc:[m[K In constructor ‘[01m[Kcamodocal::OCAMCamera::OCAMCamera(const camodocal::OCAMCamera::Parameters&)[m[K’:
[2.181s] [01m[K/home/deathstroke/vins-fusion-ros2/src/VINS-Fusion-ROS2-humble-arm/camera_models/src/camera_models/ScaramuzzaCamera.cc:198:4:[m[K [01;35m[Kwarning: [m[Kimplicitly-declared ‘[01m[Kcamodocal::OCAMCamera::Parameters::Parameters(const camodocal::OCAMCamera::Parameters&)[m[K’ is deprecated [[01;35m[K-Wdeprecated-copy[m[K]
[2.181s]   198 |  : [01;35m[KmParameters(params)[m[K
[2.181s]       |    [01;35m[K^~~~~~~~~~~~~~~~~~~[m[K
[2.181s] [01m[K/home/deathstroke/vins-fusion-ros2/src/VINS-Fusion-ROS2-humble-arm/camera_models/src/camera_models/ScaramuzzaCamera.cc:141:1:[m[K [01;36m[Knote: [m[Kbecause ‘[01m[Kcamodocal::OCAMCamera::Parameters[m[K’ has user-provided ‘[01m[Kcamodocal::OCAMCamera::Parameters& camodocal::OCAMCamera::Parameters::operator=(const camodocal::OCAMCamera::Parameters&)[m[K’
[2.181s]   141 | [01;36m[KOCAMCamera[m[K::Parameters::operator=(const OCAMCamera::Parameters& other)
[2.181s]       | [01;36m[K^~~~~~~~~~[m[K
[2.181s] [01m[K/home/deathstroke/vins-fusion-ros2/src/VINS-Fusion-ROS2-humble-arm/camera_models/src/camera_models/ScaramuzzaCamera.cc:[m[K In member function ‘[01m[Kvirtual void camodocal::OCAMCamera::estimateIntrinsics(const Size&, const std::vector<std::vector<cv::Point3_<float> > >&, const std::vector<std::vector<cv::Point_<float> > >&)[m[K’:
[2.181s] [01m[K/home/deathstroke/vins-fusion-ros2/src/VINS-Fusion-ROS2-humble-arm/camera_models/src/camera_models/ScaramuzzaCamera.cc:517:39:[m[K [01;35m[Kwarning: [m[Kimplicitly-declared ‘[01m[Kcamodocal::OCAMCamera::Parameters::Parameters(const camodocal::OCAMCamera::Parameters&)[m[K’ is deprecated [[01;35m[K-Wdeprecated-copy[m[K]
[2.181s]   517 |     Parameters params = getParameters([01;35m[K)[m[K;
[2.182s]       |                                       [01;35m[K^[m[K
[2.182s] [01m[K/home/deathstroke/vins-fusion-ros2/src/VINS-Fusion-ROS2-humble-arm/camera_models/src/camera_models/ScaramuzzaCamera.cc:141:1:[m[K [01;36m[Knote: [m[Kbecause ‘[01m[Kcamodocal::OCAMCamera::Parameters[m[K’ has user-provided ‘[01m[Kcamodocal::OCAMCamera::Parameters& camodocal::OCAMCamera::Parameters::operator=(const camodocal::OCAMCamera::Parameters&)[m[K’
[2.182s]   141 | [01;36m[KOCAMCamera[m[K::Parameters::operator=(const OCAMCamera::Parameters& other)
[2.182s]       | [01;36m[K^~~~~~~~~~[m[K
[2.182s] [01m[K/home/deathstroke/vins-fusion-ros2/src/VINS-Fusion-ROS2-humble-arm/camera_models/src/camera_models/ScaramuzzaCamera.cc:[m[K In member function ‘[01m[Kvirtual void camodocal::OCAMCamera::readParameters(const std::vector<double, std::allocator<double> >&)[m[K’:
[2.182s] [01m[K/home/deathstroke/vins-fusion-ros2/src/VINS-Fusion-ROS2-humble-arm/camera_models/src/camera_models/ScaramuzzaCamera.cc:788:39:[m[K [01;35m[Kwarning: [m[Kimplicitly-declared ‘[01m[Kcamodocal::OCAMCamera::Parameters::Parameters(const camodocal::OCAMCamera::Parameters&)[m[K’ is deprecated [[01;35m[K-Wdeprecated-copy[m[K]
[2.182s]   788 |     Parameters params = getParameters([01;35m[K)[m[K;
[2.182s]       |                                       [01;35m[K^[m[K
[2.182s] [01m[K/home/deathstroke/vins-fusion-ros2/src/VINS-Fusion-ROS2-humble-arm/camera_models/src/camera_models/ScaramuzzaCamera.cc:141:1:[m[K [01;36m[Knote: [m[Kbecause ‘[01m[Kcamodocal::OCAMCamera::Parameters[m[K’ has user-provided ‘[01m[Kcamodocal::OCAMCamera::Parameters& camodocal::OCAMCamera::Parameters::operator=(const camodocal::OCAMCamera::Parameters&)[m[K’
[2.182s]   141 | [01;36m[KOCAMCamera[m[K::Parameters::operator=(const OCAMCamera::Parameters& other)
[2.182s]       | [01;36m[K^~~~~~~~~~[m[K
[2.191s] [100%] [32m[1mLinking CXX executable Calibrations[0m
[2.442s] [100%] Built target Calibrations
[2.453s] Invoked command in '/home/deathstroke/vins-fusion-ros2/build/camera_models' returned '0': CMAKE_PREFIX_PATH=${CMAKE_PREFIX_PATH}:/home/deathstroke/realsense-ros/install/realsense2_ros_mqtt_bridge:/home/deathstroke/rust_ws/install/examples_worker_demo:/home/deathstroke/rust_ws/install/examples_rclrs_minimal_pub_sub:/home/deathstroke/rust_ws/install/examples_rclrs_minimal_client_service:/home/deathstroke/rust_ws/install/examples_parameter_demo:/home/deathstroke/rust_ws/install/examples_logging_demo:/home/deathstroke/rust_ws/install/sensor_msgs_py:/home/deathstroke/rust_ws/install/rust_pubsub:/home/deathstroke/rust_ws/install/examples_rclrs_message_demo:/home/deathstroke/rust_ws/install/rosidl_runtime_rs:/home/deathstroke/rust_ws/install/rclrs:/opt/ros/humble /usr/bin/cmake --build /home/deathstroke/vins-fusion-ros2/build/camera_models -- -j32 -l32
[2.454s] Invoking command in '/home/deathstroke/vins-fusion-ros2/build/camera_models': CMAKE_PREFIX_PATH=${CMAKE_PREFIX_PATH}:/home/deathstroke/realsense-ros/install/realsense2_ros_mqtt_bridge:/home/deathstroke/rust_ws/install/examples_worker_demo:/home/deathstroke/rust_ws/install/examples_rclrs_minimal_pub_sub:/home/deathstroke/rust_ws/install/examples_rclrs_minimal_client_service:/home/deathstroke/rust_ws/install/examples_parameter_demo:/home/deathstroke/rust_ws/install/examples_logging_demo:/home/deathstroke/rust_ws/install/sensor_msgs_py:/home/deathstroke/rust_ws/install/rust_pubsub:/home/deathstroke/rust_ws/install/examples_rclrs_message_demo:/home/deathstroke/rust_ws/install/rosidl_runtime_rs:/home/deathstroke/rust_ws/install/rclrs:/opt/ros/humble /usr/bin/cmake --install /home/deathstroke/vins-fusion-ros2/build/camera_models
[2.460s] -- Install configuration: "Release"
[2.460s] -- Installing: /home/deathstroke/vins-fusion-ros2/install/camera_models/share/camera_models/environment/library_path.sh
[2.460s] -- Installing: /home/deathstroke/vins-fusion-ros2/install/camera_models/share/camera_models/environment/library_path.dsv
[2.460s] -- Installing: /home/deathstroke/vins-fusion-ros2/install/camera_models/lib/camera_models/Calibrations
[2.464s] -- Set runtime path of "/home/deathstroke/vins-fusion-ros2/install/camera_models/lib/camera_models/Calibrations" to ""
[2.464s] -- Installing: /home/deathstroke/vins-fusion-ros2/install/camera_models/bin/Calibrations
[2.467s] -- Set runtime path of "/home/deathstroke/vins-fusion-ros2/install/camera_models/bin/Calibrations" to ""
[2.467s] -- Installing: /home/deathstroke/vins-fusion-ros2/install/camera_models/lib/libcamera_models.a
[2.469s] -- Up-to-date: /home/deathstroke/vins-fusion-ros2/install/camera_models/lib/camera_models/Calibrations
[2.469s] -- Installing: /home/deathstroke/vins-fusion-ros2/install/camera_models/include/
[2.469s] -- Installing: /home/deathstroke/vins-fusion-ros2/install/camera_models/include//camodocal
[2.469s] -- Installing: /home/deathstroke/vins-fusion-ros2/install/camera_models/include//camodocal/gpl
[2.469s] -- Installing: /home/deathstroke/vins-fusion-ros2/install/camera_models/include//camodocal/gpl/gpl.h
[2.469s] -- Installing: /home/deathstroke/vins-fusion-ros2/install/camera_models/include//camodocal/gpl/EigenUtils.h
[2.469s] -- Installing: /home/deathstroke/vins-fusion-ros2/install/camera_models/include//camodocal/gpl/EigenQuaternionParameterization.h
[2.469s] -- Installing: /home/deathstroke/vins-fusion-ros2/install/camera_models/include//camodocal/camera_models
[2.469s] -- Installing: /home/deathstroke/vins-fusion-ros2/install/camera_models/include//camodocal/camera_models/CataCamera.h
[2.469s] -- Installing: /home/deathstroke/vins-fusion-ros2/install/camera_models/include//camodocal/camera_models/CostFunctionFactory.h
[2.469s] -- Installing: /home/deathstroke/vins-fusion-ros2/install/camera_models/include//camodocal/camera_models/Camera.h
[2.469s] -- Installing: /home/deathstroke/vins-fusion-ros2/install/camera_models/include//camodocal/camera_models/ScaramuzzaCamera.h
[2.469s] -- Installing: /home/deathstroke/vins-fusion-ros2/install/camera_models/include//camodocal/camera_models/PinholeFullCamera.h
[2.469s] -- Installing: /home/deathstroke/vins-fusion-ros2/install/camera_models/include//camodocal/camera_models/CameraFactory.h
[2.469s] -- Installing: /home/deathstroke/vins-fusion-ros2/install/camera_models/include//camodocal/camera_models/EquidistantCamera.h
[2.469s] -- Installing: /home/deathstroke/vins-fusion-ros2/install/camera_models/include//camodocal/camera_models/PinholeCamera.h
[2.469s] -- Installing: /home/deathstroke/vins-fusion-ros2/install/camera_models/include//camodocal/calib
[2.469s] -- Installing: /home/deathstroke/vins-fusion-ros2/install/camera_models/include//camodocal/calib/CameraCalibration.h
[2.469s] -- Installing: /home/deathstroke/vins-fusion-ros2/install/camera_models/include//camodocal/sparse_graph
[2.469s] -- Installing: /home/deathstroke/vins-fusion-ros2/install/camera_models/include//camodocal/sparse_graph/Transform.h
[2.469s] -- Installing: /home/deathstroke/vins-fusion-ros2/install/camera_models/include//camodocal/chessboard
[2.469s] -- Installing: /home/deathstroke/vins-fusion-ros2/install/camera_models/include//camodocal/chessboard/Chessboard.h
[2.469s] -- Installing: /home/deathstroke/vins-fusion-ros2/install/camera_models/include//camodocal/chessboard/ChessboardQuad.h
[2.469s] -- Installing: /home/deathstroke/vins-fusion-ros2/install/camera_models/include//camodocal/chessboard/Spline.h
[2.469s] -- Installing: /home/deathstroke/vins-fusion-ros2/install/camera_models/include//camodocal/chessboard/ChessboardCorner.h
[2.469s] -- Installing: /home/deathstroke/vins-fusion-ros2/install/camera_models/share/ament_index/resource_index/package_run_dependencies/camera_models
[2.469s] -- Installing: /home/deathstroke/vins-fusion-ros2/install/camera_models/share/ament_index/resource_index/parent_prefix_path/camera_models
[2.469s] -- Installing: /home/deathstroke/vins-fusion-ros2/install/camera_models/share/camera_models/environment/ament_prefix_path.sh
[2.469s] -- Installing: /home/deathstroke/vins-fusion-ros2/install/camera_models/share/camera_models/environment/ament_prefix_path.dsv
[2.470s] -- Installing: /home/deathstroke/vins-fusion-ros2/install/camera_models/share/camera_models/environment/path.sh
[2.470s] -- Installing: /home/deathstroke/vins-fusion-ros2/install/camera_models/share/camera_models/environment/path.dsv
[2.470s] -- Installing: /home/deathstroke/vins-fusion-ros2/install/camera_models/share/camera_models/local_setup.bash
[2.470s] -- Installing: /home/deathstroke/vins-fusion-ros2/install/camera_models/share/camera_models/local_setup.sh
[2.470s] -- Installing: /home/deathstroke/vins-fusion-ros2/install/camera_models/share/camera_models/local_setup.zsh
[2.470s] -- Installing: /home/deathstroke/vins-fusion-ros2/install/camera_models/share/camera_models/local_setup.dsv
[2.470s] -- Installing: /home/deathstroke/vins-fusion-ros2/install/camera_models/share/camera_models/package.dsv
[2.470s] -- Installing: /home/deathstroke/vins-fusion-ros2/install/camera_models/share/ament_index/resource_index/packages/camera_models
[2.470s] -- Installing: /home/deathstroke/vins-fusion-ros2/install/camera_models/share/camera_models/cmake/ament_cmake_export_include_directories-extras.cmake
[2.470s] -- Installing: /home/deathstroke/vins-fusion-ros2/install/camera_models/share/camera_models/cmake/ament_cmake_export_libraries-extras.cmake
[2.470s] -- Installing: /home/deathstroke/vins-fusion-ros2/install/camera_models/share/camera_models/cmake/ament_cmake_export_dependencies-extras.cmake
[2.470s] -- Installing: /home/deathstroke/vins-fusion-ros2/install/camera_models/share/camera_models/cmake/camera_modelsConfig.cmake
[2.470s] -- Installing: /home/deathstroke/vins-fusion-ros2/install/camera_models/share/camera_models/cmake/camera_modelsConfig-version.cmake
[2.470s] -- Installing: /home/deathstroke/vins-fusion-ros2/install/camera_models/share/camera_models/package.xml
[2.471s] Invoked command in '/home/deathstroke/vins-fusion-ros2/build/camera_models' returned '0': CMAKE_PREFIX_PATH=${CMAKE_PREFIX_PATH}:/home/deathstroke/realsense-ros/install/realsense2_ros_mqtt_bridge:/home/deathstroke/rust_ws/install/examples_worker_demo:/home/deathstroke/rust_ws/install/examples_rclrs_minimal_pub_sub:/home/deathstroke/rust_ws/install/examples_rclrs_minimal_client_service:/home/deathstroke/rust_ws/install/examples_parameter_demo:/home/deathstroke/rust_ws/install/examples_logging_demo:/home/deathstroke/rust_ws/install/sensor_msgs_py:/home/deathstroke/rust_ws/install/rust_pubsub:/home/deathstroke/rust_ws/install/examples_rclrs_message_demo:/home/deathstroke/rust_ws/install/rosidl_runtime_rs:/home/deathstroke/rust_ws/install/rclrs:/opt/ros/humble /usr/bin/cmake --install /home/deathstroke/vins-fusion-ros2/build/camera_models
