[0.013s] Invoking command in '/home/deathstroke/vins-fusion-ros2/build/camera_models': CMAKE_PREFIX_PATH=${CMAKE_PREFIX_PATH}:/home/deathstroke/realsense-ros/install/realsense2_ros_mqtt_bridge:/home/deathstroke/rust_ws/install/examples_worker_demo:/home/deathstroke/rust_ws/install/examples_rclrs_minimal_pub_sub:/home/deathstroke/rust_ws/install/examples_rclrs_minimal_client_service:/home/deathstroke/rust_ws/install/examples_parameter_demo:/home/deathstroke/rust_ws/install/examples_logging_demo:/home/deathstroke/rust_ws/install/sensor_msgs_py:/home/deathstroke/rust_ws/install/rust_pubsub:/home/deathstroke/rust_ws/install/examples_rclrs_message_demo:/home/deathstroke/rust_ws/install/rosidl_runtime_rs:/home/deathstroke/rust_ws/install/rclrs:/opt/ros/humble /usr/bin/cmake --build /home/deathstroke/vins-fusion-ros2/build/camera_models -- -j32 -l32
[0.029s] -- Found ament_cmake: 1.3.14 (/opt/ros/humble/share/ament_cmake/cmake)
[0.119s] -- Override CMake install command with custom implementation using symlinks instead of copying resources
[0.122s] -- Found rclcpp: 16.0.19 (/opt/ros/humble/share/rclcpp/cmake)
[0.138s] -- Found rosidl_generator_c: 3.1.9 (/opt/ros/humble/share/rosidl_generator_c/cmake)
[0.139s] -- Found rosidl_adapter: 3.1.9 (/opt/ros/humble/share/rosidl_adapter/cmake)
[0.142s] -- Found rosidl_generator_cpp: 3.1.9 (/opt/ros/humble/share/rosidl_generator_cpp/cmake)
[0.148s] -- Using all available rosidl_typesupport_c: rosidl_typesupport_fastrtps_c;rosidl_typesupport_introspection_c
[0.157s] -- Using all available rosidl_typesupport_cpp: rosidl_typesupport_fastrtps_cpp;rosidl_typesupport_introspection_cpp
[0.179s] -- Found rmw_implementation_cmake: 6.1.3 (/opt/ros/humble/share/rmw_implementation_cmake/cmake)
[0.180s] -- Found rmw_fastrtps_cpp: 6.2.10 (/opt/ros/humble/share/rmw_fastrtps_cpp/cmake)
[0.271s] -- Using RMW implementation 'rmw_fastrtps_cpp' as default
[0.393s] -- Found AMD headers in: /usr/include/suitesparse
[0.393s] -- Found AMD library: /usr/lib/x86_64-linux-gnu/libamd.so
[0.393s] -- Found CAMD headers in: /usr/include/suitesparse
[0.393s] -- Found CAMD library: /usr/lib/x86_64-linux-gnu/libcamd.so
[0.393s] -- Found CCOLAMD headers in: /usr/include/suitesparse
[0.393s] -- Found CCOLAMD library: /usr/lib/x86_64-linux-gnu/libccolamd.so
[0.393s] -- Found CHOLMOD headers in: /usr/include/suitesparse
[0.393s] -- Found CHOLMOD library: /usr/lib/x86_64-linux-gnu/libcholmod.so
[0.393s] -- Found COLAMD headers in: /usr/include/suitesparse
[0.393s] -- Found COLAMD library: /usr/lib/x86_64-linux-gnu/libcolamd.so
[0.393s] -- Found SPQR headers in: /usr/include/suitesparse
[0.393s] -- Found SPQR library: /usr/lib/x86_64-linux-gnu/libspqr.so
[0.394s] -- Found Config headers in: /usr/include/suitesparse
[0.394s] -- Found Config library: /usr/lib/x86_64-linux-gnu/libsuitesparseconfig.so
[0.394s] -- Found Intel Thread Building Blocks (TBB) library (2021.5 / ) include location: . Assuming SuiteSparseQR was compiled with TBB.
[0.394s] -- Adding librt to SuiteSparse_config libraries (required on Linux & Unix [not OSX] if SuiteSparse is compiled with timing).
[0.397s] -- Could NOT find METIS (missing: METIS_INCLUDE_DIR METIS_LIBRARY) 
[0.398s] -- Found required Ceres dependency: Eigen version 3.3.91 in /usr/local/share/eigen3/cmake
[0.399s] -- Found required Ceres dependency: glog
[0.399s] -- Found required Ceres dependency: gflags
[0.399s] -- Found Ceres version: 2.1.0 installed in: /usr/local with components: [EigenSparse, SparseLinearAlgebraLibrary, LAPACK, SuiteSparse, CXSparse, SchurSpecializations, Multithreading]
[0.459s] -- Configuring done
[0.468s] -- Generating done
[0.471s] -- Build files have been written to: /home/deathstroke/vins-fusion-ros2/build/camera_models
[0.492s] [35m[1mConsolidate compiler generated dependencies of target camera_models[0m
[0.493s] [35m[1mConsolidate compiler generated dependencies of target Calibrations[0m
[0.516s] [  3%] [32mBuilding CXX object CMakeFiles/camera_models.dir/src/chessboard/Chessboard.cc.o[0m
[0.516s] [  6%] [32mBuilding CXX object CMakeFiles/camera_models.dir/src/calib/CameraCalibration.cc.o[0m
[0.517s] [ 10%] [32mBuilding CXX object CMakeFiles/camera_models.dir/src/camera_models/Camera.cc.o[0m
[0.518s] [ 13%] [32mBuilding CXX object CMakeFiles/camera_models.dir/src/camera_models/CameraFactory.cc.o[0m
[0.518s] [ 17%] [32mBuilding CXX object CMakeFiles/camera_models.dir/src/camera_models/CataCamera.cc.o[0m
[0.518s] [ 20%] [32mBuilding CXX object CMakeFiles/camera_models.dir/src/camera_models/CostFunctionFactory.cc.o[0m
[0.518s] [ 27%] [32mBuilding CXX object CMakeFiles/camera_models.dir/src/camera_models/EquidistantCamera.cc.o[0m
[0.518s] [ 27%] [32mBuilding CXX object CMakeFiles/camera_models.dir/src/camera_models/PinholeCamera.cc.o[0m
[0.519s] [ 31%] [32mBuilding CXX object CMakeFiles/camera_models.dir/src/camera_models/PinholeFullCamera.cc.o[0m
[0.519s] [ 34%] [32mBuilding CXX object CMakeFiles/camera_models.dir/src/gpl/gpl.cc.o[0m
[0.522s] [ 37%] [32mBuilding CXX object CMakeFiles/camera_models.dir/src/camera_models/ScaramuzzaCamera.cc.o[0m
[0.522s] [ 41%] [32mBuilding CXX object CMakeFiles/Calibrations.dir/src/intrinsic_calib.cc.o[0m
[0.526s] [ 44%] [32mBuilding CXX object CMakeFiles/Calibrations.dir/src/chessboard/Chessboard.cc.o[0m
[0.526s] [ 48%] [32mBuilding CXX object CMakeFiles/Calibrations.dir/src/camera_models/PinholeCamera.cc.o[0m
[0.526s] [ 55%] [32mBuilding CXX object CMakeFiles/Calibrations.dir/src/camera_models/CostFunctionFactory.cc.o[0m
[0.526s] [ 55%] [32mBuilding CXX object CMakeFiles/Calibrations.dir/src/calib/CameraCalibration.cc.o[0m
[0.526s] [ 58%] [32mBuilding CXX object CMakeFiles/Calibrations.dir/src/camera_models/Camera.cc.o[0m
[0.526s] [ 62%] [32mBuilding CXX object CMakeFiles/Calibrations.dir/src/camera_models/CameraFactory.cc.o[0m
[0.528s] [ 65%] [32mBuilding CXX object CMakeFiles/Calibrations.dir/src/camera_models/PinholeFullCamera.cc.o[0m
[0.529s] [ 68%] [32mBuilding CXX object CMakeFiles/Calibrations.dir/src/camera_models/EquidistantCamera.cc.o[0m
[0.529s] [ 75%] [32mBuilding CXX object CMakeFiles/Calibrations.dir/src/camera_models/CataCamera.cc.o[0m
[0.529s] [ 75%] [32mBuilding CXX object CMakeFiles/Calibrations.dir/src/camera_models/ScaramuzzaCamera.cc.o[0m
[0.529s] [ 79%] [32mBuilding CXX object CMakeFiles/Calibrations.dir/src/gpl/gpl.cc.o[0m
[0.701s] [01m[K/home/deathstroke/vins-fusion-ros2/src/VINS-Fusion-ROS2-humble-arm/camera_models/src/camera_models/PinholeCamera.cc:[m[K In constructor ‘[01m[Kcamodocal::PinholeCamera::PinholeCamera(const camodocal::PinholeCamera::Parameters&)[m[K’:
[0.701s] [01m[K/home/deathstroke/vins-fusion-ros2/src/VINS-Fusion-ROS2-humble-arm/camera_models/src/camera_models/PinholeCamera.cc:299:4:[m[K [01;35m[Kwarning: [m[Kimplicitly-declared ‘[01m[Kcamodocal::PinholeCamera::Parameters::Parameters(const camodocal::PinholeCamera::Parameters&)[m[K’ is deprecated [[01;35m[K-Wdeprecated-copy[m[K]
[0.701s]   299 |  : [01;35m[KmParameters(params)[m[K
[0.701s]       |    [01;35m[K^~~~~~~~~~~~~~~~~~~[m[K
[0.701s] [01m[K/home/deathstroke/vins-fusion-ros2/src/VINS-Fusion-ROS2-humble-arm/camera_models/src/camera_models/PinholeCamera.cc:214:1:[m[K [01;36m[Knote: [m[Kbecause ‘[01m[Kcamodocal::PinholeCamera::Parameters[m[K’ has user-provided ‘[01m[Kcamodocal::PinholeCamera::Parameters& camodocal::PinholeCamera::Parameters::operator=(const camodocal::PinholeCamera::Parameters&)[m[K’
[0.701s]   214 | [01;36m[KPinholeCamera[m[K::Parameters::operator=(const PinholeCamera::Parameters& other)
[0.701s]       | [01;36m[K^~~~~~~~~~~~~[m[K
[0.701s] [01m[K/home/deathstroke/vins-fusion-ros2/src/VINS-Fusion-ROS2-humble-arm/camera_models/src/camera_models/PinholeCamera.cc:[m[K In member function ‘[01m[Kvirtual void camodocal::PinholeCamera::estimateIntrinsics(const Size&, const std::vector<std::vector<cv::Point3_<float> > >&, const std::vector<std::vector<cv::Point_<float> > >&)[m[K’:
[0.701s] [01m[K/home/deathstroke/vins-fusion-ros2/src/VINS-Fusion-ROS2-humble-arm/camera_models/src/camera_models/PinholeCamera.cc:351:39:[m[K [01;35m[Kwarning: [m[Kimplicitly-declared ‘[01m[Kcamodocal::PinholeCamera::Parameters::Parameters(const camodocal::PinholeCamera::Parameters&)[m[K’ is deprecated [[01;35m[K-Wdeprecated-copy[m[K]
[0.701s]   351 |     Parameters params = getParameters([01;35m[K)[m[K;
[0.701s]       |                                       [01;35m[K^[m[K
[0.701s] [01m[K/home/deathstroke/vins-fusion-ros2/src/VINS-Fusion-ROS2-humble-arm/camera_models/src/camera_models/PinholeCamera.cc:214:1:[m[K [01;36m[Knote: [m[Kbecause ‘[01m[Kcamodocal::PinholeCamera::Parameters[m[K’ has user-provided ‘[01m[Kcamodocal::PinholeCamera::Parameters& camodocal::PinholeCamera::Parameters::operator=(const camodocal::PinholeCamera::Parameters&)[m[K’
[0.701s]   214 | [01;36m[KPinholeCamera[m[K::Parameters::operator=(const PinholeCamera::Parameters& other)
[0.701s]       | [01;36m[K^~~~~~~~~~~~~[m[K
[0.701s] [01m[K/home/deathstroke/vins-fusion-ros2/src/VINS-Fusion-ROS2-humble-arm/camera_models/src/camera_models/PinholeCamera.cc:[m[K In member function ‘[01m[Kvirtual void camodocal::PinholeCamera::readParameters(const std::vector<double, std::allocator<double> >&)[m[K’:
[0.701s] [01m[K/home/deathstroke/vins-fusion-ros2/src/VINS-Fusion-ROS2-humble-arm/camera_models/src/camera_models/PinholeCamera.cc:838:39:[m[K [01;35m[Kwarning: [m[Kimplicitly-declared ‘[01m[Kcamodocal::PinholeCamera::Parameters::Parameters(const camodocal::PinholeCamera::Parameters&)[m[K’ is deprecated [[01;35m[K-Wdeprecated-copy[m[K]
[0.701s]   838 |     Parameters params = getParameters([01;35m[K)[m[K;
[0.701s]       |                                       [01;35m[K^[m[K
[0.702s] [01m[K/home/deathstroke/vins-fusion-ros2/src/VINS-Fusion-ROS2-humble-arm/camera_models/src/camera_models/PinholeCamera.cc:214:1:[m[K [01;36m[Knote: [m[Kbecause ‘[01m[Kcamodocal::PinholeCamera::Parameters[m[K’ has user-provided ‘[01m[Kcamodocal::PinholeCamera::Parameters& camodocal::PinholeCamera::Parameters::operator=(const camodocal::PinholeCamera::Parameters&)[m[K’
[0.702s]   214 | [01;36m[KPinholeCamera[m[K::Parameters::operator=(const PinholeCamera::Parameters& other)
[0.702s]       | [01;36m[K^~~~~~~~~~~~~[m[K
[0.703s] In file included from [01m[K/home/deathstroke/vins-fusion-ros2/src/VINS-Fusion-ROS2-humble-arm/camera_models/src/camera_models/CostFunctionFactory.cc:6[m[K:
[0.703s] [01m[K/home/deathstroke/vins-fusion-ros2/src/VINS-Fusion-ROS2-humble-arm/camera_models/include/camodocal/camera_models/PinholeFullCamera.h:[m[K In member function ‘[01m[Kvoid camodocal::PinholeFullCamera::setInitIntrinsics(const std::vector<std::vector<cv::Point3_<float> > >&, const std::vector<std::vector<cv::Point_<float> > >&)[m[K’:
[0.703s] [01m[K/home/deathstroke/vins-fusion-ros2/src/VINS-Fusion-ROS2-humble-arm/camera_models/include/camodocal/camera_models/PinholeFullCamera.h:126:44:[m[K [01;35m[Kwarning: [m[Kimplicitly-declared ‘[01m[Kcamodocal::PinholeFullCamera::Parameters::Parameters(const camodocal::PinholeFullCamera::Parameters&)[m[K’ is deprecated [[01;35m[K-Wdeprecated-copy[m[K]
[0.703s]   126 |         Parameters params = getParameters( [01;35m[K)[m[K;
[0.703s]       |                                            [01;35m[K^[m[K
[0.703s] [01m[K/home/deathstroke/vins-fusion-ros2/src/VINS-Fusion-ROS2-humble-arm/camera_models/include/camodocal/camera_models/PinholeFullCamera.h:66:21:[m[K [01;36m[Knote: [m[Kbecause ‘[01m[Kcamodocal::PinholeFullCamera::Parameters[m[K’ has user-provided ‘[01m[Kcamodocal::PinholeFullCamera::Parameters& camodocal::PinholeFullCamera::Parameters::operator=(const camodocal::PinholeFullCamera::Parameters&)[m[K’
[0.703s]    66 |         Parameters& [01;36m[Koperator[m[K=( const Parameters& other );
[0.703s]       |                     [01;36m[K^~~~~~~~[m[K
[0.709s] [01m[K/home/deathstroke/vins-fusion-ros2/src/VINS-Fusion-ROS2-humble-arm/camera_models/src/camera_models/EquidistantCamera.cc:[m[K In constructor ‘[01m[Kcamodocal::EquidistantCamera::EquidistantCamera(const camodocal::EquidistantCamera::Parameters&)[m[K’:
[0.709s] [01m[K/home/deathstroke/vins-fusion-ros2/src/VINS-Fusion-ROS2-humble-arm/camera_models/src/camera_models/EquidistantCamera.cc:278:4:[m[K [01;35m[Kwarning: [m[Kimplicitly-declared ‘[01m[Kcamodocal::EquidistantCamera::Parameters::Parameters(const camodocal::EquidistantCamera::Parameters&)[m[K’ is deprecated [[01;35m[K-Wdeprecated-copy[m[K]
[0.709s]   278 |  : [01;35m[KmParameters(params)[m[K
[0.709s]       |    [01;35m[K^~~~~~~~~~~~~~~~~~~[m[K
[0.709s] [01m[K/home/deathstroke/vins-fusion-ros2/src/VINS-Fusion-ROS2-humble-arm/camera_models/src/camera_models/EquidistantCamera.cc:209:1:[m[K [01;36m[Knote: [m[Kbecause ‘[01m[Kcamodocal::EquidistantCamera::Parameters[m[K’ has user-provided ‘[01m[Kcamodocal::EquidistantCamera::Parameters& camodocal::EquidistantCamera::Parameters::operator=(const camodocal::EquidistantCamera::Parameters&)[m[K’
[0.709s]   209 | [01;36m[KEquidistantCamera[m[K::Parameters::operator=(const EquidistantCamera::Parameters& other)
[0.709s]       | [01;36m[K^~~~~~~~~~~~~~~~~[m[K
[0.709s] [01m[K/home/deathstroke/vins-fusion-ros2/src/VINS-Fusion-ROS2-humble-arm/camera_models/src/camera_models/EquidistantCamera.cc:[m[K In member function ‘[01m[Kvirtual void camodocal::EquidistantCamera::estimateIntrinsics(const Size&, const std::vector<std::vector<cv::Point3_<float> > >&, const std::vector<std::vector<cv::Point_<float> > >&)[m[K’:
[0.709s] [01m[K/home/deathstroke/vins-fusion-ros2/src/VINS-Fusion-ROS2-humble-arm/camera_models/src/camera_models/EquidistantCamera.cc:316:39:[m[K [01;35m[Kwarning: [m[Kimplicitly-declared ‘[01m[Kcamodocal::EquidistantCamera::Parameters::Parameters(const camodocal::EquidistantCamera::Parameters&)[m[K’ is deprecated [[01;35m[K-Wdeprecated-copy[m[K]
[0.709s]   316 |     Parameters params = getParameters([01;35m[K)[m[K;
[0.709s]       |                                       [01;35m[K^[m[K
[0.709s] [01m[K/home/deathstroke/vins-fusion-ros2/src/VINS-Fusion-ROS2-humble-arm/camera_models/src/camera_models/EquidistantCamera.cc:209:1:[m[K [01;36m[Knote: [m[Kbecause ‘[01m[Kcamodocal::EquidistantCamera::Parameters[m[K’ has user-provided ‘[01m[Kcamodocal::EquidistantCamera::Parameters& camodocal::EquidistantCamera::Parameters::operator=(const camodocal::EquidistantCamera::Parameters&)[m[K’
[0.709s]   209 | [01;36m[KEquidistantCamera[m[K::Parameters::operator=(const EquidistantCamera::Parameters& other)
[0.709s]       | [01;36m[K^~~~~~~~~~~~~~~~~[m[K
[0.709s] [01m[K/home/deathstroke/vins-fusion-ros2/src/VINS-Fusion-ROS2-humble-arm/camera_models/src/camera_models/EquidistantCamera.cc:345:16:[m[K [01;35m[Kwarning: [m[KISO C++ forbids variable length array ‘[01m[Kradius[m[K’ [[01;35m[K-Wvla[m[K]
[0.710s]   345 |         double [01;35m[Kradius[m[K[boardSize.height];
[0.710s]       |                [01;35m[K^~~~~~[m[K
[0.710s] [01m[K/home/deathstroke/vins-fusion-ros2/src/VINS-Fusion-ROS2-humble-arm/camera_models/src/camera_models/EquidistantCamera.cc:[m[K In member function ‘[01m[Kvirtual void camodocal::EquidistantCamera::readParameters(const std::vector<double, std::allocator<double> >&)[m[K’:
[0.710s] [01m[K/home/deathstroke/vins-fusion-ros2/src/VINS-Fusion-ROS2-humble-arm/camera_models/src/camera_models/EquidistantCamera.cc:637:29:[m[K [01;35m[Kwarning: [m[Kcomparison of integer expressions of different signedness: ‘[01m[Kstd::vector<double, std::allocator<double> >::size_type[m[K’ {aka ‘[01m[Klong unsigned int[m[K’} and ‘[01m[Kint[m[K’ [[01;35m[K-Wsign-compare[m[K]
[0.710s]   637 |     if ([01;35m[KparameterVec.size() != parameterCount()[m[K)
[0.710s]       |         [01;35m[K~~~~~~~~~~~~~~~~~~~~^~~~~~~~~~~~~~~~~~~[m[K
[0.710s] [01m[K/home/deathstroke/vins-fusion-ros2/src/VINS-Fusion-ROS2-humble-arm/camera_models/src/camera_models/EquidistantCamera.cc:642:39:[m[K [01;35m[Kwarning: [m[Kimplicitly-declared ‘[01m[Kcamodocal::EquidistantCamera::Parameters::Parameters(const camodocal::EquidistantCamera::Parameters&)[m[K’ is deprecated [[01;35m[K-Wdeprecated-copy[m[K]
[0.710s]   642 |     Parameters params = getParameters([01;35m[K)[m[K;
[0.710s]       |                                       [01;35m[K^[m[K
[0.710s] [01m[K/home/deathstroke/vins-fusion-ros2/src/VINS-Fusion-ROS2-humble-arm/camera_models/src/camera_models/EquidistantCamera.cc:209:1:[m[K [01;36m[Knote: [m[Kbecause ‘[01m[Kcamodocal::EquidistantCamera::Parameters[m[K’ has user-provided ‘[01m[Kcamodocal::EquidistantCamera::Parameters& camodocal::EquidistantCamera::Parameters::operator=(const camodocal::EquidistantCamera::Parameters&)[m[K’
[0.710s]   209 | [01;36m[KEquidistantCamera[m[K::Parameters::operator=(const EquidistantCamera::Parameters& other)
[0.710s]       | [01;36m[K^~~~~~~~~~~~~~~~~[m[K
[0.723s] In file included from [01m[K/home/deathstroke/vins-fusion-ros2/src/VINS-Fusion-ROS2-humble-arm/camera_models/src/camera_models/CostFunctionFactory.cc:6[m[K:
[0.723s] [01m[K/home/deathstroke/vins-fusion-ros2/src/VINS-Fusion-ROS2-humble-arm/camera_models/include/camodocal/camera_models/PinholeFullCamera.h:[m[K In member function ‘[01m[Kvoid camodocal::PinholeFullCamera::setInitIntrinsics(const std::vector<std::vector<cv::Point3_<float> > >&, const std::vector<std::vector<cv::Point_<float> > >&)[m[K’:
[0.723s] [01m[K/home/deathstroke/vins-fusion-ros2/src/VINS-Fusion-ROS2-humble-arm/camera_models/include/camodocal/camera_models/PinholeFullCamera.h:126:44:[m[K [01;35m[Kwarning: [m[Kimplicitly-declared ‘[01m[Kcamodocal::PinholeFullCamera::Parameters::Parameters(const camodocal::PinholeFullCamera::Parameters&)[m[K’ is deprecated [[01;35m[K-Wdeprecated-copy[m[K]
[0.723s]   126 |         Parameters params = getParameters( [01;35m[K)[m[K;
[0.723s]       |                                            [01;35m[K^[m[K
[0.723s] [01m[K/home/deathstroke/vins-fusion-ros2/src/VINS-Fusion-ROS2-humble-arm/camera_models/include/camodocal/camera_models/PinholeFullCamera.h:66:21:[m[K [01;36m[Knote: [m[Kbecause ‘[01m[Kcamodocal::PinholeFullCamera::Parameters[m[K’ has user-provided ‘[01m[Kcamodocal::PinholeFullCamera::Parameters& camodocal::PinholeFullCamera::Parameters::operator=(const camodocal::PinholeFullCamera::Parameters&)[m[K’
[0.723s]    66 |         Parameters& [01;36m[Koperator[m[K=( const Parameters& other );
[0.723s]       |                     [01;36m[K^~~~~~~~[m[K
[0.775s] In file included from [01m[K/home/deathstroke/vins-fusion-ros2/src/VINS-Fusion-ROS2-humble-arm/camera_models/src/camera_models/PinholeFullCamera.cc:1[m[K:
[0.775s] [01m[K/home/deathstroke/vins-fusion-ros2/src/VINS-Fusion-ROS2-humble-arm/camera_models/include/camodocal/camera_models/PinholeFullCamera.h:[m[K In member function ‘[01m[Kvoid camodocal::PinholeFullCamera::setInitIntrinsics(const std::vector<std::vector<cv::Point3_<float> > >&, const std::vector<std::vector<cv::Point_<float> > >&)[m[K’:
[0.775s] [01m[K/home/deathstroke/vins-fusion-ros2/src/VINS-Fusion-ROS2-humble-arm/camera_models/include/camodocal/camera_models/PinholeFullCamera.h:126:44:[m[K [01;35m[Kwarning: [m[Kimplicitly-declared ‘[01m[Kcamodocal::PinholeFullCamera::Parameters::Parameters(const camodocal::PinholeFullCamera::Parameters&)[m[K’ is deprecated [[01;35m[K-Wdeprecated-copy[m[K]
[0.775s]   126 |         Parameters params = getParameters( [01;35m[K)[m[K;
[0.775s]       |                                            [01;35m[K^[m[K
[0.775s] [01m[K/home/deathstroke/vins-fusion-ros2/src/VINS-Fusion-ROS2-humble-arm/camera_models/include/camodocal/camera_models/PinholeFullCamera.h:66:21:[m[K [01;36m[Knote: [m[Kbecause ‘[01m[Kcamodocal::PinholeFullCamera::Parameters[m[K’ has user-provided ‘[01m[Kcamodocal::PinholeFullCamera::Parameters& camodocal::PinholeFullCamera::Parameters::operator=(const camodocal::PinholeFullCamera::Parameters&)[m[K’
[0.775s]    66 |         Parameters& [01;36m[Koperator[m[K=( const Parameters& other );
[0.775s]       |                     [01;36m[K^~~~~~~~[m[K
[0.775s] [01m[K/home/deathstroke/vins-fusion-ros2/src/VINS-Fusion-ROS2-humble-arm/camera_models/src/camera_models/PinholeFullCamera.cc:[m[K In constructor ‘[01m[Kcamodocal::PinholeFullCamera::PinholeFullCamera(const camodocal::PinholeFullCamera::Parameters&)[m[K’:
[0.775s] [01m[K/home/deathstroke/vins-fusion-ros2/src/VINS-Fusion-ROS2-humble-arm/camera_models/src/camera_models/PinholeFullCamera.cc:381:3:[m[K [01;35m[Kwarning: [m[Kimplicitly-declared ‘[01m[Kcamodocal::PinholeFullCamera::Parameters::Parameters(const camodocal::PinholeFullCamera::Parameters&)[m[K’ is deprecated [[01;35m[K-Wdeprecated-copy[m[K]
[0.775s]   381 | : [01;35m[KmParameters( params )[m[K
[0.775s]       |   [01;35m[K^~~~~~~~~~~~~~~~~~~~~[m[K
[0.775s] [01m[K/home/deathstroke/vins-fusion-ros2/src/VINS-Fusion-ROS2-humble-arm/camera_models/src/camera_models/PinholeFullCamera.cc:280:1:[m[K [01;36m[Knote: [m[Kbecause ‘[01m[Kcamodocal::PinholeFullCamera::Parameters[m[K’ has user-provided ‘[01m[Kcamodocal::PinholeFullCamera::Parameters& camodocal::PinholeFullCamera::Parameters::operator=(const camodocal::PinholeFullCamera::Parameters&)[m[K’
[0.775s]   280 | [01;36m[KPinholeFullCamera[m[K::Parameters::operator=( const PinholeFullCamera::Parameters& other )
[0.775s]       | [01;36m[K^~~~~~~~~~~~~~~~~[m[K
[0.775s] [01m[K/home/deathstroke/vins-fusion-ros2/src/VINS-Fusion-ROS2-humble-arm/camera_models/src/camera_models/PinholeFullCamera.cc:[m[K In member function ‘[01m[Kvirtual void camodocal::PinholeFullCamera::estimateIntrinsics(const Size&, const std::vector<std::vector<cv::Point3_<float> > >&, const std::vector<std::vector<cv::Point_<float> > >&)[m[K’:
[0.775s] [01m[K/home/deathstroke/vins-fusion-ros2/src/VINS-Fusion-ROS2-humble-arm/camera_models/src/camera_models/PinholeFullCamera.cc:431:40:[m[K [01;35m[Kwarning: [m[Kimplicitly-declared ‘[01m[Kcamodocal::PinholeFullCamera::Parameters::Parameters(const camodocal::PinholeFullCamera::Parameters&)[m[K’ is deprecated [[01;35m[K-Wdeprecated-copy[m[K]
[0.775s]   431 |     Parameters params = getParameters( [01;35m[K)[m[K;
[0.775s]       |                                        [01;35m[K^[m[K
[0.775s] [01m[K/home/deathstroke/vins-fusion-ros2/src/VINS-Fusion-ROS2-humble-arm/camera_models/src/camera_models/PinholeFullCamera.cc:280:1:[m[K [01;36m[Knote: [m[Kbecause ‘[01m[Kcamodocal::PinholeFullCamera::Parameters[m[K’ has user-provided ‘[01m[Kcamodocal::PinholeFullCamera::Parameters& camodocal::PinholeFullCamera::Parameters::operator=(const camodocal::PinholeFullCamera::Parameters&)[m[K’
[0.775s]   280 | [01;36m[KPinholeFullCamera[m[K::Parameters::operator=( const PinholeFullCamera::Parameters& other )
[0.775s]       | [01;36m[K^~~~~~~~~~~~~~~~~[m[K
[0.775s] [01m[K/home/deathstroke/vins-fusion-ros2/src/VINS-Fusion-ROS2-humble-arm/camera_models/src/camera_models/PinholeFullCamera.cc:[m[K In member function ‘[01m[Kvirtual void camodocal::PinholeFullCamera::readParameters(const std::vector<double, std::allocator<double> >&)[m[K’:
[0.775s] [01m[K/home/deathstroke/vins-fusion-ros2/src/VINS-Fusion-ROS2-humble-arm/camera_models/src/camera_models/PinholeFullCamera.cc:950:40:[m[K [01;35m[Kwarning: [m[Kimplicitly-declared ‘[01m[Kcamodocal::PinholeFullCamera::Parameters::Parameters(const camodocal::PinholeFullCamera::Parameters&)[m[K’ is deprecated [[01;35m[K-Wdeprecated-copy[m[K]
[0.776s]   950 |     Parameters params = getParameters( [01;35m[K)[m[K;
[0.776s]       |                                        [01;35m[K^[m[K
[0.776s] [01m[K/home/deathstroke/vins-fusion-ros2/src/VINS-Fusion-ROS2-humble-arm/camera_models/src/camera_models/PinholeFullCamera.cc:280:1:[m[K [01;36m[Knote: [m[Kbecause ‘[01m[Kcamodocal::PinholeFullCamera::Parameters[m[K’ has user-provided ‘[01m[Kcamodocal::PinholeFullCamera::Parameters& camodocal::PinholeFullCamera::Parameters::operator=(const camodocal::PinholeFullCamera::Parameters&)[m[K’
[0.776s]   280 | [01;36m[KPinholeFullCamera[m[K::Parameters::operator=( const PinholeFullCamera::Parameters& other )
[0.776s]       | [01;36m[K^~~~~~~~~~~~~~~~~[m[K
[0.776s] [01m[K/home/deathstroke/vins-fusion-ros2/src/VINS-Fusion-ROS2-humble-arm/camera_models/src/camera_models/PinholeFullCamera.cc:[m[K In member function ‘[01m[Kvirtual void camodocal::PinholeFullCamera::liftProjective(const Vector2d&, Eigen::Vector3d&) const[m[K’:
[0.776s] [01m[K/home/deathstroke/vins-fusion-ros2/src/VINS-Fusion-ROS2-humble-arm/camera_models/src/camera_models/PinholeFullCamera.cc:599:32:[m[K [01;35m[Kwarning: [m[K‘[01m[Kxd[m[K’ may be used uninitialized [[01;35m[K-Wmaybe-uninitialized[m[K]
[0.776s]   599 |             double x_proj = [01;35m[Kxd * fx[m[K + cx;
[0.776s]       |                             [01;35m[K~~~^~~~[m[K
[0.776s] [01m[K/home/deathstroke/vins-fusion-ros2/src/VINS-Fusion-ROS2-humble-arm/camera_models/src/camera_models/PinholeFullCamera.cc:600:32:[m[K [01;35m[Kwarning: [m[K‘[01m[Kyd[m[K’ may be used uninitialized [[01;35m[K-Wmaybe-uninitialized[m[K]
[0.776s]   600 |             double y_proj = [01;35m[Kyd * fy[m[K + cy;
[0.776s]       |                             [01;35m[K~~~^~~~[m[K
[0.776s] [01m[K/home/deathstroke/vins-fusion-ros2/src/VINS-Fusion-ROS2-humble-arm/camera_models/src/camera_models/PinholeFullCamera.cc:[m[K In member function ‘[01m[Kvoid camodocal::PinholeFullCamera::spaceToPlane(const Vector3d&, Eigen::Vector2d&, Eigen::Matrix<double, 2, 3>&) const[m[K’:
[0.776s] [01m[K/home/deathstroke/vins-fusion-ros2/src/VINS-Fusion-ROS2-humble-arm/camera_models/src/camera_models/PinholeFullCamera.cc:701:29:[m[K [01;35m[Kwarning: [m[K‘[01m[Kdxdmx[m[K’ may be used uninitialized [[01;35m[K-Wmaybe-uninitialized[m[K]
[0.776s]   701 |     inv_denom = fx * ( [01;35m[Kdudx * dxdmx[m[K + dvdx * dxdmy ); // reuse
[0.776s]       |                        [01;35m[K~~~~~^~~~~~~[m[K
[0.776s] [01m[K/home/deathstroke/vins-fusion-ros2/src/VINS-Fusion-ROS2-humble-arm/camera_models/src/camera_models/PinholeFullCamera.cc:701:44:[m[K [01;35m[Kwarning: [m[K‘[01m[Kdxdmy[m[K’ may be used uninitialized [[01;35m[K-Wmaybe-uninitialized[m[K]
[0.777s]   701 |     inv_denom = fx * ( dudx * dxdmx + [01;35m[Kdvdx * dxdmy[m[K ); // reuse
[0.777s]       |                                       [01;35m[K~~~~~^~~~~~~[m[K
[0.777s] [01m[K/home/deathstroke/vins-fusion-ros2/src/VINS-Fusion-ROS2-humble-arm/camera_models/src/camera_models/PinholeFullCamera.cc:702:29:[m[K [01;35m[Kwarning: [m[K‘[01m[Kdydmx[m[K’ may be used uninitialized [[01;35m[K-Wmaybe-uninitialized[m[K]
[0.777s]   702 |     dvdx      = fy * ( [01;35m[Kdudx * dydmx[m[K + dvdx * dydmy );
[0.777s]       |                        [01;35m[K~~~~~^~~~~~~[m[K
[0.777s] [01m[K/home/deathstroke/vins-fusion-ros2/src/VINS-Fusion-ROS2-humble-arm/camera_models/src/camera_models/PinholeFullCamera.cc:702:44:[m[K [01;35m[Kwarning: [m[K‘[01m[Kdydmy[m[K’ may be used uninitialized [[01;35m[K-Wmaybe-uninitialized[m[K]
[0.777s]   702 |     dvdx      = fy * ( dudx * dydmx + [01;35m[Kdvdx * dydmy[m[K );
[0.777s]       |                                       [01;35m[K~~~~~^~~~~~~[m[K
[0.780s] In file included from [01m[K/home/deathstroke/vins-fusion-ros2/src/VINS-Fusion-ROS2-humble-arm/camera_models/src/calib/CameraCalibration.cc:15[m[K:
[0.781s] [01m[K/home/deathstroke/vins-fusion-ros2/src/VINS-Fusion-ROS2-humble-arm/camera_models/include/camodocal/sparse_graph/Transform.h:22:5:[m[K [01;35m[Kwarning: [m[Ktype qualifiers ignored on function return type [[01;35m[K-Wignored-qualifiers[m[K]
[0.781s]    22 |     [01;35m[Kconst[m[K double* const rotationData(void) const;
[0.781s]       |     [01;35m[K^~~~~[m[K
[0.781s] [01m[K/home/deathstroke/vins-fusion-ros2/src/VINS-Fusion-ROS2-humble-arm/camera_models/include/camodocal/sparse_graph/Transform.h:27:5:[m[K [01;35m[Kwarning: [m[Ktype qualifiers ignored on function return type [[01;35m[K-Wignored-qualifiers[m[K]
[0.781s]    27 |     [01;35m[Kconst[m[K double* const translationData(void) const;
[0.781s]       |     [01;35m[K^~~~~[m[K
[0.781s] [01m[K/home/deathstroke/vins-fusion-ros2/src/VINS-Fusion-ROS2-humble-arm/camera_models/src/calib/CameraCalibration.cc:[m[K In member function ‘[01m[Kvoid camodocal::CameraCalibration::optimize(camodocal::CameraPtr&, std::vector<cv::Mat>&, std::vector<cv::Mat>&) const[m[K’:
[0.781s] [01m[K/home/deathstroke/vins-fusion-ros2/src/VINS-Fusion-ROS2-humble-arm/camera_models/src/calib/CameraCalibration.cc:507:39:[m[K [01;35m[Kwarning: [m[K‘[01m[KLocalParameterization[m[K’ is deprecated: LocalParameterizations will be removed from the Ceres Solver API in version 2.2.0. Use Manifolds instead. [[01;35m[K-Wdeprecated-declarations[m[K]
[0.781s]   507 |         ceres::LocalParameterization* [01;35m[KquaternionParameterization[m[K =
[0.781s]       |                                       [01;35m[K^~~~~~~~~~~~~~~~~~~~~~~~~~[m[K
[0.781s] In file included from [01m[K/home/deathstroke/vins-fusion-ros2/src/VINS-Fusion-ROS2-humble-arm/camera_models/include/camodocal/gpl/EigenQuaternionParameterization.h:4[m[K,
[0.781s]                  from [01m[K/home/deathstroke/vins-fusion-ros2/src/VINS-Fusion-ROS2-humble-arm/camera_models/src/calib/CameraCalibration.cc:16[m[K:
[0.781s] [01m[K/usr/local/include/ceres/local_parameterization.h:121:18:[m[K [01;36m[Knote: [m[Kdeclared here
[0.781s]   121 |     CERES_EXPORT [01;36m[KLocalParameterization[m[K {
[0.781s]       |                  [01;36m[K^~~~~~~~~~~~~~~~~~~~~[m[K
[0.781s] [01m[K/home/deathstroke/vins-fusion-ros2/src/VINS-Fusion-ROS2-humble-arm/camera_models/src/calib/CameraCalibration.cc:510:36:[m[K [01;35m[Kwarning: [m[K‘[01m[Kvoid ceres::Problem::SetParameterization(double*, ceres::LocalParameterization*)[m[K’ is deprecated: LocalParameterizations are deprecated. Use SetManifold instead. [[01;35m[K-Wdeprecated-declarations[m[K]
[0.781s]   510 |         [01;35m[Kproblem.SetParameterization(transformVec.at(i).rotationData(),[m[K
[0.781s]       |         [01;35m[K~~~~~~~~~~~~~~~~~~~~~~~~~~~^~~~~~~~~~~~~~~~~~~~~~~~~~~~~~~~~~~[m[K
[0.782s]   511 | [01;35m[K                                    quaternionParameterization)[m[K;
[0.782s]       |                                     [01;35m[K~~~~~~~~~~~~~~~~~~~~~~~~~~~[m[K
[0.782s] In file included from [01m[K/usr/local/include/ceres/ceres.h:66[m[K,
[0.782s]                  from [01m[K/home/deathstroke/vins-fusion-ros2/src/VINS-Fusion-ROS2-humble-arm/camera_models/src/calib/CameraCalibration.cc:20[m[K:
[0.782s] [01m[K/usr/local/include/ceres/problem.h:395:8:[m[K [01;36m[Knote: [m[Kdeclared here
[0.782s]   395 |   void [01;36m[KSetParameterization[m[K(double* values,
[0.782s]       |        [01;36m[K^~~~~~~~~~~~~~~~~~~[m[K
[0.789s] [01m[K/home/deathstroke/vins-fusion-ros2/src/VINS-Fusion-ROS2-humble-arm/camera_models/src/camera_models/CataCamera.cc:[m[K In constructor ‘[01m[Kcamodocal::CataCamera::CataCamera(const camodocal::CataCamera::Parameters&)[m[K’:
[0.790s] [01m[K/home/deathstroke/vins-fusion-ros2/src/VINS-Fusion-ROS2-humble-arm/camera_models/src/camera_models/CataCamera.cc:327:4:[m[K [01;35m[Kwarning: [m[Kimplicitly-declared ‘[01m[Kcamodocal::CataCamera::Parameters::Parameters(const camodocal::CataCamera::Parameters&)[m[K’ is deprecated [[01;35m[K-Wdeprecated-copy[m[K]
[0.790s]   327 |  : [01;35m[KmParameters(params)[m[K
[0.790s]       |    [01;35m[K^~~~~~~~~~~~~~~~~~~[m[K
[0.790s] [01m[K/home/deathstroke/vins-fusion-ros2/src/VINS-Fusion-ROS2-humble-arm/camera_models/src/camera_models/CataCamera.cc:237:1:[m[K [01;36m[Knote: [m[Kbecause ‘[01m[Kcamodocal::CataCamera::Parameters[m[K’ has user-provided ‘[01m[Kcamodocal::CataCamera::Parameters& camodocal::CataCamera::Parameters::operator=(const camodocal::CataCamera::Parameters&)[m[K’
[0.790s]   237 | [01;36m[KCataCamera[m[K::Parameters::operator=(const CataCamera::Parameters& other)
[0.790s]       | [01;36m[K^~~~~~~~~~[m[K
[0.790s] [01m[K/home/deathstroke/vins-fusion-ros2/src/VINS-Fusion-ROS2-humble-arm/camera_models/src/camera_models/CataCamera.cc:[m[K In member function ‘[01m[Kvirtual void camodocal::CataCamera::estimateIntrinsics(const Size&, const std::vector<std::vector<cv::Point3_<float> > >&, const std::vector<std::vector<cv::Point_<float> > >&)[m[K’:
[0.790s] [01m[K/home/deathstroke/vins-fusion-ros2/src/VINS-Fusion-ROS2-humble-arm/camera_models/src/camera_models/CataCamera.cc:377:39:[m[K [01;35m[Kwarning: [m[Kimplicitly-declared ‘[01m[Kcamodocal::CataCamera::Parameters::Parameters(const camodocal::CataCamera::Parameters&)[m[K’ is deprecated [[01;35m[K-Wdeprecated-copy[m[K]
[0.790s]   377 |     Parameters params = getParameters([01;35m[K)[m[K;
[0.790s]       |                                       [01;35m[K^[m[K
[0.790s] [01m[K/home/deathstroke/vins-fusion-ros2/src/VINS-Fusion-ROS2-humble-arm/camera_models/src/camera_models/CataCamera.cc:237:1:[m[K [01;36m[Knote: [m[Kbecause ‘[01m[Kcamodocal::CataCamera::Parameters[m[K’ has user-provided ‘[01m[Kcamodocal::CataCamera::Parameters& camodocal::CataCamera::Parameters::operator=(const camodocal::CataCamera::Parameters&)[m[K’
[0.790s]   237 | [01;36m[KCataCamera[m[K::Parameters::operator=(const CataCamera::Parameters& other)
[0.790s]       | [01;36m[K^~~~~~~~~~[m[K
[0.790s] [01m[K/home/deathstroke/vins-fusion-ros2/src/VINS-Fusion-ROS2-humble-arm/camera_models/src/camera_models/CataCamera.cc:[m[K In member function ‘[01m[Kvirtual void camodocal::CataCamera::readParameters(const std::vector<double, std::allocator<double> >&)[m[K’:
[0.790s] [01m[K/home/deathstroke/vins-fusion-ros2/src/VINS-Fusion-ROS2-humble-arm/camera_models/src/camera_models/CataCamera.cc:960:39:[m[K [01;35m[Kwarning: [m[Kimplicitly-declared ‘[01m[Kcamodocal::CataCamera::Parameters::Parameters(const camodocal::CataCamera::Parameters&)[m[K’ is deprecated [[01;35m[K-Wdeprecated-copy[m[K]
[0.790s]   960 |     Parameters params = getParameters([01;35m[K)[m[K;
[0.790s]       |                                       [01;35m[K^[m[K
[0.790s] [01m[K/home/deathstroke/vins-fusion-ros2/src/VINS-Fusion-ROS2-humble-arm/camera_models/src/camera_models/CataCamera.cc:237:1:[m[K [01;36m[Knote: [m[Kbecause ‘[01m[Kcamodocal::CataCamera::Parameters[m[K’ has user-provided ‘[01m[Kcamodocal::CataCamera::Parameters& camodocal::CataCamera::Parameters::operator=(const camodocal::CataCamera::Parameters&)[m[K’
[0.790s]   237 | [01;36m[KCataCamera[m[K::Parameters::operator=(const CataCamera::Parameters& other)
[0.790s]       | [01;36m[K^~~~~~~~~~[m[K
[0.806s] [01m[K/home/deathstroke/vins-fusion-ros2/src/VINS-Fusion-ROS2-humble-arm/camera_models/src/camera_models/EquidistantCamera.cc:[m[K In constructor ‘[01m[Kcamodocal::EquidistantCamera::EquidistantCamera(const camodocal::EquidistantCamera::Parameters&)[m[K’:
[0.806s] [01m[K/home/deathstroke/vins-fusion-ros2/src/VINS-Fusion-ROS2-humble-arm/camera_models/src/camera_models/EquidistantCamera.cc:278:4:[m[K [01;35m[Kwarning: [m[Kimplicitly-declared ‘[01m[Kcamodocal::EquidistantCamera::Parameters::Parameters(const camodocal::EquidistantCamera::Parameters&)[m[K’ is deprecated [[01;35m[K-Wdeprecated-copy[m[K]
[0.806s]   278 |  : [01;35m[KmParameters(params)[m[K
[0.806s]       |    [01;35m[K^~~~~~~~~~~~~~~~~~~[m[K
[0.806s] [01m[K/home/deathstroke/vins-fusion-ros2/src/VINS-Fusion-ROS2-humble-arm/camera_models/src/camera_models/EquidistantCamera.cc:209:1:[m[K [01;36m[Knote: [m[Kbecause ‘[01m[Kcamodocal::EquidistantCamera::Parameters[m[K’ has user-provided ‘[01m[Kcamodocal::EquidistantCamera::Parameters& camodocal::EquidistantCamera::Parameters::operator=(const camodocal::EquidistantCamera::Parameters&)[m[K’
[0.806s]   209 | [01;36m[KEquidistantCamera[m[K::Parameters::operator=(const EquidistantCamera::Parameters& other)
[0.806s]       | [01;36m[K^~~~~~~~~~~~~~~~~[m[K
[0.806s] [01m[K/home/deathstroke/vins-fusion-ros2/src/VINS-Fusion-ROS2-humble-arm/camera_models/src/camera_models/EquidistantCamera.cc:[m[K In member function ‘[01m[Kvirtual void camodocal::EquidistantCamera::estimateIntrinsics(const Size&, const std::vector<std::vector<cv::Point3_<float> > >&, const std::vector<std::vector<cv::Point_<float> > >&)[m[K’:
[0.806s] [01m[K/home/deathstroke/vins-fusion-ros2/src/VINS-Fusion-ROS2-humble-arm/camera_models/src/camera_models/EquidistantCamera.cc:316:39:[m[K [01;35m[Kwarning: [m[Kimplicitly-declared ‘[01m[Kcamodocal::EquidistantCamera::Parameters::Parameters(const camodocal::EquidistantCamera::Parameters&)[m[K’ is deprecated [[01;35m[K-Wdeprecated-copy[m[K]
[0.806s]   316 |     Parameters params = getParameters([01;35m[K)[m[K;
[0.806s]       |                                       [01;35m[K^[m[K
[0.806s] [01m[K/home/deathstroke/vins-fusion-ros2/src/VINS-Fusion-ROS2-humble-arm/camera_models/src/camera_models/EquidistantCamera.cc:209:1:[m[K [01;36m[Knote: [m[Kbecause ‘[01m[Kcamodocal::EquidistantCamera::Parameters[m[K’ has user-provided ‘[01m[Kcamodocal::EquidistantCamera::Parameters& camodocal::EquidistantCamera::Parameters::operator=(const camodocal::EquidistantCamera::Parameters&)[m[K’
[0.806s]   209 | [01;36m[KEquidistantCamera[m[K::Parameters::operator=(const EquidistantCamera::Parameters& other)
[0.806s]       | [01;36m[K^~~~~~~~~~~~~~~~~[m[K
[0.806s] [01m[K/home/deathstroke/vins-fusion-ros2/src/VINS-Fusion-ROS2-humble-arm/camera_models/src/camera_models/EquidistantCamera.cc:345:16:[m[K [01;35m[Kwarning: [m[KISO C++ forbids variable length array ‘[01m[Kradius[m[K’ [[01;35m[K-Wvla[m[K]
[0.806s]   345 |         double [01;35m[Kradius[m[K[boardSize.height];
[0.806s]       |                [01;35m[K^~~~~~[m[K
[0.806s] [01m[K/home/deathstroke/vins-fusion-ros2/src/VINS-Fusion-ROS2-humble-arm/camera_models/src/camera_models/EquidistantCamera.cc:[m[K In member function ‘[01m[Kvirtual void camodocal::EquidistantCamera::readParameters(const std::vector<double, std::allocator<double> >&)[m[K’:
[0.807s] [01m[K/home/deathstroke/vins-fusion-ros2/src/VINS-Fusion-ROS2-humble-arm/camera_models/src/camera_models/EquidistantCamera.cc:637:29:[m[K [01;35m[Kwarning: [m[Kcomparison of integer expressions of different signedness: ‘[01m[Kstd::vector<double, std::allocator<double> >::size_type[m[K’ {aka ‘[01m[Klong unsigned int[m[K’} and ‘[01m[Kint[m[K’ [[01;35m[K-Wsign-compare[m[K]
[0.807s]   637 |     if ([01;35m[KparameterVec.size() != parameterCount()[m[K)
[0.807s]       |         [01;35m[K~~~~~~~~~~~~~~~~~~~~^~~~~~~~~~~~~~~~~~~[m[K
[0.807s] [01m[K/home/deathstroke/vins-fusion-ros2/src/VINS-Fusion-ROS2-humble-arm/camera_models/src/camera_models/EquidistantCamera.cc:642:39:[m[K [01;35m[Kwarning: [m[Kimplicitly-declared ‘[01m[Kcamodocal::EquidistantCamera::Parameters::Parameters(const camodocal::EquidistantCamera::Parameters&)[m[K’ is deprecated [[01;35m[K-Wdeprecated-copy[m[K]
[0.807s]   642 |     Parameters params = getParameters([01;35m[K)[m[K;
[0.807s]       |                                       [01;35m[K^[m[K
[0.807s] [01m[K/home/deathstroke/vins-fusion-ros2/src/VINS-Fusion-ROS2-humble-arm/camera_models/src/camera_models/EquidistantCamera.cc:209:1:[m[K [01;36m[Knote: [m[Kbecause ‘[01m[Kcamodocal::EquidistantCamera::Parameters[m[K’ has user-provided ‘[01m[Kcamodocal::EquidistantCamera::Parameters& camodocal::EquidistantCamera::Parameters::operator=(const camodocal::EquidistantCamera::Parameters&)[m[K’
[0.807s]   209 | [01;36m[KEquidistantCamera[m[K::Parameters::operator=(const EquidistantCamera::Parameters& other)
[0.807s]       | [01;36m[K^~~~~~~~~~~~~~~~~[m[K
[0.814s] In file included from [01m[K/home/deathstroke/vins-fusion-ros2/src/VINS-Fusion-ROS2-humble-arm/camera_models/src/camera_models/PinholeFullCamera.cc:1[m[K:
[0.815s] [01m[K/home/deathstroke/vins-fusion-ros2/src/VINS-Fusion-ROS2-humble-arm/camera_models/include/camodocal/camera_models/PinholeFullCamera.h:[m[K In member function ‘[01m[Kvoid camodocal::PinholeFullCamera::setInitIntrinsics(const std::vector<std::vector<cv::Point3_<float> > >&, const std::vector<std::vector<cv::Point_<float> > >&)[m[K’:
[0.815s] [01m[K/home/deathstroke/vins-fusion-ros2/src/VINS-Fusion-ROS2-humble-arm/camera_models/include/camodocal/camera_models/PinholeFullCamera.h:126:44:[m[K [01;35m[Kwarning: [m[Kimplicitly-declared ‘[01m[Kcamodocal::PinholeFullCamera::Parameters::Parameters(const camodocal::PinholeFullCamera::Parameters&)[m[K’ is deprecated [[01;35m[K-Wdeprecated-copy[m[K]
[0.815s]   126 |         Parameters params = getParameters( [01;35m[K)[m[K;
[0.815s]       |                                            [01;35m[K^[m[K
[0.815s] [01m[K/home/deathstroke/vins-fusion-ros2/src/VINS-Fusion-ROS2-humble-arm/camera_models/include/camodocal/camera_models/PinholeFullCamera.h:66:21:[m[K [01;36m[Knote: [m[Kbecause ‘[01m[Kcamodocal::PinholeFullCamera::Parameters[m[K’ has user-provided ‘[01m[Kcamodocal::PinholeFullCamera::Parameters& camodocal::PinholeFullCamera::Parameters::operator=(const camodocal::PinholeFullCamera::Parameters&)[m[K’
[0.815s]    66 |         Parameters& [01;36m[Koperator[m[K=( const Parameters& other );
[0.815s]       |                     [01;36m[K^~~~~~~~[m[K
[0.815s] [01m[K/home/deathstroke/vins-fusion-ros2/src/VINS-Fusion-ROS2-humble-arm/camera_models/src/camera_models/PinholeFullCamera.cc:[m[K In constructor ‘[01m[Kcamodocal::PinholeFullCamera::PinholeFullCamera(const camodocal::PinholeFullCamera::Parameters&)[m[K’:
[0.815s] [01m[K/home/deathstroke/vins-fusion-ros2/src/VINS-Fusion-ROS2-humble-arm/camera_models/src/camera_models/PinholeFullCamera.cc:381:3:[m[K [01;35m[Kwarning: [m[Kimplicitly-declared ‘[01m[Kcamodocal::PinholeFullCamera::Parameters::Parameters(const camodocal::PinholeFullCamera::Parameters&)[m[K’ is deprecated [[01;35m[K-Wdeprecated-copy[m[K]
[0.815s]   381 | : [01;35m[KmParameters( params )[m[K
[0.815s]       |   [01;35m[K^~~~~~~~~~~~~~~~~~~~~[m[K
[0.815s] [01m[K/home/deathstroke/vins-fusion-ros2/src/VINS-Fusion-ROS2-humble-arm/camera_models/src/camera_models/PinholeFullCamera.cc:280:1:[m[K [01;36m[Knote: [m[Kbecause ‘[01m[Kcamodocal::PinholeFullCamera::Parameters[m[K’ has user-provided ‘[01m[Kcamodocal::PinholeFullCamera::Parameters& camodocal::PinholeFullCamera::Parameters::operator=(const camodocal::PinholeFullCamera::Parameters&)[m[K’
[0.815s]   280 | [01;36m[KPinholeFullCamera[m[K::Parameters::operator=( const PinholeFullCamera::Parameters& other )
[0.815s]       | [01;36m[K^~~~~~~~~~~~~~~~~[m[K
[0.815s] [01m[K/home/deathstroke/vins-fusion-ros2/src/VINS-Fusion-ROS2-humble-arm/camera_models/src/camera_models/PinholeFullCamera.cc:[m[K In member function ‘[01m[Kvirtual void camodocal::PinholeFullCamera::estimateIntrinsics(const Size&, const std::vector<std::vector<cv::Point3_<float> > >&, const std::vector<std::vector<cv::Point_<float> > >&)[m[K’:
[0.815s] [01m[K/home/deathstroke/vins-fusion-ros2/src/VINS-Fusion-ROS2-humble-arm/camera_models/src/camera_models/PinholeFullCamera.cc:431:40:[m[K [01;35m[Kwarning: [m[Kimplicitly-declared ‘[01m[Kcamodocal::PinholeFullCamera::Parameters::Parameters(const camodocal::PinholeFullCamera::Parameters&)[m[K’ is deprecated [[01;35m[K-Wdeprecated-copy[m[K]
[0.815s]   431 |     Parameters params = getParameters( [01;35m[K)[m[K;
[0.815s]       |                                        [01;35m[K^[m[K
[0.815s] [01m[K/home/deathstroke/vins-fusion-ros2/src/VINS-Fusion-ROS2-humble-arm/camera_models/src/camera_models/PinholeFullCamera.cc:280:1:[m[K [01;36m[Knote: [m[Kbecause ‘[01m[Kcamodocal::PinholeFullCamera::Parameters[m[K’ has user-provided ‘[01m[Kcamodocal::PinholeFullCamera::Parameters& camodocal::PinholeFullCamera::Parameters::operator=(const camodocal::PinholeFullCamera::Parameters&)[m[K’
[0.815s]   280 | [01;36m[KPinholeFullCamera[m[K::Parameters::operator=( const PinholeFullCamera::Parameters& other )
[0.815s]       | [01;36m[K^~~~~~~~~~~~~~~~~[m[K
[0.815s] [01m[K/home/deathstroke/vins-fusion-ros2/src/VINS-Fusion-ROS2-humble-arm/camera_models/src/camera_models/PinholeFullCamera.cc:[m[K In member function ‘[01m[Kvirtual void camodocal::PinholeFullCamera::readParameters(const std::vector<double, std::allocator<double> >&)[m[K’:
[0.815s] [01m[K/home/deathstroke/vins-fusion-ros2/src/VINS-Fusion-ROS2-humble-arm/camera_models/src/camera_models/PinholeFullCamera.cc:950:40:[m[K [01;35m[Kwarning: [m[Kimplicitly-declared ‘[01m[Kcamodocal::PinholeFullCamera::Parameters::Parameters(const camodocal::PinholeFullCamera::Parameters&)[m[K’ is deprecated [[01;35m[K-Wdeprecated-copy[m[K]
[0.815s]   950 |     Parameters params = getParameters( [01;35m[K)[m[K;
[0.815s]       |                                        [01;35m[K^[m[K
[0.815s] [01m[K/home/deathstroke/vins-fusion-ros2/src/VINS-Fusion-ROS2-humble-arm/camera_models/src/camera_models/PinholeFullCamera.cc:280:1:[m[K [01;36m[Knote: [m[Kbecause ‘[01m[Kcamodocal::PinholeFullCamera::Parameters[m[K’ has user-provided ‘[01m[Kcamodocal::PinholeFullCamera::Parameters& camodocal::PinholeFullCamera::Parameters::operator=(const camodocal::PinholeFullCamera::Parameters&)[m[K’
[0.816s]   280 | [01;36m[KPinholeFullCamera[m[K::Parameters::operator=( const PinholeFullCamera::Parameters& other )
[0.816s]       | [01;36m[K^~~~~~~~~~~~~~~~~[m[K
[0.816s] [01m[K/home/deathstroke/vins-fusion-ros2/src/VINS-Fusion-ROS2-humble-arm/camera_models/src/camera_models/PinholeFullCamera.cc:[m[K In member function ‘[01m[Kvirtual void camodocal::PinholeFullCamera::liftProjective(const Vector2d&, Eigen::Vector3d&) const[m[K’:
[0.816s] [01m[K/home/deathstroke/vins-fusion-ros2/src/VINS-Fusion-ROS2-humble-arm/camera_models/src/camera_models/PinholeFullCamera.cc:599:32:[m[K [01;35m[Kwarning: [m[K‘[01m[Kxd[m[K’ may be used uninitialized [[01;35m[K-Wmaybe-uninitialized[m[K]
[0.816s]   599 |             double x_proj = [01;35m[Kxd * fx[m[K + cx;
[0.816s]       |                             [01;35m[K~~~^~~~[m[K
[0.816s] [01m[K/home/deathstroke/vins-fusion-ros2/src/VINS-Fusion-ROS2-humble-arm/camera_models/src/camera_models/PinholeFullCamera.cc:600:32:[m[K [01;35m[Kwarning: [m[K‘[01m[Kyd[m[K’ may be used uninitialized [[01;35m[K-Wmaybe-uninitialized[m[K]
[0.816s]   600 |             double y_proj = [01;35m[Kyd * fy[m[K + cy;
[0.816s]       |                             [01;35m[K~~~^~~~[m[K
[0.816s] [01m[K/home/deathstroke/vins-fusion-ros2/src/VINS-Fusion-ROS2-humble-arm/camera_models/src/camera_models/PinholeFullCamera.cc:[m[K In member function ‘[01m[Kvoid camodocal::PinholeFullCamera::spaceToPlane(const Vector3d&, Eigen::Vector2d&, Eigen::Matrix<double, 2, 3>&) const[m[K’:
[0.816s] [01m[K/home/deathstroke/vins-fusion-ros2/src/VINS-Fusion-ROS2-humble-arm/camera_models/src/camera_models/PinholeFullCamera.cc:701:29:[m[K [01;35m[Kwarning: [m[K‘[01m[Kdxdmx[m[K’ may be used uninitialized [[01;35m[K-Wmaybe-uninitialized[m[K]
[0.816s]   701 |     inv_denom = fx * ( [01;35m[Kdudx * dxdmx[m[K + dvdx * dxdmy ); // reuse
[0.816s]       |                        [01;35m[K~~~~~^~~~~~~[m[K
[0.816s] [01m[K/home/deathstroke/vins-fusion-ros2/src/VINS-Fusion-ROS2-humble-arm/camera_models/src/camera_models/PinholeFullCamera.cc:701:44:[m[K [01;35m[Kwarning: [m[K‘[01m[Kdxdmy[m[K’ may be used uninitialized [[01;35m[K-Wmaybe-uninitialized[m[K]
[0.816s]   701 |     inv_denom = fx * ( dudx * dxdmx + [01;35m[Kdvdx * dxdmy[m[K ); // reuse
[0.816s]       |                                       [01;35m[K~~~~~^~~~~~~[m[K
[0.816s] [01m[K/home/deathstroke/vins-fusion-ros2/src/VINS-Fusion-ROS2-humble-arm/camera_models/src/camera_models/PinholeFullCamera.cc:702:29:[m[K [01;35m[Kwarning: [m[K‘[01m[Kdydmx[m[K’ may be used uninitialized [[01;35m[K-Wmaybe-uninitialized[m[K]
[0.816s]   702 |     dvdx      = fy * ( [01;35m[Kdudx * dydmx[m[K + dvdx * dydmy );
[0.816s]       |                        [01;35m[K~~~~~^~~~~~~[m[K
[0.816s] [01m[K/home/deathstroke/vins-fusion-ros2/src/VINS-Fusion-ROS2-humble-arm/camera_models/src/camera_models/PinholeFullCamera.cc:702:44:[m[K [01;35m[Kwarning: [m[K‘[01m[Kdydmy[m[K’ may be used uninitialized [[01;35m[K-Wmaybe-uninitialized[m[K]
[0.816s]   702 |     dvdx      = fy * ( dudx * dydmx + [01;35m[Kdvdx * dydmy[m[K );
[0.817s]       |                                       [01;35m[K~~~~~^~~~~~~[m[K
[0.818s] In file included from [01m[K/home/deathstroke/vins-fusion-ros2/src/VINS-Fusion-ROS2-humble-arm/camera_models/src/calib/CameraCalibration.cc:15[m[K:
[0.818s] [01m[K/home/deathstroke/vins-fusion-ros2/src/VINS-Fusion-ROS2-humble-arm/camera_models/include/camodocal/sparse_graph/Transform.h:22:5:[m[K [01;35m[Kwarning: [m[Ktype qualifiers ignored on function return type [[01;35m[K-Wignored-qualifiers[m[K]
[0.818s]    22 |     [01;35m[Kconst[m[K double* const rotationData(void) const;
[0.818s]       |     [01;35m[K^~~~~[m[K
[0.819s] [01m[K/home/deathstroke/vins-fusion-ros2/src/VINS-Fusion-ROS2-humble-arm/camera_models/include/camodocal/sparse_graph/Transform.h:27:5:[m[K [01;35m[Kwarning: [m[Ktype qualifiers ignored on function return type [[01;35m[K-Wignored-qualifiers[m[K]
[0.819s]    27 |     [01;35m[Kconst[m[K double* const translationData(void) const;
[0.819s]       |     [01;35m[K^~~~~[m[K
[0.819s] [01m[K/home/deathstroke/vins-fusion-ros2/src/VINS-Fusion-ROS2-humble-arm/camera_models/src/calib/CameraCalibration.cc:[m[K In member function ‘[01m[Kvoid camodocal::CameraCalibration::optimize(camodocal::CameraPtr&, std::vector<cv::Mat>&, std::vector<cv::Mat>&) const[m[K’:
[0.819s] [01m[K/home/deathstroke/vins-fusion-ros2/src/VINS-Fusion-ROS2-humble-arm/camera_models/src/calib/CameraCalibration.cc:507:39:[m[K [01;35m[Kwarning: [m[K‘[01m[KLocalParameterization[m[K’ is deprecated: LocalParameterizations will be removed from the Ceres Solver API in version 2.2.0. Use Manifolds instead. [[01;35m[K-Wdeprecated-declarations[m[K]
[0.819s]   507 |         ceres::LocalParameterization* [01;35m[KquaternionParameterization[m[K =
[0.819s]       |                                       [01;35m[K^~~~~~~~~~~~~~~~~~~~~~~~~~[m[K
[0.819s] In file included from [01m[K/home/deathstroke/vins-fusion-ros2/src/VINS-Fusion-ROS2-humble-arm/camera_models/include/camodocal/gpl/EigenQuaternionParameterization.h:4[m[K,
[0.819s]                  from [01m[K/home/deathstroke/vins-fusion-ros2/src/VINS-Fusion-ROS2-humble-arm/camera_models/src/calib/CameraCalibration.cc:16[m[K:
[0.819s] [01m[K/usr/local/include/ceres/local_parameterization.h:121:18:[m[K [01;36m[Knote: [m[Kdeclared here
[0.819s]   121 |     CERES_EXPORT [01;36m[KLocalParameterization[m[K {
[0.819s]       |                  [01;36m[K^~~~~~~~~~~~~~~~~~~~~[m[K
[0.819s] [01m[K/home/deathstroke/vins-fusion-ros2/src/VINS-Fusion-ROS2-humble-arm/camera_models/src/calib/CameraCalibration.cc:510:36:[m[K [01;35m[Kwarning: [m[K‘[01m[Kvoid ceres::Problem::SetParameterization(double*, ceres::LocalParameterization*)[m[K’ is deprecated: LocalParameterizations are deprecated. Use SetManifold instead. [[01;35m[K-Wdeprecated-declarations[m[K]
[0.819s]   510 |         [01;35m[Kproblem.SetParameterization(transformVec.at(i).rotationData(),[m[K
[0.819s]       |         [01;35m[K~~~~~~~~~~~~~~~~~~~~~~~~~~~^~~~~~~~~~~~~~~~~~~~~~~~~~~~~~~~~~~[m[K
[0.819s]   511 | [01;35m[K                                    quaternionParameterization)[m[K;
[0.819s]       |                                     [01;35m[K~~~~~~~~~~~~~~~~~~~~~~~~~~~[m[K
[0.819s] In file included from [01m[K/usr/local/include/ceres/ceres.h:66[m[K,
[0.819s]                  from [01m[K/home/deathstroke/vins-fusion-ros2/src/VINS-Fusion-ROS2-humble-arm/camera_models/src/calib/CameraCalibration.cc:20[m[K:
[0.819s] [01m[K/usr/local/include/ceres/problem.h:395:8:[m[K [01;36m[Knote: [m[Kdeclared here
[0.820s]   395 |   void [01;36m[KSetParameterization[m[K(double* values,
[0.820s]       |        [01;36m[K^~~~~~~~~~~~~~~~~~~[m[K
[0.860s] [01m[K/home/deathstroke/vins-fusion-ros2/src/VINS-Fusion-ROS2-humble-arm/camera_models/src/camera_models/PinholeCamera.cc:[m[K In constructor ‘[01m[Kcamodocal::PinholeCamera::PinholeCamera(const camodocal::PinholeCamera::Parameters&)[m[K’:
[0.860s] [01m[K/home/deathstroke/vins-fusion-ros2/src/VINS-Fusion-ROS2-humble-arm/camera_models/src/camera_models/PinholeCamera.cc:299:4:[m[K [01;35m[Kwarning: [m[Kimplicitly-declared ‘[01m[Kcamodocal::PinholeCamera::Parameters::Parameters(const camodocal::PinholeCamera::Parameters&)[m[K’ is deprecated [[01;35m[K-Wdeprecated-copy[m[K]
[0.860s]   299 |  : [01;35m[KmParameters(params)[m[K
[0.860s]       |    [01;35m[K^~~~~~~~~~~~~~~~~~~[m[K
[0.860s] [01m[K/home/deathstroke/vins-fusion-ros2/src/VINS-Fusion-ROS2-humble-arm/camera_models/src/camera_models/PinholeCamera.cc:214:1:[m[K [01;36m[Knote: [m[Kbecause ‘[01m[Kcamodocal::PinholeCamera::Parameters[m[K’ has user-provided ‘[01m[Kcamodocal::PinholeCamera::Parameters& camodocal::PinholeCamera::Parameters::operator=(const camodocal::PinholeCamera::Parameters&)[m[K’
[0.860s]   214 | [01;36m[KPinholeCamera[m[K::Parameters::operator=(const PinholeCamera::Parameters& other)
[0.861s]       | [01;36m[K^~~~~~~~~~~~~[m[K
[0.861s] [01m[K/home/deathstroke/vins-fusion-ros2/src/VINS-Fusion-ROS2-humble-arm/camera_models/src/camera_models/PinholeCamera.cc:[m[K In member function ‘[01m[Kvirtual void camodocal::PinholeCamera::estimateIntrinsics(const Size&, const std::vector<std::vector<cv::Point3_<float> > >&, const std::vector<std::vector<cv::Point_<float> > >&)[m[K’:
[0.861s] [01m[K/home/deathstroke/vins-fusion-ros2/src/VINS-Fusion-ROS2-humble-arm/camera_models/src/camera_models/PinholeCamera.cc:351:39:[m[K [01;35m[Kwarning: [m[Kimplicitly-declared ‘[01m[Kcamodocal::PinholeCamera::Parameters::Parameters(const camodocal::PinholeCamera::Parameters&)[m[K’ is deprecated [[01;35m[K-Wdeprecated-copy[m[K]
[0.861s]   351 |     Parameters params = getParameters([01;35m[K)[m[K;
[0.861s]       |                                       [01;35m[K^[m[K
[0.861s] [01m[K/home/deathstroke/vins-fusion-ros2/src/VINS-Fusion-ROS2-humble-arm/camera_models/src/camera_models/PinholeCamera.cc:214:1:[m[K [01;36m[Knote: [m[Kbecause ‘[01m[Kcamodocal::PinholeCamera::Parameters[m[K’ has user-provided ‘[01m[Kcamodocal::PinholeCamera::Parameters& camodocal::PinholeCamera::Parameters::operator=(const camodocal::PinholeCamera::Parameters&)[m[K’
[0.861s]   214 | [01;36m[KPinholeCamera[m[K::Parameters::operator=(const PinholeCamera::Parameters& other)
[0.861s]       | [01;36m[K^~~~~~~~~~~~~[m[K
[0.861s] [01m[K/home/deathstroke/vins-fusion-ros2/src/VINS-Fusion-ROS2-humble-arm/camera_models/src/camera_models/PinholeCamera.cc:[m[K In member function ‘[01m[Kvirtual void camodocal::PinholeCamera::readParameters(const std::vector<double, std::allocator<double> >&)[m[K’:
[0.861s] [01m[K/home/deathstroke/vins-fusion-ros2/src/VINS-Fusion-ROS2-humble-arm/camera_models/src/camera_models/PinholeCamera.cc:838:39:[m[K [01;35m[Kwarning: [m[Kimplicitly-declared ‘[01m[Kcamodocal::PinholeCamera::Parameters::Parameters(const camodocal::PinholeCamera::Parameters&)[m[K’ is deprecated [[01;35m[K-Wdeprecated-copy[m[K]
[0.861s]   838 |     Parameters params = getParameters([01;35m[K)[m[K;
[0.861s]       |                                       [01;35m[K^[m[K
[0.861s] [01m[K/home/deathstroke/vins-fusion-ros2/src/VINS-Fusion-ROS2-humble-arm/camera_models/src/camera_models/PinholeCamera.cc:214:1:[m[K [01;36m[Knote: [m[Kbecause ‘[01m[Kcamodocal::PinholeCamera::Parameters[m[K’ has user-provided ‘[01m[Kcamodocal::PinholeCamera::Parameters& camodocal::PinholeCamera::Parameters::operator=(const camodocal::PinholeCamera::Parameters&)[m[K’
[0.861s]   214 | [01;36m[KPinholeCamera[m[K::Parameters::operator=(const PinholeCamera::Parameters& other)
[0.861s]       | [01;36m[K^~~~~~~~~~~~~[m[K
[0.866s] [01m[K/home/deathstroke/vins-fusion-ros2/src/VINS-Fusion-ROS2-humble-arm/camera_models/src/camera_models/CataCamera.cc:[m[K In constructor ‘[01m[Kcamodocal::CataCamera::CataCamera(const camodocal::CataCamera::Parameters&)[m[K’:
[0.866s] [01m[K/home/deathstroke/vins-fusion-ros2/src/VINS-Fusion-ROS2-humble-arm/camera_models/src/camera_models/CataCamera.cc:327:4:[m[K [01;35m[Kwarning: [m[Kimplicitly-declared ‘[01m[Kcamodocal::CataCamera::Parameters::Parameters(const camodocal::CataCamera::Parameters&)[m[K’ is deprecated [[01;35m[K-Wdeprecated-copy[m[K]
[0.866s]   327 |  : [01;35m[KmParameters(params)[m[K
[0.866s]       |    [01;35m[K^~~~~~~~~~~~~~~~~~~[m[K
[0.866s] [01m[K/home/deathstroke/vins-fusion-ros2/src/VINS-Fusion-ROS2-humble-arm/camera_models/src/camera_models/CataCamera.cc:237:1:[m[K [01;36m[Knote: [m[Kbecause ‘[01m[Kcamodocal::CataCamera::Parameters[m[K’ has user-provided ‘[01m[Kcamodocal::CataCamera::Parameters& camodocal::CataCamera::Parameters::operator=(const camodocal::CataCamera::Parameters&)[m[K’
[0.866s]   237 | [01;36m[KCataCamera[m[K::Parameters::operator=(const CataCamera::Parameters& other)
[0.866s]       | [01;36m[K^~~~~~~~~~[m[K
[0.866s] [01m[K/home/deathstroke/vins-fusion-ros2/src/VINS-Fusion-ROS2-humble-arm/camera_models/src/camera_models/CataCamera.cc:[m[K In member function ‘[01m[Kvirtual void camodocal::CataCamera::estimateIntrinsics(const Size&, const std::vector<std::vector<cv::Point3_<float> > >&, const std::vector<std::vector<cv::Point_<float> > >&)[m[K’:
[0.866s] [01m[K/home/deathstroke/vins-fusion-ros2/src/VINS-Fusion-ROS2-humble-arm/camera_models/src/camera_models/CataCamera.cc:377:39:[m[K [01;35m[Kwarning: [m[Kimplicitly-declared ‘[01m[Kcamodocal::CataCamera::Parameters::Parameters(const camodocal::CataCamera::Parameters&)[m[K’ is deprecated [[01;35m[K-Wdeprecated-copy[m[K]
[0.866s]   377 |     Parameters params = getParameters([01;35m[K)[m[K;
[0.866s]       |                                       [01;35m[K^[m[K
[0.866s] [01m[K/home/deathstroke/vins-fusion-ros2/src/VINS-Fusion-ROS2-humble-arm/camera_models/src/camera_models/CataCamera.cc:237:1:[m[K [01;36m[Knote: [m[Kbecause ‘[01m[Kcamodocal::CataCamera::Parameters[m[K’ has user-provided ‘[01m[Kcamodocal::CataCamera::Parameters& camodocal::CataCamera::Parameters::operator=(const camodocal::CataCamera::Parameters&)[m[K’
[0.867s]   237 | [01;36m[KCataCamera[m[K::Parameters::operator=(const CataCamera::Parameters& other)
[0.867s]       | [01;36m[K^~~~~~~~~~[m[K
[0.867s] [01m[K/home/deathstroke/vins-fusion-ros2/src/VINS-Fusion-ROS2-humble-arm/camera_models/src/camera_models/CataCamera.cc:[m[K In member function ‘[01m[Kvirtual void camodocal::CataCamera::readParameters(const std::vector<double, std::allocator<double> >&)[m[K’:
[0.867s] [01m[K/home/deathstroke/vins-fusion-ros2/src/VINS-Fusion-ROS2-humble-arm/camera_models/src/camera_models/CataCamera.cc:960:39:[m[K [01;35m[Kwarning: [m[Kimplicitly-declared ‘[01m[Kcamodocal::CataCamera::Parameters::Parameters(const camodocal::CataCamera::Parameters&)[m[K’ is deprecated [[01;35m[K-Wdeprecated-copy[m[K]
[0.867s]   960 |     Parameters params = getParameters([01;35m[K)[m[K;
[0.867s]       |                                       [01;35m[K^[m[K
[0.867s] [01m[K/home/deathstroke/vins-fusion-ros2/src/VINS-Fusion-ROS2-humble-arm/camera_models/src/camera_models/CataCamera.cc:237:1:[m[K [01;36m[Knote: [m[Kbecause ‘[01m[Kcamodocal::CataCamera::Parameters[m[K’ has user-provided ‘[01m[Kcamodocal::CataCamera::Parameters& camodocal::CataCamera::Parameters::operator=(const camodocal::CataCamera::Parameters&)[m[K’
[0.867s]   237 | [01;36m[KCataCamera[m[K::Parameters::operator=(const CataCamera::Parameters& other)
[0.867s]       | [01;36m[K^~~~~~~~~~[m[K
[1.056s] In file included from [01m[K/home/deathstroke/vins-fusion-ros2/src/VINS-Fusion-ROS2-humble-arm/camera_models/src/camera_models/CameraFactory.cc:8[m[K:
[1.056s] [01m[K/home/deathstroke/vins-fusion-ros2/src/VINS-Fusion-ROS2-humble-arm/camera_models/include/camodocal/camera_models/PinholeFullCamera.h:[m[K In member function ‘[01m[Kvoid camodocal::PinholeFullCamera::setInitIntrinsics(const std::vector<std::vector<cv::Point3_<float> > >&, const std::vector<std::vector<cv::Point_<float> > >&)[m[K’:
[1.057s] [01m[K/home/deathstroke/vins-fusion-ros2/src/VINS-Fusion-ROS2-humble-arm/camera_models/include/camodocal/camera_models/PinholeFullCamera.h:126:44:[m[K [01;35m[Kwarning: [m[Kimplicitly-declared ‘[01m[Kcamodocal::PinholeFullCamera::Parameters::Parameters(const camodocal::PinholeFullCamera::Parameters&)[m[K’ is deprecated [[01;35m[K-Wdeprecated-copy[m[K]
[1.057s]   126 |         Parameters params = getParameters( [01;35m[K)[m[K;
[1.057s]       |                                            [01;35m[K^[m[K
[1.057s] [01m[K/home/deathstroke/vins-fusion-ros2/src/VINS-Fusion-ROS2-humble-arm/camera_models/include/camodocal/camera_models/PinholeFullCamera.h:66:21:[m[K [01;36m[Knote: [m[Kbecause ‘[01m[Kcamodocal::PinholeFullCamera::Parameters[m[K’ has user-provided ‘[01m[Kcamodocal::PinholeFullCamera::Parameters& camodocal::PinholeFullCamera::Parameters::operator=(const camodocal::PinholeFullCamera::Parameters&)[m[K’
[1.057s]    66 |         Parameters& [01;36m[Koperator[m[K=( const Parameters& other );
[1.057s]       |                     [01;36m[K^~~~~~~~[m[K
[1.057s] [01m[K/home/deathstroke/vins-fusion-ros2/src/VINS-Fusion-ROS2-humble-arm/camera_models/src/camera_models/CameraFactory.cc:[m[K In member function ‘[01m[Kcamodocal::CameraPtr camodocal::CameraFactory::generateCamera(camodocal::Camera::ModelType, const string&, cv::Size) const[m[K’:
[1.057s] [01m[K/home/deathstroke/vins-fusion-ros2/src/VINS-Fusion-ROS2-humble-arm/camera_models/src/camera_models/CameraFactory.cc:40:75:[m[K [01;35m[Kwarning: [m[Kimplicitly-declared ‘[01m[Kcamodocal::EquidistantCamera::Parameters::Parameters(const camodocal::EquidistantCamera::Parameters&)[m[K’ is deprecated [[01;35m[K-Wdeprecated-copy[m[K]
[1.057s]    40 |             EquidistantCamera::Parameters params = camera->getParameters( [01;35m[K)[m[K;
[1.057s]       |                                                                           [01;35m[K^[m[K
[1.057s] In file included from [01m[K/home/deathstroke/vins-fusion-ros2/src/VINS-Fusion-ROS2-humble-arm/camera_models/src/camera_models/CameraFactory.cc:6[m[K:
[1.057s] [01m[K/home/deathstroke/vins-fusion-ros2/src/VINS-Fusion-ROS2-humble-arm/camera_models/include/camodocal/camera_models/EquidistantCamera.h:52:21:[m[K [01;36m[Knote: [m[Kbecause ‘[01m[Kcamodocal::EquidistantCamera::Parameters[m[K’ has user-provided ‘[01m[Kcamodocal::EquidistantCamera::Parameters& camodocal::EquidistantCamera::Parameters::operator=(const camodocal::EquidistantCamera::Parameters&)[m[K’
[1.057s]    52 |         Parameters& [01;36m[Koperator[m[K=(const Parameters& other);
[1.057s]       |                     [01;36m[K^~~~~~~~[m[K
[1.057s] [01m[K/home/deathstroke/vins-fusion-ros2/src/VINS-Fusion-ROS2-humble-arm/camera_models/src/camera_models/CameraFactory.cc:51:71:[m[K [01;35m[Kwarning: [m[Kimplicitly-declared ‘[01m[Kcamodocal::PinholeCamera::Parameters::Parameters(const camodocal::PinholeCamera::Parameters&)[m[K’ is deprecated [[01;35m[K-Wdeprecated-copy[m[K]
[1.057s]    51 |             PinholeCamera::Parameters params = camera->getParameters( [01;35m[K)[m[K;
[1.057s]       |                                                                       [01;35m[K^[m[K
[1.057s] In file included from [01m[K/home/deathstroke/vins-fusion-ros2/src/VINS-Fusion-ROS2-humble-arm/camera_models/src/camera_models/CameraFactory.cc:7[m[K:
[1.058s] [01m[K/home/deathstroke/vins-fusion-ros2/src/VINS-Fusion-ROS2-humble-arm/camera_models/include/camodocal/camera_models/PinholeCamera.h:47:21:[m[K [01;36m[Knote: [m[Kbecause ‘[01m[Kcamodocal::PinholeCamera::Parameters[m[K’ has user-provided ‘[01m[Kcamodocal::PinholeCamera::Parameters& camodocal::PinholeCamera::Parameters::operator=(const camodocal::PinholeCamera::Parameters&)[m[K’
[1.058s]    47 |         Parameters& [01;36m[Koperator[m[K=(const Parameters& other);
[1.058s]       |                     [01;36m[K^~~~~~~~[m[K
[1.058s] [01m[K/home/deathstroke/vins-fusion-ros2/src/VINS-Fusion-ROS2-humble-arm/camera_models/src/camera_models/CameraFactory.cc:62:75:[m[K [01;35m[Kwarning: [m[Kimplicitly-declared ‘[01m[Kcamodocal::PinholeFullCamera::Parameters::Parameters(const camodocal::PinholeFullCamera::Parameters&)[m[K’ is deprecated [[01;35m[K-Wdeprecated-copy[m[K]
[1.058s]    62 |             PinholeFullCamera::Parameters params = camera->getParameters( [01;35m[K)[m[K;
[1.058s]       |                                                                           [01;35m[K^[m[K
[1.058s] In file included from [01m[K/home/deathstroke/vins-fusion-ros2/src/VINS-Fusion-ROS2-humble-arm/camera_models/src/camera_models/CameraFactory.cc:8[m[K:
[1.058s] [01m[K/home/deathstroke/vins-fusion-ros2/src/VINS-Fusion-ROS2-humble-arm/camera_models/include/camodocal/camera_models/PinholeFullCamera.h:66:21:[m[K [01;36m[Knote: [m[Kbecause ‘[01m[Kcamodocal::PinholeFullCamera::Parameters[m[K’ has user-provided ‘[01m[Kcamodocal::PinholeFullCamera::Parameters& camodocal::PinholeFullCamera::Parameters::operator=(const camodocal::PinholeFullCamera::Parameters&)[m[K’
[1.058s]    66 |         Parameters& [01;36m[Koperator[m[K=( const Parameters& other );
[1.058s]       |                     [01;36m[K^~~~~~~~[m[K
[1.058s] [01m[K/home/deathstroke/vins-fusion-ros2/src/VINS-Fusion-ROS2-humble-arm/camera_models/src/camera_models/CameraFactory.cc:73:68:[m[K [01;35m[Kwarning: [m[Kimplicitly-declared ‘[01m[Kcamodocal::OCAMCamera::Parameters::Parameters(const camodocal::OCAMCamera::Parameters&)[m[K’ is deprecated [[01;35m[K-Wdeprecated-copy[m[K]
[1.058s]    73 |             OCAMCamera::Parameters params = camera->getParameters( [01;35m[K)[m[K;
[1.058s]       |                                                                    [01;35m[K^[m[K
[1.058s] In file included from [01m[K/home/deathstroke/vins-fusion-ros2/src/VINS-Fusion-ROS2-humble-arm/camera_models/src/camera_models/CameraFactory.cc:9[m[K:
[1.058s] [01m[K/home/deathstroke/vins-fusion-ros2/src/VINS-Fusion-ROS2-humble-arm/camera_models/include/camodocal/camera_models/ScaramuzzaCamera.h:54:21:[m[K [01;36m[Knote: [m[Kbecause ‘[01m[Kcamodocal::OCAMCamera::Parameters[m[K’ has user-provided ‘[01m[Kcamodocal::OCAMCamera::Parameters& camodocal::OCAMCamera::Parameters::operator=(const camodocal::OCAMCamera::Parameters&)[m[K’
[1.058s]    54 |         Parameters& [01;36m[Koperator[m[K=(const Parameters& other);
[1.058s]       |                     [01;36m[K^~~~~~~~[m[K
[1.058s] [01m[K/home/deathstroke/vins-fusion-ros2/src/VINS-Fusion-ROS2-humble-arm/camera_models/src/camera_models/CameraFactory.cc:85:68:[m[K [01;35m[Kwarning: [m[Kimplicitly-declared ‘[01m[Kcamodocal::CataCamera::Parameters::Parameters(const camodocal::CataCamera::Parameters&)[m[K’ is deprecated [[01;35m[K-Wdeprecated-copy[m[K]
[1.058s]    85 |             CataCamera::Parameters params = camera->getParameters( [01;35m[K)[m[K;
[1.058s]       |                                                                    [01;35m[K^[m[K
[1.058s] In file included from [01m[K/home/deathstroke/vins-fusion-ros2/src/VINS-Fusion-ROS2-humble-arm/camera_models/src/camera_models/CameraFactory.cc:5[m[K:
[1.058s] [01m[K/home/deathstroke/vins-fusion-ros2/src/VINS-Fusion-ROS2-humble-arm/camera_models/include/camodocal/camera_models/CataCamera.h:54:21:[m[K [01;36m[Knote: [m[Kbecause ‘[01m[Kcamodocal::CataCamera::Parameters[m[K’ has user-provided ‘[01m[Kcamodocal::CataCamera::Parameters& camodocal::CataCamera::Parameters::operator=(const camodocal::CataCamera::Parameters&)[m[K’
[1.058s]    54 |         Parameters& [01;36m[Koperator[m[K=(const Parameters& other);
[1.058s]       |                     [01;36m[K^~~~~~~~[m[K
[1.058s] [01m[K/home/deathstroke/vins-fusion-ros2/src/VINS-Fusion-ROS2-humble-arm/camera_models/src/camera_models/CameraFactory.cc:[m[K In member function ‘[01m[Kcamodocal::CameraPtr camodocal::CameraFactory::generateCameraFromYamlFile(const string&)[m[K’:
[1.058s] [01m[K/home/deathstroke/vins-fusion-ros2/src/VINS-Fusion-ROS2-humble-arm/camera_models/src/camera_models/CameraFactory.cc:144:75:[m[K [01;35m[Kwarning: [m[Kimplicitly-declared ‘[01m[Kcamodocal::EquidistantCamera::Parameters::Parameters(const camodocal::EquidistantCamera::Parameters&)[m[K’ is deprecated [[01;35m[K-Wdeprecated-copy[m[K]
[1.058s]   144 |             EquidistantCamera::Parameters params = camera->getParameters( [01;35m[K)[m[K;
[1.058s]       |                                                                           [01;35m[K^[m[K
[1.058s] In file included from [01m[K/home/deathstroke/vins-fusion-ros2/src/VINS-Fusion-ROS2-humble-arm/camera_models/src/camera_models/CameraFactory.cc:6[m[K:
[1.058s] [01m[K/home/deathstroke/vins-fusion-ros2/src/VINS-Fusion-ROS2-humble-arm/camera_models/include/camodocal/camera_models/EquidistantCamera.h:52:21:[m[K [01;36m[Knote: [m[Kbecause ‘[01m[Kcamodocal::EquidistantCamera::Parameters[m[K’ has user-provided ‘[01m[Kcamodocal::EquidistantCamera::Parameters& camodocal::EquidistantCamera::Parameters::operator=(const camodocal::EquidistantCamera::Parameters&)[m[K’
[1.058s]    52 |         Parameters& [01;36m[Koperator[m[K=(const Parameters& other);
[1.058s]       |                     [01;36m[K^~~~~~~~[m[K
[1.058s] [01m[K/home/deathstroke/vins-fusion-ros2/src/VINS-Fusion-ROS2-humble-arm/camera_models/src/camera_models/CameraFactory.cc:153:71:[m[K [01;35m[Kwarning: [m[Kimplicitly-declared ‘[01m[Kcamodocal::PinholeCamera::Parameters::Parameters(const camodocal::PinholeCamera::Parameters&)[m[K’ is deprecated [[01;35m[K-Wdeprecated-copy[m[K]
[1.058s]   153 |             PinholeCamera::Parameters params = camera->getParameters( [01;35m[K)[m[K;
[1.058s]       |                                                                       [01;35m[K^[m[K
[1.058s] In file included from [01m[K/home/deathstroke/vins-fusion-ros2/src/VINS-Fusion-ROS2-humble-arm/camera_models/src/camera_models/CameraFactory.cc:7[m[K:
[1.058s] [01m[K/home/deathstroke/vins-fusion-ros2/src/VINS-Fusion-ROS2-humble-arm/camera_models/include/camodocal/camera_models/PinholeCamera.h:47:21:[m[K [01;36m[Knote: [m[Kbecause ‘[01m[Kcamodocal::PinholeCamera::Parameters[m[K’ has user-provided ‘[01m[Kcamodocal::PinholeCamera::Parameters& camodocal::PinholeCamera::Parameters::operator=(const camodocal::PinholeCamera::Parameters&)[m[K’
[1.058s]    47 |         Parameters& [01;36m[Koperator[m[K=(const Parameters& other);
[1.059s]       |                     [01;36m[K^~~~~~~~[m[K
[1.059s] [01m[K/home/deathstroke/vins-fusion-ros2/src/VINS-Fusion-ROS2-humble-arm/camera_models/src/camera_models/CameraFactory.cc:162:75:[m[K [01;35m[Kwarning: [m[Kimplicitly-declared ‘[01m[Kcamodocal::PinholeFullCamera::Parameters::Parameters(const camodocal::PinholeFullCamera::Parameters&)[m[K’ is deprecated [[01;35m[K-Wdeprecated-copy[m[K]
[1.059s]   162 |             PinholeFullCamera::Parameters params = camera->getParameters( [01;35m[K)[m[K;
[1.059s]       |                                                                           [01;35m[K^[m[K
[1.059s] In file included from [01m[K/home/deathstroke/vins-fusion-ros2/src/VINS-Fusion-ROS2-humble-arm/camera_models/src/camera_models/CameraFactory.cc:8[m[K:
[1.059s] [01m[K/home/deathstroke/vins-fusion-ros2/src/VINS-Fusion-ROS2-humble-arm/camera_models/include/camodocal/camera_models/PinholeFullCamera.h:66:21:[m[K [01;36m[Knote: [m[Kbecause ‘[01m[Kcamodocal::PinholeFullCamera::Parameters[m[K’ has user-provided ‘[01m[Kcamodocal::PinholeFullCamera::Parameters& camodocal::PinholeFullCamera::Parameters::operator=(const camodocal::PinholeFullCamera::Parameters&)[m[K’
[1.059s]    66 |         Parameters& [01;36m[Koperator[m[K=( const Parameters& other );
[1.059s]       |                     [01;36m[K^~~~~~~~[m[K
[1.059s] [01m[K/home/deathstroke/vins-fusion-ros2/src/VINS-Fusion-ROS2-humble-arm/camera_models/src/camera_models/CameraFactory.cc:171:68:[m[K [01;35m[Kwarning: [m[Kimplicitly-declared ‘[01m[Kcamodocal::OCAMCamera::Parameters::Parameters(const camodocal::OCAMCamera::Parameters&)[m[K’ is deprecated [[01;35m[K-Wdeprecated-copy[m[K]
[1.059s]   171 |             OCAMCamera::Parameters params = camera->getParameters( [01;35m[K)[m[K;
[1.059s]       |                                                                    [01;35m[K^[m[K
[1.059s] In file included from [01m[K/home/deathstroke/vins-fusion-ros2/src/VINS-Fusion-ROS2-humble-arm/camera_models/src/camera_models/CameraFactory.cc:9[m[K:
[1.059s] [01m[K/home/deathstroke/vins-fusion-ros2/src/VINS-Fusion-ROS2-humble-arm/camera_models/include/camodocal/camera_models/ScaramuzzaCamera.h:54:21:[m[K [01;36m[Knote: [m[Kbecause ‘[01m[Kcamodocal::OCAMCamera::Parameters[m[K’ has user-provided ‘[01m[Kcamodocal::OCAMCamera::Parameters& camodocal::OCAMCamera::Parameters::operator=(const camodocal::OCAMCamera::Parameters&)[m[K’
[1.059s]    54 |         Parameters& [01;36m[Koperator[m[K=(const Parameters& other);
[1.059s]       |                     [01;36m[K^~~~~~~~[m[K
[1.059s] [01m[K/home/deathstroke/vins-fusion-ros2/src/VINS-Fusion-ROS2-humble-arm/camera_models/src/camera_models/CameraFactory.cc:181:68:[m[K [01;35m[Kwarning: [m[Kimplicitly-declared ‘[01m[Kcamodocal::CataCamera::Parameters::Parameters(const camodocal::CataCamera::Parameters&)[m[K’ is deprecated [[01;35m[K-Wdeprecated-copy[m[K]
[1.059s]   181 |             CataCamera::Parameters params = camera->getParameters( [01;35m[K)[m[K;
[1.059s]       |                                                                    [01;35m[K^[m[K
[1.059s] In file included from [01m[K/home/deathstroke/vins-fusion-ros2/src/VINS-Fusion-ROS2-humble-arm/camera_models/src/camera_models/CameraFactory.cc:5[m[K:
[1.059s] [01m[K/home/deathstroke/vins-fusion-ros2/src/VINS-Fusion-ROS2-humble-arm/camera_models/include/camodocal/camera_models/CataCamera.h:54:21:[m[K [01;36m[Knote: [m[Kbecause ‘[01m[Kcamodocal::CataCamera::Parameters[m[K’ has user-provided ‘[01m[Kcamodocal::CataCamera::Parameters& camodocal::CataCamera::Parameters::operator=(const camodocal::CataCamera::Parameters&)[m[K’
[1.059s]    54 |         Parameters& [01;36m[Koperator[m[K=(const Parameters& other);
[1.059s]       |                     [01;36m[K^~~~~~~~[m[K
[1.109s] In file included from [01m[K/home/deathstroke/vins-fusion-ros2/src/VINS-Fusion-ROS2-humble-arm/camera_models/src/camera_models/CameraFactory.cc:8[m[K:
[1.109s] [01m[K/home/deathstroke/vins-fusion-ros2/src/VINS-Fusion-ROS2-humble-arm/camera_models/include/camodocal/camera_models/PinholeFullCamera.h:[m[K In member function ‘[01m[Kvoid camodocal::PinholeFullCamera::setInitIntrinsics(const std::vector<std::vector<cv::Point3_<float> > >&, const std::vector<std::vector<cv::Point_<float> > >&)[m[K’:
[1.109s] [01m[K/home/deathstroke/vins-fusion-ros2/src/VINS-Fusion-ROS2-humble-arm/camera_models/include/camodocal/camera_models/PinholeFullCamera.h:126:44:[m[K [01;35m[Kwarning: [m[Kimplicitly-declared ‘[01m[Kcamodocal::PinholeFullCamera::Parameters::Parameters(const camodocal::PinholeFullCamera::Parameters&)[m[K’ is deprecated [[01;35m[K-Wdeprecated-copy[m[K]
[1.109s]   126 |         Parameters params = getParameters( [01;35m[K)[m[K;
[1.109s]       |                                            [01;35m[K^[m[K
[1.109s] [01m[K/home/deathstroke/vins-fusion-ros2/src/VINS-Fusion-ROS2-humble-arm/camera_models/include/camodocal/camera_models/PinholeFullCamera.h:66:21:[m[K [01;36m[Knote: [m[Kbecause ‘[01m[Kcamodocal::PinholeFullCamera::Parameters[m[K’ has user-provided ‘[01m[Kcamodocal::PinholeFullCamera::Parameters& camodocal::PinholeFullCamera::Parameters::operator=(const camodocal::PinholeFullCamera::Parameters&)[m[K’
[1.109s]    66 |         Parameters& [01;36m[Koperator[m[K=( const Parameters& other );
[1.109s]       |                     [01;36m[K^~~~~~~~[m[K
[1.109s] [01m[K/home/deathstroke/vins-fusion-ros2/src/VINS-Fusion-ROS2-humble-arm/camera_models/src/camera_models/CameraFactory.cc:[m[K In member function ‘[01m[Kcamodocal::CameraPtr camodocal::CameraFactory::generateCamera(camodocal::Camera::ModelType, const string&, cv::Size) const[m[K’:
[1.109s] [01m[K/home/deathstroke/vins-fusion-ros2/src/VINS-Fusion-ROS2-humble-arm/camera_models/src/camera_models/CameraFactory.cc:40:75:[m[K [01;35m[Kwarning: [m[Kimplicitly-declared ‘[01m[Kcamodocal::EquidistantCamera::Parameters::Parameters(const camodocal::EquidistantCamera::Parameters&)[m[K’ is deprecated [[01;35m[K-Wdeprecated-copy[m[K]
[1.110s]    40 |             EquidistantCamera::Parameters params = camera->getParameters( [01;35m[K)[m[K;
[1.110s]       |                                                                           [01;35m[K^[m[K
[1.110s] In file included from [01m[K/home/deathstroke/vins-fusion-ros2/src/VINS-Fusion-ROS2-humble-arm/camera_models/src/camera_models/CameraFactory.cc:6[m[K:
[1.110s] [01m[K/home/deathstroke/vins-fusion-ros2/src/VINS-Fusion-ROS2-humble-arm/camera_models/include/camodocal/camera_models/EquidistantCamera.h:52:21:[m[K [01;36m[Knote: [m[Kbecause ‘[01m[Kcamodocal::EquidistantCamera::Parameters[m[K’ has user-provided ‘[01m[Kcamodocal::EquidistantCamera::Parameters& camodocal::EquidistantCamera::Parameters::operator=(const camodocal::EquidistantCamera::Parameters&)[m[K’
[1.110s]    52 |         Parameters& [01;36m[Koperator[m[K=(const Parameters& other);
[1.110s]       |                     [01;36m[K^~~~~~~~[m[K
[1.110s] [01m[K/home/deathstroke/vins-fusion-ros2/src/VINS-Fusion-ROS2-humble-arm/camera_models/src/camera_models/CameraFactory.cc:51:71:[m[K [01;35m[Kwarning: [m[Kimplicitly-declared ‘[01m[Kcamodocal::PinholeCamera::Parameters::Parameters(const camodocal::PinholeCamera::Parameters&)[m[K’ is deprecated [[01;35m[K-Wdeprecated-copy[m[K]
[1.110s]    51 |             PinholeCamera::Parameters params = camera->getParameters( [01;35m[K)[m[K;
[1.110s]       |                                                                       [01;35m[K^[m[K
[1.110s] In file included from [01m[K/home/deathstroke/vins-fusion-ros2/src/VINS-Fusion-ROS2-humble-arm/camera_models/src/camera_models/CameraFactory.cc:7[m[K:
[1.110s] [01m[K/home/deathstroke/vins-fusion-ros2/src/VINS-Fusion-ROS2-humble-arm/camera_models/include/camodocal/camera_models/PinholeCamera.h:47:21:[m[K [01;36m[Knote: [m[Kbecause ‘[01m[Kcamodocal::PinholeCamera::Parameters[m[K’ has user-provided ‘[01m[Kcamodocal::PinholeCamera::Parameters& camodocal::PinholeCamera::Parameters::operator=(const camodocal::PinholeCamera::Parameters&)[m[K’
[1.110s]    47 |         Parameters& [01;36m[Koperator[m[K=(const Parameters& other);
[1.110s]       |                     [01;36m[K^~~~~~~~[m[K
[1.110s] [01m[K/home/deathstroke/vins-fusion-ros2/src/VINS-Fusion-ROS2-humble-arm/camera_models/src/camera_models/CameraFactory.cc:62:75:[m[K [01;35m[Kwarning: [m[Kimplicitly-declared ‘[01m[Kcamodocal::PinholeFullCamera::Parameters::Parameters(const camodocal::PinholeFullCamera::Parameters&)[m[K’ is deprecated [[01;35m[K-Wdeprecated-copy[m[K]
[1.110s]    62 |             PinholeFullCamera::Parameters params = camera->getParameters( [01;35m[K)[m[K;
[1.110s]       |                                                                           [01;35m[K^[m[K
[1.110s] In file included from [01m[K/home/deathstroke/vins-fusion-ros2/src/VINS-Fusion-ROS2-humble-arm/camera_models/src/camera_models/CameraFactory.cc:8[m[K:
[1.110s] [01m[K/home/deathstroke/vins-fusion-ros2/src/VINS-Fusion-ROS2-humble-arm/camera_models/include/camodocal/camera_models/PinholeFullCamera.h:66:21:[m[K [01;36m[Knote: [m[Kbecause ‘[01m[Kcamodocal::PinholeFullCamera::Parameters[m[K’ has user-provided ‘[01m[Kcamodocal::PinholeFullCamera::Parameters& camodocal::PinholeFullCamera::Parameters::operator=(const camodocal::PinholeFullCamera::Parameters&)[m[K’
[1.110s]    66 |         Parameters& [01;36m[Koperator[m[K=( const Parameters& other );
[1.110s]       |                     [01;36m[K^~~~~~~~[m[K
[1.111s] [01m[K/home/deathstroke/vins-fusion-ros2/src/VINS-Fusion-ROS2-humble-arm/camera_models/src/camera_models/CameraFactory.cc:73:68:[m[K [01;35m[Kwarning: [m[Kimplicitly-declared ‘[01m[Kcamodocal::OCAMCamera::Parameters::Parameters(const camodocal::OCAMCamera::Parameters&)[m[K’ is deprecated [[01;35m[K-Wdeprecated-copy[m[K]
[1.111s]    73 |             OCAMCamera::Parameters params = camera->getParameters( [01;35m[K)[m[K;
[1.111s]       |                                                                    [01;35m[K^[m[K
[1.111s] In file included from [01m[K/home/deathstroke/vins-fusion-ros2/src/VINS-Fusion-ROS2-humble-arm/camera_models/src/camera_models/CameraFactory.cc:9[m[K:
[1.111s] [01m[K/home/deathstroke/vins-fusion-ros2/src/VINS-Fusion-ROS2-humble-arm/camera_models/include/camodocal/camera_models/ScaramuzzaCamera.h:54:21:[m[K [01;36m[Knote: [m[Kbecause ‘[01m[Kcamodocal::OCAMCamera::Parameters[m[K’ has user-provided ‘[01m[Kcamodocal::OCAMCamera::Parameters& camodocal::OCAMCamera::Parameters::operator=(const camodocal::OCAMCamera::Parameters&)[m[K’
[1.111s]    54 |         Parameters& [01;36m[Koperator[m[K=(const Parameters& other);
[1.111s]       |                     [01;36m[K^~~~~~~~[m[K
[1.111s] [01m[K/home/deathstroke/vins-fusion-ros2/src/VINS-Fusion-ROS2-humble-arm/camera_models/src/camera_models/CameraFactory.cc:85:68:[m[K [01;35m[Kwarning: [m[Kimplicitly-declared ‘[01m[Kcamodocal::CataCamera::Parameters::Parameters(const camodocal::CataCamera::Parameters&)[m[K’ is deprecated [[01;35m[K-Wdeprecated-copy[m[K]
[1.111s]    85 |             CataCamera::Parameters params = camera->getParameters( [01;35m[K)[m[K;
[1.111s]       |                                                                    [01;35m[K^[m[K
[1.111s] In file included from [01m[K/home/deathstroke/vins-fusion-ros2/src/VINS-Fusion-ROS2-humble-arm/camera_models/src/camera_models/CameraFactory.cc:5[m[K:
[1.111s] [01m[K/home/deathstroke/vins-fusion-ros2/src/VINS-Fusion-ROS2-humble-arm/camera_models/include/camodocal/camera_models/CataCamera.h:54:21:[m[K [01;36m[Knote: [m[Kbecause ‘[01m[Kcamodocal::CataCamera::Parameters[m[K’ has user-provided ‘[01m[Kcamodocal::CataCamera::Parameters& camodocal::CataCamera::Parameters::operator=(const camodocal::CataCamera::Parameters&)[m[K’
[1.111s]    54 |         Parameters& [01;36m[Koperator[m[K=(const Parameters& other);
[1.111s]       |                     [01;36m[K^~~~~~~~[m[K
[1.111s] [01m[K/home/deathstroke/vins-fusion-ros2/src/VINS-Fusion-ROS2-humble-arm/camera_models/src/camera_models/CameraFactory.cc:[m[K In member function ‘[01m[Kcamodocal::CameraPtr camodocal::CameraFactory::generateCameraFromYamlFile(const string&)[m[K’:
[1.111s] [01m[K/home/deathstroke/vins-fusion-ros2/src/VINS-Fusion-ROS2-humble-arm/camera_models/src/camera_models/CameraFactory.cc:144:75:[m[K [01;35m[Kwarning: [m[Kimplicitly-declared ‘[01m[Kcamodocal::EquidistantCamera::Parameters::Parameters(const camodocal::EquidistantCamera::Parameters&)[m[K’ is deprecated [[01;35m[K-Wdeprecated-copy[m[K]
[1.111s]   144 |             EquidistantCamera::Parameters params = camera->getParameters( [01;35m[K)[m[K;
[1.111s]       |                                                                           [01;35m[K^[m[K
[1.111s] In file included from [01m[K/home/deathstroke/vins-fusion-ros2/src/VINS-Fusion-ROS2-humble-arm/camera_models/src/camera_models/CameraFactory.cc:6[m[K:
[1.111s] [01m[K/home/deathstroke/vins-fusion-ros2/src/VINS-Fusion-ROS2-humble-arm/camera_models/include/camodocal/camera_models/EquidistantCamera.h:52:21:[m[K [01;36m[Knote: [m[Kbecause ‘[01m[Kcamodocal::EquidistantCamera::Parameters[m[K’ has user-provided ‘[01m[Kcamodocal::EquidistantCamera::Parameters& camodocal::EquidistantCamera::Parameters::operator=(const camodocal::EquidistantCamera::Parameters&)[m[K’
[1.111s]    52 |         Parameters& [01;36m[Koperator[m[K=(const Parameters& other);
[1.112s]       |                     [01;36m[K^~~~~~~~[m[K
[1.112s] [01m[K/home/deathstroke/vins-fusion-ros2/src/VINS-Fusion-ROS2-humble-arm/camera_models/src/camera_models/CameraFactory.cc:153:71:[m[K [01;35m[Kwarning: [m[Kimplicitly-declared ‘[01m[Kcamodocal::PinholeCamera::Parameters::Parameters(const camodocal::PinholeCamera::Parameters&)[m[K’ is deprecated [[01;35m[K-Wdeprecated-copy[m[K]
[1.112s]   153 |             PinholeCamera::Parameters params = camera->getParameters( [01;35m[K)[m[K;
[1.112s]       |                                                                       [01;35m[K^[m[K
[1.112s] In file included from [01m[K/home/deathstroke/vins-fusion-ros2/src/VINS-Fusion-ROS2-humble-arm/camera_models/src/camera_models/CameraFactory.cc:7[m[K:
[1.112s] [01m[K/home/deathstroke/vins-fusion-ros2/src/VINS-Fusion-ROS2-humble-arm/camera_models/include/camodocal/camera_models/PinholeCamera.h:47:21:[m[K [01;36m[Knote: [m[Kbecause ‘[01m[Kcamodocal::PinholeCamera::Parameters[m[K’ has user-provided ‘[01m[Kcamodocal::PinholeCamera::Parameters& camodocal::PinholeCamera::Parameters::operator=(const camodocal::PinholeCamera::Parameters&)[m[K’
[1.112s]    47 |         Parameters& [01;36m[Koperator[m[K=(const Parameters& other);
[1.112s]       |                     [01;36m[K^~~~~~~~[m[K
[1.112s] [01m[K/home/deathstroke/vins-fusion-ros2/src/VINS-Fusion-ROS2-humble-arm/camera_models/src/camera_models/CameraFactory.cc:162:75:[m[K [01;35m[Kwarning: [m[Kimplicitly-declared ‘[01m[Kcamodocal::PinholeFullCamera::Parameters::Parameters(const camodocal::PinholeFullCamera::Parameters&)[m[K’ is deprecated [[01;35m[K-Wdeprecated-copy[m[K]
[1.112s]   162 |             PinholeFullCamera::Parameters params = camera->getParameters( [01;35m[K)[m[K;
[1.112s]       |                                                                           [01;35m[K^[m[K
[1.112s] In file included from [01m[K/home/deathstroke/vins-fusion-ros2/src/VINS-Fusion-ROS2-humble-arm/camera_models/src/camera_models/CameraFactory.cc:8[m[K:
[1.112s] [01m[K/home/deathstroke/vins-fusion-ros2/src/VINS-Fusion-ROS2-humble-arm/camera_models/include/camodocal/camera_models/PinholeFullCamera.h:66:21:[m[K [01;36m[Knote: [m[Kbecause ‘[01m[Kcamodocal::PinholeFullCamera::Parameters[m[K’ has user-provided ‘[01m[Kcamodocal::PinholeFullCamera::Parameters& camodocal::PinholeFullCamera::Parameters::operator=(const camodocal::PinholeFullCamera::Parameters&)[m[K’
[1.112s]    66 |         Parameters& [01;36m[Koperator[m[K=( const Parameters& other );
[1.112s]       |                     [01;36m[K^~~~~~~~[m[K
[1.112s] [01m[K/home/deathstroke/vins-fusion-ros2/src/VINS-Fusion-ROS2-humble-arm/camera_models/src/camera_models/CameraFactory.cc:171:68:[m[K [01;35m[Kwarning: [m[Kimplicitly-declared ‘[01m[Kcamodocal::OCAMCamera::Parameters::Parameters(const camodocal::OCAMCamera::Parameters&)[m[K’ is deprecated [[01;35m[K-Wdeprecated-copy[m[K]
[1.112s]   171 |             OCAMCamera::Parameters params = camera->getParameters( [01;35m[K)[m[K;
[1.112s]       |                                                                    [01;35m[K^[m[K
[1.112s] In file included from [01m[K/home/deathstroke/vins-fusion-ros2/src/VINS-Fusion-ROS2-humble-arm/camera_models/src/camera_models/CameraFactory.cc:9[m[K:
[1.112s] [01m[K/home/deathstroke/vins-fusion-ros2/src/VINS-Fusion-ROS2-humble-arm/camera_models/include/camodocal/camera_models/ScaramuzzaCamera.h:54:21:[m[K [01;36m[Knote: [m[Kbecause ‘[01m[Kcamodocal::OCAMCamera::Parameters[m[K’ has user-provided ‘[01m[Kcamodocal::OCAMCamera::Parameters& camodocal::OCAMCamera::Parameters::operator=(const camodocal::OCAMCamera::Parameters&)[m[K’
[1.113s]    54 |         Parameters& [01;36m[Koperator[m[K=(const Parameters& other);
[1.113s]       |                     [01;36m[K^~~~~~~~[m[K
[1.113s] [01m[K/home/deathstroke/vins-fusion-ros2/src/VINS-Fusion-ROS2-humble-arm/camera_models/src/camera_models/CameraFactory.cc:181:68:[m[K [01;35m[Kwarning: [m[Kimplicitly-declared ‘[01m[Kcamodocal::CataCamera::Parameters::Parameters(const camodocal::CataCamera::Parameters&)[m[K’ is deprecated [[01;35m[K-Wdeprecated-copy[m[K]
[1.113s]   181 |             CataCamera::Parameters params = camera->getParameters( [01;35m[K)[m[K;
[1.113s]       |                                                                    [01;35m[K^[m[K
[1.113s] In file included from [01m[K/home/deathstroke/vins-fusion-ros2/src/VINS-Fusion-ROS2-humble-arm/camera_models/src/camera_models/CameraFactory.cc:5[m[K:
[1.113s] [01m[K/home/deathstroke/vins-fusion-ros2/src/VINS-Fusion-ROS2-humble-arm/camera_models/include/camodocal/camera_models/CataCamera.h:54:21:[m[K [01;36m[Knote: [m[Kbecause ‘[01m[Kcamodocal::CataCamera::Parameters[m[K’ has user-provided ‘[01m[Kcamodocal::CataCamera::Parameters& camodocal::CataCamera::Parameters::operator=(const camodocal::CataCamera::Parameters&)[m[K’
[1.113s]    54 |         Parameters& [01;36m[Koperator[m[K=(const Parameters& other);
[1.113s]       |                     [01;36m[K^~~~~~~~[m[K
[1.199s] [01m[K/home/deathstroke/vins-fusion-ros2/src/VINS-Fusion-ROS2-humble-arm/camera_models/src/camera_models/ScaramuzzaCamera.cc:[m[K In constructor ‘[01m[Kcamodocal::OCAMCamera::OCAMCamera(const camodocal::OCAMCamera::Parameters&)[m[K’:
[1.199s] [01m[K/home/deathstroke/vins-fusion-ros2/src/VINS-Fusion-ROS2-humble-arm/camera_models/src/camera_models/ScaramuzzaCamera.cc:198:4:[m[K [01;35m[Kwarning: [m[Kimplicitly-declared ‘[01m[Kcamodocal::OCAMCamera::Parameters::Parameters(const camodocal::OCAMCamera::Parameters&)[m[K’ is deprecated [[01;35m[K-Wdeprecated-copy[m[K]
[1.199s]   198 |  : [01;35m[KmParameters(params)[m[K
[1.199s]       |    [01;35m[K^~~~~~~~~~~~~~~~~~~[m[K
[1.199s] [01m[K/home/deathstroke/vins-fusion-ros2/src/VINS-Fusion-ROS2-humble-arm/camera_models/src/camera_models/ScaramuzzaCamera.cc:141:1:[m[K [01;36m[Knote: [m[Kbecause ‘[01m[Kcamodocal::OCAMCamera::Parameters[m[K’ has user-provided ‘[01m[Kcamodocal::OCAMCamera::Parameters& camodocal::OCAMCamera::Parameters::operator=(const camodocal::OCAMCamera::Parameters&)[m[K’
[1.199s]   141 | [01;36m[KOCAMCamera[m[K::Parameters::operator=(const OCAMCamera::Parameters& other)
[1.199s]       | [01;36m[K^~~~~~~~~~[m[K
[1.199s] [01m[K/home/deathstroke/vins-fusion-ros2/src/VINS-Fusion-ROS2-humble-arm/camera_models/src/camera_models/ScaramuzzaCamera.cc:[m[K In member function ‘[01m[Kvirtual void camodocal::OCAMCamera::estimateIntrinsics(const Size&, const std::vector<std::vector<cv::Point3_<float> > >&, const std::vector<std::vector<cv::Point_<float> > >&)[m[K’:
[1.199s] [01m[K/home/deathstroke/vins-fusion-ros2/src/VINS-Fusion-ROS2-humble-arm/camera_models/src/camera_models/ScaramuzzaCamera.cc:517:39:[m[K [01;35m[Kwarning: [m[Kimplicitly-declared ‘[01m[Kcamodocal::OCAMCamera::Parameters::Parameters(const camodocal::OCAMCamera::Parameters&)[m[K’ is deprecated [[01;35m[K-Wdeprecated-copy[m[K]
[1.200s]   517 |     Parameters params = getParameters([01;35m[K)[m[K;
[1.200s]       |                                       [01;35m[K^[m[K
[1.200s] [01m[K/home/deathstroke/vins-fusion-ros2/src/VINS-Fusion-ROS2-humble-arm/camera_models/src/camera_models/ScaramuzzaCamera.cc:141:1:[m[K [01;36m[Knote: [m[Kbecause ‘[01m[Kcamodocal::OCAMCamera::Parameters[m[K’ has user-provided ‘[01m[Kcamodocal::OCAMCamera::Parameters& camodocal::OCAMCamera::Parameters::operator=(const camodocal::OCAMCamera::Parameters&)[m[K’
[1.200s]   141 | [01;36m[KOCAMCamera[m[K::Parameters::operator=(const OCAMCamera::Parameters& other)
[1.200s]       | [01;36m[K^~~~~~~~~~[m[K
[1.200s] [01m[K/home/deathstroke/vins-fusion-ros2/src/VINS-Fusion-ROS2-humble-arm/camera_models/src/camera_models/ScaramuzzaCamera.cc:[m[K In member function ‘[01m[Kvirtual void camodocal::OCAMCamera::readParameters(const std::vector<double, std::allocator<double> >&)[m[K’:
[1.200s] [01m[K/home/deathstroke/vins-fusion-ros2/src/VINS-Fusion-ROS2-humble-arm/camera_models/src/camera_models/ScaramuzzaCamera.cc:788:39:[m[K [01;35m[Kwarning: [m[Kimplicitly-declared ‘[01m[Kcamodocal::OCAMCamera::Parameters::Parameters(const camodocal::OCAMCamera::Parameters&)[m[K’ is deprecated [[01;35m[K-Wdeprecated-copy[m[K]
[1.200s]   788 |     Parameters params = getParameters([01;35m[K)[m[K;
[1.200s]       |                                       [01;35m[K^[m[K
[1.200s] [01m[K/home/deathstroke/vins-fusion-ros2/src/VINS-Fusion-ROS2-humble-arm/camera_models/src/camera_models/ScaramuzzaCamera.cc:141:1:[m[K [01;36m[Knote: [m[Kbecause ‘[01m[Kcamodocal::OCAMCamera::Parameters[m[K’ has user-provided ‘[01m[Kcamodocal::OCAMCamera::Parameters& camodocal::OCAMCamera::Parameters::operator=(const camodocal::OCAMCamera::Parameters&)[m[K’
[1.200s]   141 | [01;36m[KOCAMCamera[m[K::Parameters::operator=(const OCAMCamera::Parameters& other)
[1.200s]       | [01;36m[K^~~~~~~~~~[m[K
[1.213s] [ 82%] [32m[1mLinking CXX static library libcamera_models.a[0m
[1.262s] [01m[K/home/deathstroke/vins-fusion-ros2/src/VINS-Fusion-ROS2-humble-arm/camera_models/src/camera_models/ScaramuzzaCamera.cc:[m[K In constructor ‘[01m[Kcamodocal::OCAMCamera::OCAMCamera(const camodocal::OCAMCamera::Parameters&)[m[K’:
[1.262s] [01m[K/home/deathstroke/vins-fusion-ros2/src/VINS-Fusion-ROS2-humble-arm/camera_models/src/camera_models/ScaramuzzaCamera.cc:198:4:[m[K [01;35m[Kwarning: [m[Kimplicitly-declared ‘[01m[Kcamodocal::OCAMCamera::Parameters::Parameters(const camodocal::OCAMCamera::Parameters&)[m[K’ is deprecated [[01;35m[K-Wdeprecated-copy[m[K]
[1.262s]   198 |  : [01;35m[KmParameters(params)[m[K
[1.262s]       |    [01;35m[K^~~~~~~~~~~~~~~~~~~[m[K
[1.262s] [01m[K/home/deathstroke/vins-fusion-ros2/src/VINS-Fusion-ROS2-humble-arm/camera_models/src/camera_models/ScaramuzzaCamera.cc:141:1:[m[K [01;36m[Knote: [m[Kbecause ‘[01m[Kcamodocal::OCAMCamera::Parameters[m[K’ has user-provided ‘[01m[Kcamodocal::OCAMCamera::Parameters& camodocal::OCAMCamera::Parameters::operator=(const camodocal::OCAMCamera::Parameters&)[m[K’
[1.262s]   141 | [01;36m[KOCAMCamera[m[K::Parameters::operator=(const OCAMCamera::Parameters& other)
[1.262s]       | [01;36m[K^~~~~~~~~~[m[K
[1.262s] [01m[K/home/deathstroke/vins-fusion-ros2/src/VINS-Fusion-ROS2-humble-arm/camera_models/src/camera_models/ScaramuzzaCamera.cc:[m[K In member function ‘[01m[Kvirtual void camodocal::OCAMCamera::estimateIntrinsics(const Size&, const std::vector<std::vector<cv::Point3_<float> > >&, const std::vector<std::vector<cv::Point_<float> > >&)[m[K’:
[1.262s] [01m[K/home/deathstroke/vins-fusion-ros2/src/VINS-Fusion-ROS2-humble-arm/camera_models/src/camera_models/ScaramuzzaCamera.cc:517:39:[m[K [01;35m[Kwarning: [m[Kimplicitly-declared ‘[01m[Kcamodocal::OCAMCamera::Parameters::Parameters(const camodocal::OCAMCamera::Parameters&)[m[K’ is deprecated [[01;35m[K-Wdeprecated-copy[m[K]
[1.262s]   517 |     Parameters params = getParameters([01;35m[K)[m[K;
[1.262s]       |                                       [01;35m[K^[m[K
[1.262s] [01m[K/home/deathstroke/vins-fusion-ros2/src/VINS-Fusion-ROS2-humble-arm/camera_models/src/camera_models/ScaramuzzaCamera.cc:141:1:[m[K [01;36m[Knote: [m[Kbecause ‘[01m[Kcamodocal::OCAMCamera::Parameters[m[K’ has user-provided ‘[01m[Kcamodocal::OCAMCamera::Parameters& camodocal::OCAMCamera::Parameters::operator=(const camodocal::OCAMCamera::Parameters&)[m[K’
[1.262s]   141 | [01;36m[KOCAMCamera[m[K::Parameters::operator=(const OCAMCamera::Parameters& other)
[1.262s]       | [01;36m[K^~~~~~~~~~[m[K
[1.262s] [01m[K/home/deathstroke/vins-fusion-ros2/src/VINS-Fusion-ROS2-humble-arm/camera_models/src/camera_models/ScaramuzzaCamera.cc:[m[K In member function ‘[01m[Kvirtual void camodocal::OCAMCamera::readParameters(const std::vector<double, std::allocator<double> >&)[m[K’:
[1.262s] [01m[K/home/deathstroke/vins-fusion-ros2/src/VINS-Fusion-ROS2-humble-arm/camera_models/src/camera_models/ScaramuzzaCamera.cc:788:39:[m[K [01;35m[Kwarning: [m[Kimplicitly-declared ‘[01m[Kcamodocal::OCAMCamera::Parameters::Parameters(const camodocal::OCAMCamera::Parameters&)[m[K’ is deprecated [[01;35m[K-Wdeprecated-copy[m[K]
[1.262s]   788 |     Parameters params = getParameters([01;35m[K)[m[K;
[1.262s]       |                                       [01;35m[K^[m[K
[1.262s] [01m[K/home/deathstroke/vins-fusion-ros2/src/VINS-Fusion-ROS2-humble-arm/camera_models/src/camera_models/ScaramuzzaCamera.cc:141:1:[m[K [01;36m[Knote: [m[Kbecause ‘[01m[Kcamodocal::OCAMCamera::Parameters[m[K’ has user-provided ‘[01m[Kcamodocal::OCAMCamera::Parameters& camodocal::OCAMCamera::Parameters::operator=(const camodocal::OCAMCamera::Parameters&)[m[K’
[1.262s]   141 | [01;36m[KOCAMCamera[m[K::Parameters::operator=(const OCAMCamera::Parameters& other)
[1.262s]       | [01;36m[K^~~~~~~~~~[m[K
[1.279s] [ 86%] [32m[1mLinking CXX executable Calibrations[0m
[1.829s] [ 93%] Built target camera_models
[3.274s] [100%] Built target Calibrations
[3.284s] Invoked command in '/home/deathstroke/vins-fusion-ros2/build/camera_models' returned '0': CMAKE_PREFIX_PATH=${CMAKE_PREFIX_PATH}:/home/deathstroke/realsense-ros/install/realsense2_ros_mqtt_bridge:/home/deathstroke/rust_ws/install/examples_worker_demo:/home/deathstroke/rust_ws/install/examples_rclrs_minimal_pub_sub:/home/deathstroke/rust_ws/install/examples_rclrs_minimal_client_service:/home/deathstroke/rust_ws/install/examples_parameter_demo:/home/deathstroke/rust_ws/install/examples_logging_demo:/home/deathstroke/rust_ws/install/sensor_msgs_py:/home/deathstroke/rust_ws/install/rust_pubsub:/home/deathstroke/rust_ws/install/examples_rclrs_message_demo:/home/deathstroke/rust_ws/install/rosidl_runtime_rs:/home/deathstroke/rust_ws/install/rclrs:/opt/ros/humble /usr/bin/cmake --build /home/deathstroke/vins-fusion-ros2/build/camera_models -- -j32 -l32
[3.285s] Invoking command in '/home/deathstroke/vins-fusion-ros2/build/camera_models': CMAKE_PREFIX_PATH=${CMAKE_PREFIX_PATH}:/home/deathstroke/realsense-ros/install/realsense2_ros_mqtt_bridge:/home/deathstroke/rust_ws/install/examples_worker_demo:/home/deathstroke/rust_ws/install/examples_rclrs_minimal_pub_sub:/home/deathstroke/rust_ws/install/examples_rclrs_minimal_client_service:/home/deathstroke/rust_ws/install/examples_parameter_demo:/home/deathstroke/rust_ws/install/examples_logging_demo:/home/deathstroke/rust_ws/install/sensor_msgs_py:/home/deathstroke/rust_ws/install/rust_pubsub:/home/deathstroke/rust_ws/install/examples_rclrs_message_demo:/home/deathstroke/rust_ws/install/rosidl_runtime_rs:/home/deathstroke/rust_ws/install/rclrs:/opt/ros/humble /usr/bin/cmake --install /home/deathstroke/vins-fusion-ros2/build/camera_models
[3.289s] -- Install configuration: ""
[3.289s] -- Execute custom install script
[3.289s] -- Up-to-date symlink: /home/deathstroke/vins-fusion-ros2/install/camera_models/share/camera_models/environment/library_path.sh
[3.289s] -- Up-to-date symlink: /home/deathstroke/vins-fusion-ros2/install/camera_models/share/camera_models/environment/library_path.dsv
[3.290s] -- Up-to-date symlink: /home/deathstroke/vins-fusion-ros2/install/camera_models/lib/camera_models/Calibrations
[3.290s] -- Up-to-date symlink: /home/deathstroke/vins-fusion-ros2/install/camera_models/bin/Calibrations
[3.290s] -- Up-to-date symlink: /home/deathstroke/vins-fusion-ros2/install/camera_models/lib/libcamera_models.a
[3.290s] -- Up-to-date symlink: /home/deathstroke/vins-fusion-ros2/install/camera_models/lib/camera_models/Calibrations
[3.290s] -- Up-to-date symlink: /home/deathstroke/vins-fusion-ros2/install/camera_models/include//camodocal/calib/CameraCalibration.h
[3.290s] -- Up-to-date symlink: /home/deathstroke/vins-fusion-ros2/install/camera_models/include//camodocal/camera_models/Camera.h
[3.290s] -- Up-to-date symlink: /home/deathstroke/vins-fusion-ros2/install/camera_models/include//camodocal/camera_models/CameraFactory.h
[3.290s] -- Up-to-date symlink: /home/deathstroke/vins-fusion-ros2/install/camera_models/include//camodocal/camera_models/CataCamera.h
[3.290s] -- Up-to-date symlink: /home/deathstroke/vins-fusion-ros2/install/camera_models/include//camodocal/camera_models/CostFunctionFactory.h
[3.290s] -- Up-to-date symlink: /home/deathstroke/vins-fusion-ros2/install/camera_models/include//camodocal/camera_models/EquidistantCamera.h
[3.290s] -- Up-to-date symlink: /home/deathstroke/vins-fusion-ros2/install/camera_models/include//camodocal/camera_models/PinholeCamera.h
[3.290s] -- Up-to-date symlink: /home/deathstroke/vins-fusion-ros2/install/camera_models/include//camodocal/camera_models/PinholeFullCamera.h
[3.290s] -- Up-to-date symlink: /home/deathstroke/vins-fusion-ros2/install/camera_models/include//camodocal/camera_models/ScaramuzzaCamera.h
[3.290s] -- Up-to-date symlink: /home/deathstroke/vins-fusion-ros2/install/camera_models/include//camodocal/chessboard/Chessboard.h
[3.290s] -- Up-to-date symlink: /home/deathstroke/vins-fusion-ros2/install/camera_models/include//camodocal/chessboard/ChessboardCorner.h
[3.290s] -- Up-to-date symlink: /home/deathstroke/vins-fusion-ros2/install/camera_models/include//camodocal/chessboard/ChessboardQuad.h
[3.290s] -- Up-to-date symlink: /home/deathstroke/vins-fusion-ros2/install/camera_models/include//camodocal/chessboard/Spline.h
[3.290s] -- Up-to-date symlink: /home/deathstroke/vins-fusion-ros2/install/camera_models/include//camodocal/gpl/EigenQuaternionParameterization.h
[3.290s] -- Up-to-date symlink: /home/deathstroke/vins-fusion-ros2/install/camera_models/include//camodocal/gpl/EigenUtils.h
[3.290s] -- Up-to-date symlink: /home/deathstroke/vins-fusion-ros2/install/camera_models/include//camodocal/gpl/gpl.h
[3.290s] -- Up-to-date symlink: /home/deathstroke/vins-fusion-ros2/install/camera_models/include//camodocal/sparse_graph/Transform.h
[3.291s] -- Up-to-date symlink: /home/deathstroke/vins-fusion-ros2/install/camera_models/share/ament_index/resource_index/package_run_dependencies/camera_models
[3.291s] -- Up-to-date symlink: /home/deathstroke/vins-fusion-ros2/install/camera_models/share/ament_index/resource_index/parent_prefix_path/camera_models
[3.291s] -- Up-to-date symlink: /home/deathstroke/vins-fusion-ros2/install/camera_models/share/camera_models/environment/ament_prefix_path.sh
[3.291s] -- Up-to-date symlink: /home/deathstroke/vins-fusion-ros2/install/camera_models/share/camera_models/environment/ament_prefix_path.dsv
[3.291s] -- Up-to-date symlink: /home/deathstroke/vins-fusion-ros2/install/camera_models/share/camera_models/environment/path.sh
[3.291s] -- Up-to-date symlink: /home/deathstroke/vins-fusion-ros2/install/camera_models/share/camera_models/environment/path.dsv
[3.291s] -- Up-to-date symlink: /home/deathstroke/vins-fusion-ros2/install/camera_models/share/camera_models/local_setup.bash
[3.291s] -- Up-to-date symlink: /home/deathstroke/vins-fusion-ros2/install/camera_models/share/camera_models/local_setup.sh
[3.291s] -- Up-to-date symlink: /home/deathstroke/vins-fusion-ros2/install/camera_models/share/camera_models/local_setup.zsh
[3.291s] -- Up-to-date symlink: /home/deathstroke/vins-fusion-ros2/install/camera_models/share/camera_models/local_setup.dsv
[3.291s] -- Symlinking: /home/deathstroke/vins-fusion-ros2/install/camera_models/share/camera_models/package.dsv
[3.296s] -- Up-to-date symlink: /home/deathstroke/vins-fusion-ros2/install/camera_models/share/ament_index/resource_index/packages/camera_models
[3.296s] -- Up-to-date symlink: /home/deathstroke/vins-fusion-ros2/install/camera_models/share/camera_models/cmake/ament_cmake_export_include_directories-extras.cmake
[3.296s] -- Up-to-date symlink: /home/deathstroke/vins-fusion-ros2/install/camera_models/share/camera_models/cmake/ament_cmake_export_libraries-extras.cmake
[3.296s] -- Up-to-date symlink: /home/deathstroke/vins-fusion-ros2/install/camera_models/share/camera_models/cmake/ament_cmake_export_dependencies-extras.cmake
[3.296s] -- Up-to-date symlink: /home/deathstroke/vins-fusion-ros2/install/camera_models/share/camera_models/cmake/camera_modelsConfig.cmake
[3.296s] -- Up-to-date symlink: /home/deathstroke/vins-fusion-ros2/install/camera_models/share/camera_models/cmake/camera_modelsConfig-version.cmake
[3.296s] -- Up-to-date symlink: /home/deathstroke/vins-fusion-ros2/install/camera_models/share/camera_models/package.xml
[3.298s] Invoked command in '/home/deathstroke/vins-fusion-ros2/build/camera_models' returned '0': CMAKE_PREFIX_PATH=${CMAKE_PREFIX_PATH}:/home/deathstroke/realsense-ros/install/realsense2_ros_mqtt_bridge:/home/deathstroke/rust_ws/install/examples_worker_demo:/home/deathstroke/rust_ws/install/examples_rclrs_minimal_pub_sub:/home/deathstroke/rust_ws/install/examples_rclrs_minimal_client_service:/home/deathstroke/rust_ws/install/examples_parameter_demo:/home/deathstroke/rust_ws/install/examples_logging_demo:/home/deathstroke/rust_ws/install/sensor_msgs_py:/home/deathstroke/rust_ws/install/rust_pubsub:/home/deathstroke/rust_ws/install/examples_rclrs_message_demo:/home/deathstroke/rust_ws/install/rosidl_runtime_rs:/home/deathstroke/rust_ws/install/rclrs:/opt/ros/humble /usr/bin/cmake --install /home/deathstroke/vins-fusion-ros2/build/camera_models
