-- The C compiler identification is GNU 11.4.0
-- The CXX compiler identification is GNU 11.4.0
-- Detecting C compiler ABI info
-- Detecting C compiler ABI info - done
-- Check for working C compiler: /usr/lib/ccache/cc - skipped
-- Detecting C compile features
-- Detecting C compile features - done
-- Detecting CXX compiler ABI info
-- Detecting CXX compiler ABI info - done
-- Check for working CXX compiler: /usr/lib/ccache/c++ - skipped
-- Detecting CXX compile features
-- Detecting CXX compile features - done
-- Found ament_cmake: 1.3.12 (/opt/ros/humble/share/ament_cmake/cmake)
-- Found Python3: /usr/bin/python3 (found version "3.10.12") found components: Interpreter 
-- Override CMake install command with custom implementation using symlinks instead of copying resources
-- Found rclcpp: 16.0.17 (/opt/ros/humble/share/rclcpp/cmake)
-- Found rosidl_generator_c: 3.1.8 (/opt/ros/humble/share/rosidl_generator_c/cmake)
-- Found rosidl_adapter: 3.1.8 (/opt/ros/humble/share/rosidl_adapter/cmake)
-- Found rosidl_generator_cpp: 3.1.8 (/opt/ros/humble/share/rosidl_generator_cpp/cmake)
-- Using all available rosidl_typesupport_c: rosidl_typesupport_fastrtps_c;rosidl_typesupport_introspection_c
-- Using all available rosidl_typesupport_cpp: rosidl_typesupport_fastrtps_cpp;rosidl_typesupport_introspection_cpp
-- Found rmw_implementation_cmake: 6.1.2 (/opt/ros/humble/share/rmw_implementation_cmake/cmake)
-- Found rmw_fastrtps_cpp: 6.2.9 (/opt/ros/humble/share/rmw_fastrtps_cpp/cmake)
-- Found OpenSSL: /usr/lib/x86_64-linux-gnu/libcrypto.so (found version "3.0.2")  
-- Found FastRTPS: /opt/ros/humble/include  
-- Using RMW implementation 'rmw_fastrtps_cpp' as default
-- Looking for pthread.h
-- Looking for pthread.h - found
-- Performing Test CMAKE_HAVE_LIBC_PTHREAD
-- Performing Test CMAKE_HAVE_LIBC_PTHREAD - Success
-- Found Threads: TRUE  
-- Found Boost: /usr/lib/x86_64-linux-gnu/cmake/Boost-1.74.0/BoostConfig.cmake (found version "1.74.0") found components: filesystem program_options system 
-- Found CUDA: /usr/local/cuda-12.8 (found suitable exact version "12.8") 
-- Found OpenCV: /usr/local (found version "4.10.0") 
-- Found CXSparse: /usr/include/suitesparse (found suitable version "3.2.0", minimum required is "3.2.0") 
-- Found AMD headers in: /usr/include/suitesparse
-- Found AMD library: /usr/lib/x86_64-linux-gnu/libamd.so
-- Found CAMD headers in: /usr/include/suitesparse
-- Found CAMD library: /usr/lib/x86_64-linux-gnu/libcamd.so
-- Found CCOLAMD headers in: /usr/include/suitesparse
-- Found CCOLAMD library: /usr/lib/x86_64-linux-gnu/libccolamd.so
-- Found CHOLMOD headers in: /usr/include/suitesparse
-- Found CHOLMOD library: /usr/lib/x86_64-linux-gnu/libcholmod.so
-- Found COLAMD headers in: /usr/include/suitesparse
-- Found COLAMD library: /usr/lib/x86_64-linux-gnu/libcolamd.so
-- Found SPQR headers in: /usr/include/suitesparse
-- Found SPQR library: /usr/lib/x86_64-linux-gnu/libspqr.so
-- Found Config headers in: /usr/include/suitesparse
-- Found Config library: /usr/lib/x86_64-linux-gnu/libsuitesparseconfig.so
-- Found Intel Thread Building Blocks (TBB) library (2021.5 / ) include location: . Assuming SuiteSparseQR was compiled with TBB.
-- Looking for shm_open in rt
-- Looking for shm_open in rt - found
-- Adding librt to SuiteSparse_config libraries (required on Linux & Unix [not OSX] if SuiteSparse is compiled with timing).
-- Could NOT find METIS (missing: METIS_INCLUDE_DIR METIS_LIBRARY) 
-- Found SuiteSparse: /usr/include/suitesparse (found suitable version "5.10.1", minimum required is "5.10.1") found components: AMD CAMD CCOLAMD CHOLMOD COLAMD SPQR Config 
-- Found required Ceres dependency: Eigen version 3.3.91 in /usr/local/share/eigen3/cmake
-- Found required Ceres dependency: glog
-- Found required Ceres dependency: gflags
-- Found Ceres version: 2.1.0 installed in: /usr/local with components: [EigenSparse, SparseLinearAlgebraLibrary, LAPACK, SuiteSparse, CXSparse, SchurSpecializations, Multithreading]
-- Configuring done
-- Generating done
-- Build files have been written to: /home/deathstroke/vins-fusion-ros2/build/camera_models
[  3%] [32mBuilding CXX object CMakeFiles/Calibrations.dir/src/intrinsic_calib.cc.o[0m
[  6%] [32mBuilding CXX object CMakeFiles/Calibrations.dir/src/camera_models/PinholeCamera.cc.o[0m
[ 10%] [32mBuilding CXX object CMakeFiles/Calibrations.dir/src/sparse_graph/Transform.cc.o[0m
[ 13%] [32mBuilding CXX object CMakeFiles/camera_models.dir/src/chessboard/Chessboard.cc.o[0m
[ 17%] [32mBuilding CXX object CMakeFiles/Calibrations.dir/src/chessboard/Chessboard.cc.o[0m
[ 20%] [32mBuilding CXX object CMakeFiles/Calibrations.dir/src/calib/CameraCalibration.cc.o[0m
[ 24%] [32mBuilding CXX object CMakeFiles/camera_models.dir/src/camera_models/Camera.cc.o[0m
[ 27%] [32mBuilding CXX object CMakeFiles/Calibrations.dir/src/camera_models/PinholeFullCamera.cc.o[0m
[ 31%] [32mBuilding CXX object CMakeFiles/Calibrations.dir/src/camera_models/Camera.cc.o[0m
[ 37%] [32mBuilding CXX object CMakeFiles/Calibrations.dir/src/camera_models/CameraFactory.cc.o[0m
[ 37%] [32mBuilding CXX object CMakeFiles/Calibrations.dir/src/gpl/EigenQuaternionParameterization.cc.o[0m
[ 41%] [32mBuilding CXX object CMakeFiles/Calibrations.dir/src/camera_models/ScaramuzzaCamera.cc.o[0m
[ 44%] [32mBuilding CXX object CMakeFiles/camera_models.dir/src/camera_models/CostFunctionFactory.cc.o[0m
[ 48%] [32mBuilding CXX object CMakeFiles/Calibrations.dir/src/camera_models/CataCamera.cc.o[0m
[ 51%] [32mBuilding CXX object CMakeFiles/Calibrations.dir/src/camera_models/CostFunctionFactory.cc.o[0m
[ 55%] [32mBuilding CXX object CMakeFiles/Calibrations.dir/src/camera_models/EquidistantCamera.cc.o[0m
[ 58%] [32mBuilding CXX object CMakeFiles/camera_models.dir/src/camera_models/PinholeFullCamera.cc.o[0m
[ 62%] [32mBuilding CXX object CMakeFiles/camera_models.dir/src/camera_models/EquidistantCamera.cc.o[0m
[ 65%] [32mBuilding CXX object CMakeFiles/camera_models.dir/src/camera_models/CameraFactory.cc.o[0m
[ 68%] [32mBuilding CXX object CMakeFiles/camera_models.dir/src/sparse_graph/Transform.cc.o[0m
[ 72%] [32mBuilding CXX object CMakeFiles/camera_models.dir/src/calib/CameraCalibration.cc.o[0m
[ 75%] [32mBuilding CXX object CMakeFiles/Calibrations.dir/src/gpl/gpl.cc.o[0m
[ 79%] [32mBuilding CXX object CMakeFiles/camera_models.dir/src/camera_models/PinholeCamera.cc.o[0m
[ 82%] [32mBuilding CXX object CMakeFiles/camera_models.dir/src/gpl/EigenQuaternionParameterization.cc.o[0m
[ 86%] [32mBuilding CXX object CMakeFiles/camera_models.dir/src/camera_models/CataCamera.cc.o[0m
[ 89%] [32mBuilding CXX object CMakeFiles/camera_models.dir/src/camera_models/ScaramuzzaCamera.cc.o[0m
[ 93%] [32mBuilding CXX object CMakeFiles/camera_models.dir/src/gpl/gpl.cc.o[0m
In file included from [01m[K/home/deathstroke/vins-fusion-ros2/src/VINS-Fusion-ROS2-humble-arm/camera_models/src/sparse_graph/Transform.cc:1[m[K:
[01m[K/home/deathstroke/vins-fusion-ros2/src/VINS-Fusion-ROS2-humble-arm/camera_models/include/camodocal/sparse_graph/Transform.h:22:5:[m[K [01;35m[Kwarning: [m[Ktype qualifiers ignored on function return type [[01;35m[K-Wignored-qualifiers[m[K]
   22 |     [01;35m[Kconst[m[K double* const rotationData(void) const;
      |     [01;35m[K^~~~~[m[K
[01m[K/home/deathstroke/vins-fusion-ros2/src/VINS-Fusion-ROS2-humble-arm/camera_models/include/camodocal/sparse_graph/Transform.h:27:5:[m[K [01;35m[Kwarning: [m[Ktype qualifiers ignored on function return type [[01;35m[K-Wignored-qualifiers[m[K]
   27 |     [01;35m[Kconst[m[K double* const translationData(void) const;
      |     [01;35m[K^~~~~[m[K
[01m[K/home/deathstroke/vins-fusion-ros2/src/VINS-Fusion-ROS2-humble-arm/camera_models/src/sparse_graph/Transform.cc:36:1:[m[K [01;35m[Kwarning: [m[Ktype qualifiers ignored on function return type [[01;35m[K-Wignored-qualifiers[m[K]
   36 | [01;35m[Kconst[m[K double* const
      | [01;35m[K^~~~~[m[K
[01m[K/home/deathstroke/vins-fusion-ros2/src/VINS-Fusion-ROS2-humble-arm/camera_models/src/sparse_graph/Transform.cc:60:1:[m[K [01;35m[Kwarning: [m[Ktype qualifiers ignored on function return type [[01;35m[K-Wignored-qualifiers[m[K]
   60 | [01;35m[Kconst[m[K double* const
      | [01;35m[K^~~~~[m[K
In file included from [01m[K/home/deathstroke/vins-fusion-ros2/src/VINS-Fusion-ROS2-humble-arm/camera_models/src/sparse_graph/Transform.cc:1[m[K:
[01m[K/home/deathstroke/vins-fusion-ros2/src/VINS-Fusion-ROS2-humble-arm/camera_models/include/camodocal/sparse_graph/Transform.h:22:5:[m[K [01;35m[Kwarning: [m[Ktype qualifiers ignored on function return type [[01;35m[K-Wignored-qualifiers[m[K]
   22 |     [01;35m[Kconst[m[K double* const rotationData(void) const;
      |     [01;35m[K^~~~~[m[K
[01m[K/home/deathstroke/vins-fusion-ros2/src/VINS-Fusion-ROS2-humble-arm/camera_models/include/camodocal/sparse_graph/Transform.h:27:5:[m[K [01;35m[Kwarning: [m[Ktype qualifiers ignored on function return type [[01;35m[K-Wignored-qualifiers[m[K]
   27 |     [01;35m[Kconst[m[K double* const translationData(void) const;
      |     [01;35m[K^~~~~[m[K
[01m[K/home/deathstroke/vins-fusion-ros2/src/VINS-Fusion-ROS2-humble-arm/camera_models/src/sparse_graph/Transform.cc:36:1:[m[K [01;35m[Kwarning: [m[Ktype qualifiers ignored on function return type [[01;35m[K-Wignored-qualifiers[m[K]
   36 | [01;35m[Kconst[m[K double* const
      | [01;35m[K^~~~~[m[K
[01m[K/home/deathstroke/vins-fusion-ros2/src/VINS-Fusion-ROS2-humble-arm/camera_models/src/sparse_graph/Transform.cc:60:1:[m[K [01;35m[Kwarning: [m[Ktype qualifiers ignored on function return type [[01;35m[K-Wignored-qualifiers[m[K]
   60 | [01;35m[Kconst[m[K double* const
      | [01;35m[K^~~~~[m[K
[01m[K/home/deathstroke/vins-fusion-ros2/src/VINS-Fusion-ROS2-humble-arm/camera_models/src/camera_models/CataCamera.cc:[m[K In constructor ‘[01m[Kcamodocal::CataCamera::CataCamera(const camodocal::CataCamera::Parameters&)[m[K’:
[01m[K/home/deathstroke/vins-fusion-ros2/src/VINS-Fusion-ROS2-humble-arm/camera_models/src/camera_models/CataCamera.cc:327:4:[m[K [01;35m[Kwarning: [m[Kimplicitly-declared ‘[01m[Kcamodocal::CataCamera::Parameters::Parameters(const camodocal::CataCamera::Parameters&)[m[K’ is deprecated [[01;35m[K-Wdeprecated-copy[m[K]
  327 |  : [01;35m[KmParameters(params)[m[K
      |    [01;35m[K^~~~~~~~~~~~~~~~~~~[m[K
[01m[K/home/deathstroke/vins-fusion-ros2/src/VINS-Fusion-ROS2-humble-arm/camera_models/src/camera_models/CataCamera.cc:237:1:[m[K [01;36m[Knote: [m[Kbecause ‘[01m[Kcamodocal::CataCamera::Parameters[m[K’ has user-provided ‘[01m[Kcamodocal::CataCamera::Parameters& camodocal::CataCamera::Parameters::operator=(const camodocal::CataCamera::Parameters&)[m[K’
  237 | [01;36m[KCataCamera[m[K::Parameters::operator=(const CataCamera::Parameters& other)
      | [01;36m[K^~~~~~~~~~[m[K
[01m[K/home/deathstroke/vins-fusion-ros2/src/VINS-Fusion-ROS2-humble-arm/camera_models/src/camera_models/CataCamera.cc:[m[K In member function ‘[01m[Kvirtual void camodocal::CataCamera::estimateIntrinsics(const Size&, const std::vector<std::vector<cv::Point3_<float> > >&, const std::vector<std::vector<cv::Point_<float> > >&)[m[K’:
[01m[K/home/deathstroke/vins-fusion-ros2/src/VINS-Fusion-ROS2-humble-arm/camera_models/src/camera_models/CataCamera.cc:377:39:[m[K [01;35m[Kwarning: [m[Kimplicitly-declared ‘[01m[Kcamodocal::CataCamera::Parameters::Parameters(const camodocal::CataCamera::Parameters&)[m[K’ is deprecated [[01;35m[K-Wdeprecated-copy[m[K]
  377 |     Parameters params = getParameters([01;35m[K)[m[K;
      |                                       [01;35m[K^[m[K
[01m[K/home/deathstroke/vins-fusion-ros2/src/VINS-Fusion-ROS2-humble-arm/camera_models/src/camera_models/CataCamera.cc:237:1:[m[K [01;36m[Knote: [m[Kbecause ‘[01m[Kcamodocal::CataCamera::Parameters[m[K’ has user-provided ‘[01m[Kcamodocal::CataCamera::Parameters& camodocal::CataCamera::Parameters::operator=(const camodocal::CataCamera::Parameters&)[m[K’
  237 | [01;36m[KCataCamera[m[K::Parameters::operator=(const CataCamera::Parameters& other)
      | [01;36m[K^~~~~~~~~~[m[K
[01m[K/home/deathstroke/vins-fusion-ros2/src/VINS-Fusion-ROS2-humble-arm/camera_models/src/camera_models/CataCamera.cc:[m[K In member function ‘[01m[Kvirtual void camodocal::CataCamera::readParameters(const std::vector<double, std::allocator<double> >&)[m[K’:
[01m[K/home/deathstroke/vins-fusion-ros2/src/VINS-Fusion-ROS2-humble-arm/camera_models/src/camera_models/CataCamera.cc:960:39:[m[K [01;35m[Kwarning: [m[Kimplicitly-declared ‘[01m[Kcamodocal::CataCamera::Parameters::Parameters(const camodocal::CataCamera::Parameters&)[m[K’ is deprecated [[01;35m[K-Wdeprecated-copy[m[K]
  960 |     Parameters params = getParameters([01;35m[K)[m[K;
      |                                       [01;35m[K^[m[K
[01m[K/home/deathstroke/vins-fusion-ros2/src/VINS-Fusion-ROS2-humble-arm/camera_models/src/camera_models/CataCamera.cc:237:1:[m[K [01;36m[Knote: [m[Kbecause ‘[01m[Kcamodocal::CataCamera::Parameters[m[K’ has user-provided ‘[01m[Kcamodocal::CataCamera::Parameters& camodocal::CataCamera::Parameters::operator=(const camodocal::CataCamera::Parameters&)[m[K’
  237 | [01;36m[KCataCamera[m[K::Parameters::operator=(const CataCamera::Parameters& other)
      | [01;36m[K^~~~~~~~~~[m[K
[01m[K/home/deathstroke/vins-fusion-ros2/src/VINS-Fusion-ROS2-humble-arm/camera_models/src/camera_models/CataCamera.cc:[m[K In constructor ‘[01m[Kcamodocal::CataCamera::CataCamera(const camodocal::CataCamera::Parameters&)[m[K’:
[01m[K/home/deathstroke/vins-fusion-ros2/src/VINS-Fusion-ROS2-humble-arm/camera_models/src/camera_models/CataCamera.cc:327:4:[m[K [01;35m[Kwarning: [m[Kimplicitly-declared ‘[01m[Kcamodocal::CataCamera::Parameters::Parameters(const camodocal::CataCamera::Parameters&)[m[K’ is deprecated [[01;35m[K-Wdeprecated-copy[m[K]
  327 |  : [01;35m[KmParameters(params)[m[K
      |    [01;35m[K^~~~~~~~~~~~~~~~~~~[m[K
[01m[K/home/deathstroke/vins-fusion-ros2/src/VINS-Fusion-ROS2-humble-arm/camera_models/src/camera_models/CataCamera.cc:237:1:[m[K [01;36m[Knote: [m[Kbecause ‘[01m[Kcamodocal::CataCamera::Parameters[m[K’ has user-provided ‘[01m[Kcamodocal::CataCamera::Parameters& camodocal::CataCamera::Parameters::operator=(const camodocal::CataCamera::Parameters&)[m[K’
  237 | [01;36m[KCataCamera[m[K::Parameters::operator=(const CataCamera::Parameters& other)
      | [01;36m[K^~~~~~~~~~[m[K
[01m[K/home/deathstroke/vins-fusion-ros2/src/VINS-Fusion-ROS2-humble-arm/camera_models/src/camera_models/CataCamera.cc:[m[K In member function ‘[01m[Kvirtual void camodocal::CataCamera::estimateIntrinsics(const Size&, const std::vector<std::vector<cv::Point3_<float> > >&, const std::vector<std::vector<cv::Point_<float> > >&)[m[K’:
[01m[K/home/deathstroke/vins-fusion-ros2/src/VINS-Fusion-ROS2-humble-arm/camera_models/src/camera_models/CataCamera.cc:377:39:[m[K [01;35m[Kwarning: [m[Kimplicitly-declared ‘[01m[Kcamodocal::CataCamera::Parameters::Parameters(const camodocal::CataCamera::Parameters&)[m[K’ is deprecated [[01;35m[K-Wdeprecated-copy[m[K]
  377 |     Parameters params = getParameters([01;35m[K)[m[K;
      |                                       [01;35m[K^[m[K
[01m[K/home/deathstroke/vins-fusion-ros2/src/VINS-Fusion-ROS2-humble-arm/camera_models/src/camera_models/CataCamera.cc:237:1:[m[K [01;36m[Knote: [m[Kbecause ‘[01m[Kcamodocal::CataCamera::Parameters[m[K’ has user-provided ‘[01m[Kcamodocal::CataCamera::Parameters& camodocal::CataCamera::Parameters::operator=(const camodocal::CataCamera::Parameters&)[m[K’
  237 | [01;36m[KCataCamera[m[K::Parameters::operator=(const CataCamera::Parameters& other)
      | [01;36m[K^~~~~~~~~~[m[K
[01m[K/home/deathstroke/vins-fusion-ros2/src/VINS-Fusion-ROS2-humble-arm/camera_models/src/camera_models/CataCamera.cc:[m[K In member function ‘[01m[Kvirtual void camodocal::CataCamera::readParameters(const std::vector<double, std::allocator<double> >&)[m[K’:
[01m[K/home/deathstroke/vins-fusion-ros2/src/VINS-Fusion-ROS2-humble-arm/camera_models/src/camera_models/CataCamera.cc:960:39:[m[K [01;35m[Kwarning: [m[Kimplicitly-declared ‘[01m[Kcamodocal::CataCamera::Parameters::Parameters(const camodocal::CataCamera::Parameters&)[m[K’ is deprecated [[01;35m[K-Wdeprecated-copy[m[K]
  960 |     Parameters params = getParameters([01;35m[K)[m[K;
      |                                       [01;35m[K^[m[K
[01m[K/home/deathstroke/vins-fusion-ros2/src/VINS-Fusion-ROS2-humble-arm/camera_models/src/camera_models/CataCamera.cc:237:1:[m[K [01;36m[Knote: [m[Kbecause ‘[01m[Kcamodocal::CataCamera::Parameters[m[K’ has user-provided ‘[01m[Kcamodocal::CataCamera::Parameters& camodocal::CataCamera::Parameters::operator=(const camodocal::CataCamera::Parameters&)[m[K’
  237 | [01;36m[KCataCamera[m[K::Parameters::operator=(const CataCamera::Parameters& other)
      | [01;36m[K^~~~~~~~~~[m[K
In file included from [01m[K/home/deathstroke/vins-fusion-ros2/src/VINS-Fusion-ROS2-humble-arm/camera_models/src/camera_models/CameraFactory.cc:8[m[K:
[01m[K/home/deathstroke/vins-fusion-ros2/src/VINS-Fusion-ROS2-humble-arm/camera_models/include/camodocal/camera_models/PinholeFullCamera.h:[m[K In member function ‘[01m[Kvoid camodocal::PinholeFullCamera::setInitIntrinsics(const std::vector<std::vector<cv::Point3_<float> > >&, const std::vector<std::vector<cv::Point_<float> > >&)[m[K’:
[01m[K/home/deathstroke/vins-fusion-ros2/src/VINS-Fusion-ROS2-humble-arm/camera_models/include/camodocal/camera_models/PinholeFullCamera.h:126:44:[m[K [01;35m[Kwarning: [m[Kimplicitly-declared ‘[01m[Kcamodocal::PinholeFullCamera::Parameters::Parameters(const camodocal::PinholeFullCamera::Parameters&)[m[K’ is deprecated [[01;35m[K-Wdeprecated-copy[m[K]
  126 |         Parameters params = getParameters( [01;35m[K)[m[K;
      |                                            [01;35m[K^[m[K
[01m[K/home/deathstroke/vins-fusion-ros2/src/VINS-Fusion-ROS2-humble-arm/camera_models/include/camodocal/camera_models/PinholeFullCamera.h:66:21:[m[K [01;36m[Knote: [m[Kbecause ‘[01m[Kcamodocal::PinholeFullCamera::Parameters[m[K’ has user-provided ‘[01m[Kcamodocal::PinholeFullCamera::Parameters& camodocal::PinholeFullCamera::Parameters::operator=(const camodocal::PinholeFullCamera::Parameters&)[m[K’
   66 |         Parameters& [01;36m[Koperator[m[K=( const Parameters& other );
      |                     [01;36m[K^~~~~~~~[m[K
[01m[K/home/deathstroke/vins-fusion-ros2/src/VINS-Fusion-ROS2-humble-arm/camera_models/src/camera_models/CameraFactory.cc:[m[K In member function ‘[01m[Kcamodocal::CameraPtr camodocal::CameraFactory::generateCamera(camodocal::Camera::ModelType, const string&, cv::Size) const[m[K’:
[01m[K/home/deathstroke/vins-fusion-ros2/src/VINS-Fusion-ROS2-humble-arm/camera_models/src/camera_models/CameraFactory.cc:40:75:[m[K [01;35m[Kwarning: [m[Kimplicitly-declared ‘[01m[Kcamodocal::EquidistantCamera::Parameters::Parameters(const camodocal::EquidistantCamera::Parameters&)[m[K’ is deprecated [[01;35m[K-Wdeprecated-copy[m[K]
   40 |             EquidistantCamera::Parameters params = camera->getParameters( [01;35m[K)[m[K;
      |                                                                           [01;35m[K^[m[K
In file included from [01m[K/home/deathstroke/vins-fusion-ros2/src/VINS-Fusion-ROS2-humble-arm/camera_models/src/camera_models/CameraFactory.cc:6[m[K:
[01m[K/home/deathstroke/vins-fusion-ros2/src/VINS-Fusion-ROS2-humble-arm/camera_models/include/camodocal/camera_models/EquidistantCamera.h:52:21:[m[K [01;36m[Knote: [m[Kbecause ‘[01m[Kcamodocal::EquidistantCamera::Parameters[m[K’ has user-provided ‘[01m[Kcamodocal::EquidistantCamera::Parameters& camodocal::EquidistantCamera::Parameters::operator=(const camodocal::EquidistantCamera::Parameters&)[m[K’
   52 |         Parameters& [01;36m[Koperator[m[K=(const Parameters& other);
      |                     [01;36m[K^~~~~~~~[m[K
[01m[K/home/deathstroke/vins-fusion-ros2/src/VINS-Fusion-ROS2-humble-arm/camera_models/src/camera_models/CameraFactory.cc:51:71:[m[K [01;35m[Kwarning: [m[Kimplicitly-declared ‘[01m[Kcamodocal::PinholeCamera::Parameters::Parameters(const camodocal::PinholeCamera::Parameters&)[m[K’ is deprecated [[01;35m[K-Wdeprecated-copy[m[K]
   51 |             PinholeCamera::Parameters params = camera->getParameters( [01;35m[K)[m[K;
      |                                                                       [01;35m[K^[m[K
In file included from [01m[K/home/deathstroke/vins-fusion-ros2/src/VINS-Fusion-ROS2-humble-arm/camera_models/src/camera_models/CameraFactory.cc:7[m[K:
[01m[K/home/deathstroke/vins-fusion-ros2/src/VINS-Fusion-ROS2-humble-arm/camera_models/include/camodocal/camera_models/PinholeCamera.h:47:21:[m[K [01;36m[Knote: [m[Kbecause ‘[01m[Kcamodocal::PinholeCamera::Parameters[m[K’ has user-provided ‘[01m[Kcamodocal::PinholeCamera::Parameters& camodocal::PinholeCamera::Parameters::operator=(const camodocal::PinholeCamera::Parameters&)[m[K’
   47 |         Parameters& [01;36m[Koperator[m[K=(const Parameters& other);
      |                     [01;36m[K^~~~~~~~[m[K
[01m[K/home/deathstroke/vins-fusion-ros2/src/VINS-Fusion-ROS2-humble-arm/camera_models/src/camera_models/CameraFactory.cc:62:75:[m[K [01;35m[Kwarning: [m[Kimplicitly-declared ‘[01m[Kcamodocal::PinholeFullCamera::Parameters::Parameters(const camodocal::PinholeFullCamera::Parameters&)[m[K’ is deprecated [[01;35m[K-Wdeprecated-copy[m[K]
   62 |             PinholeFullCamera::Parameters params = camera->getParameters( [01;35m[K)[m[K;
      |                                                                           [01;35m[K^[m[K
In file included from [01m[K/home/deathstroke/vins-fusion-ros2/src/VINS-Fusion-ROS2-humble-arm/camera_models/src/camera_models/CameraFactory.cc:8[m[K:
[01m[K/home/deathstroke/vins-fusion-ros2/src/VINS-Fusion-ROS2-humble-arm/camera_models/include/camodocal/camera_models/PinholeFullCamera.h:66:21:[m[K [01;36m[Knote: [m[Kbecause ‘[01m[Kcamodocal::PinholeFullCamera::Parameters[m[K’ has user-provided ‘[01m[Kcamodocal::PinholeFullCamera::Parameters& camodocal::PinholeFullCamera::Parameters::operator=(const camodocal::PinholeFullCamera::Parameters&)[m[K’
   66 |         Parameters& [01;36m[Koperator[m[K=( const Parameters& other );
      |                     [01;36m[K^~~~~~~~[m[K
[01m[K/home/deathstroke/vins-fusion-ros2/src/VINS-Fusion-ROS2-humble-arm/camera_models/src/camera_models/CameraFactory.cc:73:68:[m[K [01;35m[Kwarning: [m[Kimplicitly-declared ‘[01m[Kcamodocal::OCAMCamera::Parameters::Parameters(const camodocal::OCAMCamera::Parameters&)[m[K’ is deprecated [[01;35m[K-Wdeprecated-copy[m[K]
   73 |             OCAMCamera::Parameters params = camera->getParameters( [01;35m[K)[m[K;
      |                                                                    [01;35m[K^[m[K
In file included from [01m[K/home/deathstroke/vins-fusion-ros2/src/VINS-Fusion-ROS2-humble-arm/camera_models/src/camera_models/CameraFactory.cc:9[m[K:
[01m[K/home/deathstroke/vins-fusion-ros2/src/VINS-Fusion-ROS2-humble-arm/camera_models/include/camodocal/camera_models/ScaramuzzaCamera.h:54:21:[m[K [01;36m[Knote: [m[Kbecause ‘[01m[Kcamodocal::OCAMCamera::Parameters[m[K’ has user-provided ‘[01m[Kcamodocal::OCAMCamera::Parameters& camodocal::OCAMCamera::Parameters::operator=(const camodocal::OCAMCamera::Parameters&)[m[K’
   54 |         Parameters& [01;36m[Koperator[m[K=(const Parameters& other);
      |                     [01;36m[K^~~~~~~~[m[K
[01m[K/home/deathstroke/vins-fusion-ros2/src/VINS-Fusion-ROS2-humble-arm/camera_models/src/camera_models/CameraFactory.cc:85:68:[m[K [01;35m[Kwarning: [m[Kimplicitly-declared ‘[01m[Kcamodocal::CataCamera::Parameters::Parameters(const camodocal::CataCamera::Parameters&)[m[K’ is deprecated [[01;35m[K-Wdeprecated-copy[m[K]
   85 |             CataCamera::Parameters params = camera->getParameters( [01;35m[K)[m[K;
      |                                                                    [01;35m[K^[m[K
In file included from [01m[K/home/deathstroke/vins-fusion-ros2/src/VINS-Fusion-ROS2-humble-arm/camera_models/src/camera_models/CameraFactory.cc:5[m[K:
[01m[K/home/deathstroke/vins-fusion-ros2/src/VINS-Fusion-ROS2-humble-arm/camera_models/include/camodocal/camera_models/CataCamera.h:54:21:[m[K [01;36m[Knote: [m[Kbecause ‘[01m[Kcamodocal::CataCamera::Parameters[m[K’ has user-provided ‘[01m[Kcamodocal::CataCamera::Parameters& camodocal::CataCamera::Parameters::operator=(const camodocal::CataCamera::Parameters&)[m[K’
   54 |         Parameters& [01;36m[Koperator[m[K=(const Parameters& other);
      |                     [01;36m[K^~~~~~~~[m[K
[01m[K/home/deathstroke/vins-fusion-ros2/src/VINS-Fusion-ROS2-humble-arm/camera_models/src/camera_models/CameraFactory.cc:[m[K In member function ‘[01m[Kcamodocal::CameraPtr camodocal::CameraFactory::generateCameraFromYamlFile(const string&)[m[K’:
[01m[K/home/deathstroke/vins-fusion-ros2/src/VINS-Fusion-ROS2-humble-arm/camera_models/src/camera_models/CameraFactory.cc:144:75:[m[K [01;35m[Kwarning: [m[Kimplicitly-declared ‘[01m[Kcamodocal::EquidistantCamera::Parameters::Parameters(const camodocal::EquidistantCamera::Parameters&)[m[K’ is deprecated [[01;35m[K-Wdeprecated-copy[m[K]
  144 |             EquidistantCamera::Parameters params = camera->getParameters( [01;35m[K)[m[K;
      |                                                                           [01;35m[K^[m[K
In file included from [01m[K/home/deathstroke/vins-fusion-ros2/src/VINS-Fusion-ROS2-humble-arm/camera_models/src/camera_models/CameraFactory.cc:6[m[K:
[01m[K/home/deathstroke/vins-fusion-ros2/src/VINS-Fusion-ROS2-humble-arm/camera_models/include/camodocal/camera_models/EquidistantCamera.h:52:21:[m[K [01;36m[Knote: [m[Kbecause ‘[01m[Kcamodocal::EquidistantCamera::Parameters[m[K’ has user-provided ‘[01m[Kcamodocal::EquidistantCamera::Parameters& camodocal::EquidistantCamera::Parameters::operator=(const camodocal::EquidistantCamera::Parameters&)[m[K’
   52 |         Parameters& [01;36m[Koperator[m[K=(const Parameters& other);
      |                     [01;36m[K^~~~~~~~[m[K
[01m[K/home/deathstroke/vins-fusion-ros2/src/VINS-Fusion-ROS2-humble-arm/camera_models/src/camera_models/CameraFactory.cc:153:71:[m[K [01;35m[Kwarning: [m[Kimplicitly-declared ‘[01m[Kcamodocal::PinholeCamera::Parameters::Parameters(const camodocal::PinholeCamera::Parameters&)[m[K’ is deprecated [[01;35m[K-Wdeprecated-copy[m[K]
  153 |             PinholeCamera::Parameters params = camera->getParameters( [01;35m[K)[m[K;
      |                                                                       [01;35m[K^[m[K
In file included from [01m[K/home/deathstroke/vins-fusion-ros2/src/VINS-Fusion-ROS2-humble-arm/camera_models/src/camera_models/CameraFactory.cc:7[m[K:
[01m[K/home/deathstroke/vins-fusion-ros2/src/VINS-Fusion-ROS2-humble-arm/camera_models/include/camodocal/camera_models/PinholeCamera.h:47:21:[m[K [01;36m[Knote: [m[Kbecause ‘[01m[Kcamodocal::PinholeCamera::Parameters[m[K’ has user-provided ‘[01m[Kcamodocal::PinholeCamera::Parameters& camodocal::PinholeCamera::Parameters::operator=(const camodocal::PinholeCamera::Parameters&)[m[K’
   47 |         Parameters& [01;36m[Koperator[m[K=(const Parameters& other);
      |                     [01;36m[K^~~~~~~~[m[K
[01m[K/home/deathstroke/vins-fusion-ros2/src/VINS-Fusion-ROS2-humble-arm/camera_models/src/camera_models/CameraFactory.cc:162:75:[m[K [01;35m[Kwarning: [m[Kimplicitly-declared ‘[01m[Kcamodocal::PinholeFullCamera::Parameters::Parameters(const camodocal::PinholeFullCamera::Parameters&)[m[K’ is deprecated [[01;35m[K-Wdeprecated-copy[m[K]
  162 |             PinholeFullCamera::Parameters params = camera->getParameters( [01;35m[K)[m[K;
      |                                                                           [01;35m[K^[m[K
In file included from [01m[K/home/deathstroke/vins-fusion-ros2/src/VINS-Fusion-ROS2-humble-arm/camera_models/src/camera_models/CameraFactory.cc:8[m[K:
[01m[K/home/deathstroke/vins-fusion-ros2/src/VINS-Fusion-ROS2-humble-arm/camera_models/include/camodocal/camera_models/PinholeFullCamera.h:66:21:[m[K [01;36m[Knote: [m[Kbecause ‘[01m[Kcamodocal::PinholeFullCamera::Parameters[m[K’ has user-provided ‘[01m[Kcamodocal::PinholeFullCamera::Parameters& camodocal::PinholeFullCamera::Parameters::operator=(const camodocal::PinholeFullCamera::Parameters&)[m[K’
   66 |         Parameters& [01;36m[Koperator[m[K=( const Parameters& other );
      |                     [01;36m[K^~~~~~~~[m[K
[01m[K/home/deathstroke/vins-fusion-ros2/src/VINS-Fusion-ROS2-humble-arm/camera_models/src/camera_models/CameraFactory.cc:171:68:[m[K [01;35m[Kwarning: [m[Kimplicitly-declared ‘[01m[Kcamodocal::OCAMCamera::Parameters::Parameters(const camodocal::OCAMCamera::Parameters&)[m[K’ is deprecated [[01;35m[K-Wdeprecated-copy[m[K]
  171 |             OCAMCamera::Parameters params = camera->getParameters( [01;35m[K)[m[K;
      |                                                                    [01;35m[K^[m[K
In file included from [01m[K/home/deathstroke/vins-fusion-ros2/src/VINS-Fusion-ROS2-humble-arm/camera_models/src/camera_models/CameraFactory.cc:9[m[K:
[01m[K/home/deathstroke/vins-fusion-ros2/src/VINS-Fusion-ROS2-humble-arm/camera_models/include/camodocal/camera_models/ScaramuzzaCamera.h:54:21:[m[K [01;36m[Knote: [m[Kbecause ‘[01m[Kcamodocal::OCAMCamera::Parameters[m[K’ has user-provided ‘[01m[Kcamodocal::OCAMCamera::Parameters& camodocal::OCAMCamera::Parameters::operator=(const camodocal::OCAMCamera::Parameters&)[m[K’
   54 |         Parameters& [01;36m[Koperator[m[K=(const Parameters& other);
      |                     [01;36m[K^~~~~~~~[m[K
[01m[K/home/deathstroke/vins-fusion-ros2/src/VINS-Fusion-ROS2-humble-arm/camera_models/src/camera_models/CameraFactory.cc:181:68:[m[K [01;35m[Kwarning: [m[Kimplicitly-declared ‘[01m[Kcamodocal::CataCamera::Parameters::Parameters(const camodocal::CataCamera::Parameters&)[m[K’ is deprecated [[01;35m[K-Wdeprecated-copy[m[K]
  181 |             CataCamera::Parameters params = camera->getParameters( [01;35m[K)[m[K;
      |                                                                    [01;35m[K^[m[K
In file included from [01m[K/home/deathstroke/vins-fusion-ros2/src/VINS-Fusion-ROS2-humble-arm/camera_models/src/camera_models/CameraFactory.cc:5[m[K:
[01m[K/home/deathstroke/vins-fusion-ros2/src/VINS-Fusion-ROS2-humble-arm/camera_models/include/camodocal/camera_models/CataCamera.h:54:21:[m[K [01;36m[Knote: [m[Kbecause ‘[01m[Kcamodocal::CataCamera::Parameters[m[K’ has user-provided ‘[01m[Kcamodocal::CataCamera::Parameters& camodocal::CataCamera::Parameters::operator=(const camodocal::CataCamera::Parameters&)[m[K’
   54 |         Parameters& [01;36m[Koperator[m[K=(const Parameters& other);
      |                     [01;36m[K^~~~~~~~[m[K
In file included from [01m[K/home/deathstroke/vins-fusion-ros2/src/VINS-Fusion-ROS2-humble-arm/camera_models/src/calib/CameraCalibration.cc:15[m[K:
[01m[K/home/deathstroke/vins-fusion-ros2/src/VINS-Fusion-ROS2-humble-arm/camera_models/include/camodocal/sparse_graph/Transform.h:22:5:[m[K [01;35m[Kwarning: [m[Ktype qualifiers ignored on function return type [[01;35m[K-Wignored-qualifiers[m[K]
   22 |     [01;35m[Kconst[m[K double* const rotationData(void) const;
      |     [01;35m[K^~~~~[m[K
[01m[K/home/deathstroke/vins-fusion-ros2/src/VINS-Fusion-ROS2-humble-arm/camera_models/include/camodocal/sparse_graph/Transform.h:27:5:[m[K [01;35m[Kwarning: [m[Ktype qualifiers ignored on function return type [[01;35m[K-Wignored-qualifiers[m[K]
   27 |     [01;35m[Kconst[m[K double* const translationData(void) const;
      |     [01;35m[K^~~~~[m[K
[01m[K/home/deathstroke/vins-fusion-ros2/src/VINS-Fusion-ROS2-humble-arm/camera_models/src/calib/CameraCalibration.cc:[m[K In member function ‘[01m[Kvoid camodocal::CameraCalibration::optimize(camodocal::CameraPtr&, std::vector<cv::Mat>&, std::vector<cv::Mat>&) const[m[K’:
[01m[K/home/deathstroke/vins-fusion-ros2/src/VINS-Fusion-ROS2-humble-arm/camera_models/src/calib/CameraCalibration.cc:507:39:[m[K [01;35m[Kwarning: [m[K‘[01m[KLocalParameterization[m[K’ is deprecated: LocalParameterizations will be removed from the Ceres Solver API in version 2.2.0. Use Manifolds instead. [[01;35m[K-Wdeprecated-declarations[m[K]
  507 |         ceres::LocalParameterization* [01;35m[KquaternionParameterization[m[K =
      |                                       [01;35m[K^~~~~~~~~~~~~~~~~~~~~~~~~~[m[K
In file included from [01m[K/home/deathstroke/vins-fusion-ros2/src/VINS-Fusion-ROS2-humble-arm/camera_models/include/camodocal/gpl/EigenQuaternionParameterization.h:4[m[K,
                 from [01m[K/home/deathstroke/vins-fusion-ros2/src/VINS-Fusion-ROS2-humble-arm/camera_models/src/calib/CameraCalibration.cc:16[m[K:
[01m[K/usr/local/include/ceres/local_parameterization.h:121:18:[m[K [01;36m[Knote: [m[Kdeclared here
  121 |     CERES_EXPORT [01;36m[KLocalParameterization[m[K {
      |                  [01;36m[K^~~~~~~~~~~~~~~~~~~~~[m[K
[01m[K/home/deathstroke/vins-fusion-ros2/src/VINS-Fusion-ROS2-humble-arm/camera_models/src/calib/CameraCalibration.cc:510:36:[m[K [01;35m[Kwarning: [m[K‘[01m[Kvoid ceres::Problem::SetParameterization(double*, ceres::LocalParameterization*)[m[K’ is deprecated: LocalParameterizations are deprecated. Use SetManifold instead. [[01;35m[K-Wdeprecated-declarations[m[K]
  510 |         [01;35m[Kproblem.SetParameterization(transformVec.at(i).rotationData(),[m[K
      |         [01;35m[K~~~~~~~~~~~~~~~~~~~~~~~~~~~^~~~~~~~~~~~~~~~~~~~~~~~~~~~~~~~~~~[m[K
  511 | [01;35m[K                                    quaternionParameterization)[m[K;
      |                                     [01;35m[K~~~~~~~~~~~~~~~~~~~~~~~~~~~[m[K
In file included from [01m[K/usr/local/include/ceres/ceres.h:66[m[K,
                 from [01m[K/home/deathstroke/vins-fusion-ros2/src/VINS-Fusion-ROS2-humble-arm/camera_models/src/calib/CameraCalibration.cc:20[m[K:
[01m[K/usr/local/include/ceres/problem.h:395:8:[m[K [01;36m[Knote: [m[Kdeclared here
  395 |   void [01;36m[KSetParameterization[m[K(double* values,
      |        [01;36m[K^~~~~~~~~~~~~~~~~~~[m[K
[01m[K/home/deathstroke/vins-fusion-ros2/src/VINS-Fusion-ROS2-humble-arm/camera_models/src/camera_models/ScaramuzzaCamera.cc:[m[K In constructor ‘[01m[Kcamodocal::OCAMCamera::OCAMCamera(const camodocal::OCAMCamera::Parameters&)[m[K’:
[01m[K/home/deathstroke/vins-fusion-ros2/src/VINS-Fusion-ROS2-humble-arm/camera_models/src/camera_models/ScaramuzzaCamera.cc:198:4:[m[K [01;35m[Kwarning: [m[Kimplicitly-declared ‘[01m[Kcamodocal::OCAMCamera::Parameters::Parameters(const camodocal::OCAMCamera::Parameters&)[m[K’ is deprecated [[01;35m[K-Wdeprecated-copy[m[K]
  198 |  : [01;35m[KmParameters(params)[m[K
      |    [01;35m[K^~~~~~~~~~~~~~~~~~~[m[K
[01m[K/home/deathstroke/vins-fusion-ros2/src/VINS-Fusion-ROS2-humble-arm/camera_models/src/camera_models/ScaramuzzaCamera.cc:141:1:[m[K [01;36m[Knote: [m[Kbecause ‘[01m[Kcamodocal::OCAMCamera::Parameters[m[K’ has user-provided ‘[01m[Kcamodocal::OCAMCamera::Parameters& camodocal::OCAMCamera::Parameters::operator=(const camodocal::OCAMCamera::Parameters&)[m[K’
  141 | [01;36m[KOCAMCamera[m[K::Parameters::operator=(const OCAMCamera::Parameters& other)
      | [01;36m[K^~~~~~~~~~[m[K
[01m[K/home/deathstroke/vins-fusion-ros2/src/VINS-Fusion-ROS2-humble-arm/camera_models/src/camera_models/ScaramuzzaCamera.cc:[m[K In member function ‘[01m[Kvirtual void camodocal::OCAMCamera::estimateIntrinsics(const Size&, const std::vector<std::vector<cv::Point3_<float> > >&, const std::vector<std::vector<cv::Point_<float> > >&)[m[K’:
[01m[K/home/deathstroke/vins-fusion-ros2/src/VINS-Fusion-ROS2-humble-arm/camera_models/src/camera_models/ScaramuzzaCamera.cc:517:39:[m[K [01;35m[Kwarning: [m[Kimplicitly-declared ‘[01m[Kcamodocal::OCAMCamera::Parameters::Parameters(const camodocal::OCAMCamera::Parameters&)[m[K’ is deprecated [[01;35m[K-Wdeprecated-copy[m[K]
  517 |     Parameters params = getParameters([01;35m[K)[m[K;
      |                                       [01;35m[K^[m[K
[01m[K/home/deathstroke/vins-fusion-ros2/src/VINS-Fusion-ROS2-humble-arm/camera_models/src/camera_models/ScaramuzzaCamera.cc:141:1:[m[K [01;36m[Knote: [m[Kbecause ‘[01m[Kcamodocal::OCAMCamera::Parameters[m[K’ has user-provided ‘[01m[Kcamodocal::OCAMCamera::Parameters& camodocal::OCAMCamera::Parameters::operator=(const camodocal::OCAMCamera::Parameters&)[m[K’
  141 | [01;36m[KOCAMCamera[m[K::Parameters::operator=(const OCAMCamera::Parameters& other)
      | [01;36m[K^~~~~~~~~~[m[K
[01m[K/home/deathstroke/vins-fusion-ros2/src/VINS-Fusion-ROS2-humble-arm/camera_models/src/camera_models/ScaramuzzaCamera.cc:[m[K In member function ‘[01m[Kvirtual void camodocal::OCAMCamera::readParameters(const std::vector<double, std::allocator<double> >&)[m[K’:
[01m[K/home/deathstroke/vins-fusion-ros2/src/VINS-Fusion-ROS2-humble-arm/camera_models/src/camera_models/ScaramuzzaCamera.cc:788:39:[m[K [01;35m[Kwarning: [m[Kimplicitly-declared ‘[01m[Kcamodocal::OCAMCamera::Parameters::Parameters(const camodocal::OCAMCamera::Parameters&)[m[K’ is deprecated [[01;35m[K-Wdeprecated-copy[m[K]
  788 |     Parameters params = getParameters([01;35m[K)[m[K;
      |                                       [01;35m[K^[m[K
[01m[K/home/deathstroke/vins-fusion-ros2/src/VINS-Fusion-ROS2-humble-arm/camera_models/src/camera_models/ScaramuzzaCamera.cc:141:1:[m[K [01;36m[Knote: [m[Kbecause ‘[01m[Kcamodocal::OCAMCamera::Parameters[m[K’ has user-provided ‘[01m[Kcamodocal::OCAMCamera::Parameters& camodocal::OCAMCamera::Parameters::operator=(const camodocal::OCAMCamera::Parameters&)[m[K’
  141 | [01;36m[KOCAMCamera[m[K::Parameters::operator=(const OCAMCamera::Parameters& other)
      | [01;36m[K^~~~~~~~~~[m[K
In file included from [01m[K/home/deathstroke/vins-fusion-ros2/src/VINS-Fusion-ROS2-humble-arm/camera_models/src/camera_models/CostFunctionFactory.cc:6[m[K:
[01m[K/home/deathstroke/vins-fusion-ros2/src/VINS-Fusion-ROS2-humble-arm/camera_models/include/camodocal/camera_models/PinholeFullCamera.h:[m[K In member function ‘[01m[Kvoid camodocal::PinholeFullCamera::setInitIntrinsics(const std::vector<std::vector<cv::Point3_<float> > >&, const std::vector<std::vector<cv::Point_<float> > >&)[m[K’:
[01m[K/home/deathstroke/vins-fusion-ros2/src/VINS-Fusion-ROS2-humble-arm/camera_models/include/camodocal/camera_models/PinholeFullCamera.h:126:44:[m[K [01;35m[Kwarning: [m[Kimplicitly-declared ‘[01m[Kcamodocal::PinholeFullCamera::Parameters::Parameters(const camodocal::PinholeFullCamera::Parameters&)[m[K’ is deprecated [[01;35m[K-Wdeprecated-copy[m[K]
  126 |         Parameters params = getParameters( [01;35m[K)[m[K;
      |                                            [01;35m[K^[m[K
[01m[K/home/deathstroke/vins-fusion-ros2/src/VINS-Fusion-ROS2-humble-arm/camera_models/include/camodocal/camera_models/PinholeFullCamera.h:66:21:[m[K [01;36m[Knote: [m[Kbecause ‘[01m[Kcamodocal::PinholeFullCamera::Parameters[m[K’ has user-provided ‘[01m[Kcamodocal::PinholeFullCamera::Parameters& camodocal::PinholeFullCamera::Parameters::operator=(const camodocal::PinholeFullCamera::Parameters&)[m[K’
   66 |         Parameters& [01;36m[Koperator[m[K=( const Parameters& other );
      |                     [01;36m[K^~~~~~~~[m[K
[01m[K/home/deathstroke/vins-fusion-ros2/src/VINS-Fusion-ROS2-humble-arm/camera_models/src/camera_models/PinholeCamera.cc:[m[K In constructor ‘[01m[Kcamodocal::PinholeCamera::PinholeCamera(const camodocal::PinholeCamera::Parameters&)[m[K’:
[01m[K/home/deathstroke/vins-fusion-ros2/src/VINS-Fusion-ROS2-humble-arm/camera_models/src/camera_models/PinholeCamera.cc:299:4:[m[K [01;35m[Kwarning: [m[Kimplicitly-declared ‘[01m[Kcamodocal::PinholeCamera::Parameters::Parameters(const camodocal::PinholeCamera::Parameters&)[m[K’ is deprecated [[01;35m[K-Wdeprecated-copy[m[K]
  299 |  : [01;35m[KmParameters(params)[m[K
      |    [01;35m[K^~~~~~~~~~~~~~~~~~~[m[K
[01m[K/home/deathstroke/vins-fusion-ros2/src/VINS-Fusion-ROS2-humble-arm/camera_models/src/camera_models/PinholeCamera.cc:214:1:[m[K [01;36m[Knote: [m[Kbecause ‘[01m[Kcamodocal::PinholeCamera::Parameters[m[K’ has user-provided ‘[01m[Kcamodocal::PinholeCamera::Parameters& camodocal::PinholeCamera::Parameters::operator=(const camodocal::PinholeCamera::Parameters&)[m[K’
  214 | [01;36m[KPinholeCamera[m[K::Parameters::operator=(const PinholeCamera::Parameters& other)
      | [01;36m[K^~~~~~~~~~~~~[m[K
[01m[K/home/deathstroke/vins-fusion-ros2/src/VINS-Fusion-ROS2-humble-arm/camera_models/src/camera_models/PinholeCamera.cc:[m[K In member function ‘[01m[Kvirtual void camodocal::PinholeCamera::estimateIntrinsics(const Size&, const std::vector<std::vector<cv::Point3_<float> > >&, const std::vector<std::vector<cv::Point_<float> > >&)[m[K’:
[01m[K/home/deathstroke/vins-fusion-ros2/src/VINS-Fusion-ROS2-humble-arm/camera_models/src/camera_models/PinholeCamera.cc:351:39:[m[K [01;35m[Kwarning: [m[Kimplicitly-declared ‘[01m[Kcamodocal::PinholeCamera::Parameters::Parameters(const camodocal::PinholeCamera::Parameters&)[m[K’ is deprecated [[01;35m[K-Wdeprecated-copy[m[K]
  351 |     Parameters params = getParameters([01;35m[K)[m[K;
      |                                       [01;35m[K^[m[K
[01m[K/home/deathstroke/vins-fusion-ros2/src/VINS-Fusion-ROS2-humble-arm/camera_models/src/camera_models/PinholeCamera.cc:214:1:[m[K [01;36m[Knote: [m[Kbecause ‘[01m[Kcamodocal::PinholeCamera::Parameters[m[K’ has user-provided ‘[01m[Kcamodocal::PinholeCamera::Parameters& camodocal::PinholeCamera::Parameters::operator=(const camodocal::PinholeCamera::Parameters&)[m[K’
  214 | [01;36m[KPinholeCamera[m[K::Parameters::operator=(const PinholeCamera::Parameters& other)
      | [01;36m[K^~~~~~~~~~~~~[m[K
[01m[K/home/deathstroke/vins-fusion-ros2/src/VINS-Fusion-ROS2-humble-arm/camera_models/src/camera_models/PinholeCamera.cc:[m[K In member function ‘[01m[Kvirtual void camodocal::PinholeCamera::readParameters(const std::vector<double, std::allocator<double> >&)[m[K’:
[01m[K/home/deathstroke/vins-fusion-ros2/src/VINS-Fusion-ROS2-humble-arm/camera_models/src/camera_models/PinholeCamera.cc:838:39:[m[K [01;35m[Kwarning: [m[Kimplicitly-declared ‘[01m[Kcamodocal::PinholeCamera::Parameters::Parameters(const camodocal::PinholeCamera::Parameters&)[m[K’ is deprecated [[01;35m[K-Wdeprecated-copy[m[K]
  838 |     Parameters params = getParameters([01;35m[K)[m[K;
      |                                       [01;35m[K^[m[K
[01m[K/home/deathstroke/vins-fusion-ros2/src/VINS-Fusion-ROS2-humble-arm/camera_models/src/camera_models/PinholeCamera.cc:214:1:[m[K [01;36m[Knote: [m[Kbecause ‘[01m[Kcamodocal::PinholeCamera::Parameters[m[K’ has user-provided ‘[01m[Kcamodocal::PinholeCamera::Parameters& camodocal::PinholeCamera::Parameters::operator=(const camodocal::PinholeCamera::Parameters&)[m[K’
  214 | [01;36m[KPinholeCamera[m[K::Parameters::operator=(const PinholeCamera::Parameters& other)
      | [01;36m[K^~~~~~~~~~~~~[m[K
In file included from [01m[K/home/deathstroke/vins-fusion-ros2/src/VINS-Fusion-ROS2-humble-arm/camera_models/src/camera_models/CostFunctionFactory.cc:6[m[K:
[01m[K/home/deathstroke/vins-fusion-ros2/src/VINS-Fusion-ROS2-humble-arm/camera_models/include/camodocal/camera_models/PinholeFullCamera.h:[m[K In member function ‘[01m[Kvoid camodocal::PinholeFullCamera::setInitIntrinsics(const std::vector<std::vector<cv::Point3_<float> > >&, const std::vector<std::vector<cv::Point_<float> > >&)[m[K’:
[01m[K/home/deathstroke/vins-fusion-ros2/src/VINS-Fusion-ROS2-humble-arm/camera_models/include/camodocal/camera_models/PinholeFullCamera.h:126:44:[m[K [01;35m[Kwarning: [m[Kimplicitly-declared ‘[01m[Kcamodocal::PinholeFullCamera::Parameters::Parameters(const camodocal::PinholeFullCamera::Parameters&)[m[K’ is deprecated [[01;35m[K-Wdeprecated-copy[m[K]
  126 |         Parameters params = getParameters( [01;35m[K)[m[K;
      |                                            [01;35m[K^[m[K
[01m[K/home/deathstroke/vins-fusion-ros2/src/VINS-Fusion-ROS2-humble-arm/camera_models/include/camodocal/camera_models/PinholeFullCamera.h:66:21:[m[K [01;36m[Knote: [m[Kbecause ‘[01m[Kcamodocal::PinholeFullCamera::Parameters[m[K’ has user-provided ‘[01m[Kcamodocal::PinholeFullCamera::Parameters& camodocal::PinholeFullCamera::Parameters::operator=(const camodocal::PinholeFullCamera::Parameters&)[m[K’
   66 |         Parameters& [01;36m[Koperator[m[K=( const Parameters& other );
      |                     [01;36m[K^~~~~~~~[m[K
In file included from [01m[K/home/deathstroke/vins-fusion-ros2/src/VINS-Fusion-ROS2-humble-arm/camera_models/src/camera_models/PinholeFullCamera.cc:1[m[K:
[01m[K/home/deathstroke/vins-fusion-ros2/src/VINS-Fusion-ROS2-humble-arm/camera_models/include/camodocal/camera_models/PinholeFullCamera.h:[m[K In member function ‘[01m[Kvoid camodocal::PinholeFullCamera::setInitIntrinsics(const std::vector<std::vector<cv::Point3_<float> > >&, const std::vector<std::vector<cv::Point_<float> > >&)[m[K’:
[01m[K/home/deathstroke/vins-fusion-ros2/src/VINS-Fusion-ROS2-humble-arm/camera_models/include/camodocal/camera_models/PinholeFullCamera.h:126:44:[m[K [01;35m[Kwarning: [m[Kimplicitly-declared ‘[01m[Kcamodocal::PinholeFullCamera::Parameters::Parameters(const camodocal::PinholeFullCamera::Parameters&)[m[K’ is deprecated [[01;35m[K-Wdeprecated-copy[m[K]
  126 |         Parameters params = getParameters( [01;35m[K)[m[K;
      |                                            [01;35m[K^[m[K
[01m[K/home/deathstroke/vins-fusion-ros2/src/VINS-Fusion-ROS2-humble-arm/camera_models/include/camodocal/camera_models/PinholeFullCamera.h:66:21:[m[K [01;36m[Knote: [m[Kbecause ‘[01m[Kcamodocal::PinholeFullCamera::Parameters[m[K’ has user-provided ‘[01m[Kcamodocal::PinholeFullCamera::Parameters& camodocal::PinholeFullCamera::Parameters::operator=(const camodocal::PinholeFullCamera::Parameters&)[m[K’
   66 |         Parameters& [01;36m[Koperator[m[K=( const Parameters& other );
      |                     [01;36m[K^~~~~~~~[m[K
[01m[K/home/deathstroke/vins-fusion-ros2/src/VINS-Fusion-ROS2-humble-arm/camera_models/src/camera_models/PinholeFullCamera.cc:[m[K In constructor ‘[01m[Kcamodocal::PinholeFullCamera::PinholeFullCamera(const camodocal::PinholeFullCamera::Parameters&)[m[K’:
[01m[K/home/deathstroke/vins-fusion-ros2/src/VINS-Fusion-ROS2-humble-arm/camera_models/src/camera_models/PinholeFullCamera.cc:381:3:[m[K [01;35m[Kwarning: [m[Kimplicitly-declared ‘[01m[Kcamodocal::PinholeFullCamera::Parameters::Parameters(const camodocal::PinholeFullCamera::Parameters&)[m[K’ is deprecated [[01;35m[K-Wdeprecated-copy[m[K]
  381 | : [01;35m[KmParameters( params )[m[K
      |   [01;35m[K^~~~~~~~~~~~~~~~~~~~~[m[K
[01m[K/home/deathstroke/vins-fusion-ros2/src/VINS-Fusion-ROS2-humble-arm/camera_models/src/camera_models/PinholeFullCamera.cc:280:1:[m[K [01;36m[Knote: [m[Kbecause ‘[01m[Kcamodocal::PinholeFullCamera::Parameters[m[K’ has user-provided ‘[01m[Kcamodocal::PinholeFullCamera::Parameters& camodocal::PinholeFullCamera::Parameters::operator=(const camodocal::PinholeFullCamera::Parameters&)[m[K’
  280 | [01;36m[KPinholeFullCamera[m[K::Parameters::operator=( const PinholeFullCamera::Parameters& other )
      | [01;36m[K^~~~~~~~~~~~~~~~~[m[K
[01m[K/home/deathstroke/vins-fusion-ros2/src/VINS-Fusion-ROS2-humble-arm/camera_models/src/camera_models/PinholeFullCamera.cc:[m[K In member function ‘[01m[Kvirtual void camodocal::PinholeFullCamera::estimateIntrinsics(const Size&, const std::vector<std::vector<cv::Point3_<float> > >&, const std::vector<std::vector<cv::Point_<float> > >&)[m[K’:
[01m[K/home/deathstroke/vins-fusion-ros2/src/VINS-Fusion-ROS2-humble-arm/camera_models/src/camera_models/PinholeFullCamera.cc:431:40:[m[K [01;35m[Kwarning: [m[Kimplicitly-declared ‘[01m[Kcamodocal::PinholeFullCamera::Parameters::Parameters(const camodocal::PinholeFullCamera::Parameters&)[m[K’ is deprecated [[01;35m[K-Wdeprecated-copy[m[K]
  431 |     Parameters params = getParameters( [01;35m[K)[m[K;
      |                                        [01;35m[K^[m[K
[01m[K/home/deathstroke/vins-fusion-ros2/src/VINS-Fusion-ROS2-humble-arm/camera_models/src/camera_models/PinholeFullCamera.cc:280:1:[m[K [01;36m[Knote: [m[Kbecause ‘[01m[Kcamodocal::PinholeFullCamera::Parameters[m[K’ has user-provided ‘[01m[Kcamodocal::PinholeFullCamera::Parameters& camodocal::PinholeFullCamera::Parameters::operator=(const camodocal::PinholeFullCamera::Parameters&)[m[K’
  280 | [01;36m[KPinholeFullCamera[m[K::Parameters::operator=( const PinholeFullCamera::Parameters& other )
      | [01;36m[K^~~~~~~~~~~~~~~~~[m[K
[01m[K/home/deathstroke/vins-fusion-ros2/src/VINS-Fusion-ROS2-humble-arm/camera_models/src/camera_models/PinholeFullCamera.cc:[m[K In member function ‘[01m[Kvirtual void camodocal::PinholeFullCamera::readParameters(const std::vector<double, std::allocator<double> >&)[m[K’:
[01m[K/home/deathstroke/vins-fusion-ros2/src/VINS-Fusion-ROS2-humble-arm/camera_models/src/camera_models/PinholeFullCamera.cc:950:40:[m[K [01;35m[Kwarning: [m[Kimplicitly-declared ‘[01m[Kcamodocal::PinholeFullCamera::Parameters::Parameters(const camodocal::PinholeFullCamera::Parameters&)[m[K’ is deprecated [[01;35m[K-Wdeprecated-copy[m[K]
  950 |     Parameters params = getParameters( [01;35m[K)[m[K;
      |                                        [01;35m[K^[m[K
[01m[K/home/deathstroke/vins-fusion-ros2/src/VINS-Fusion-ROS2-humble-arm/camera_models/src/camera_models/PinholeFullCamera.cc:280:1:[m[K [01;36m[Knote: [m[Kbecause ‘[01m[Kcamodocal::PinholeFullCamera::Parameters[m[K’ has user-provided ‘[01m[Kcamodocal::PinholeFullCamera::Parameters& camodocal::PinholeFullCamera::Parameters::operator=(const camodocal::PinholeFullCamera::Parameters&)[m[K’
  280 | [01;36m[KPinholeFullCamera[m[K::Parameters::operator=( const PinholeFullCamera::Parameters& other )
      | [01;36m[K^~~~~~~~~~~~~~~~~[m[K
[01m[K/home/deathstroke/vins-fusion-ros2/src/VINS-Fusion-ROS2-humble-arm/camera_models/src/camera_models/PinholeFullCamera.cc:[m[K In member function ‘[01m[Kvirtual void camodocal::PinholeFullCamera::liftProjective(const Vector2d&, Eigen::Vector3d&) const[m[K’:
[01m[K/home/deathstroke/vins-fusion-ros2/src/VINS-Fusion-ROS2-humble-arm/camera_models/src/camera_models/PinholeFullCamera.cc:599:32:[m[K [01;35m[Kwarning: [m[K‘[01m[Kxd[m[K’ may be used uninitialized [[01;35m[K-Wmaybe-uninitialized[m[K]
  599 |             double x_proj = [01;35m[Kxd * fx[m[K + cx;
      |                             [01;35m[K~~~^~~~[m[K
[01m[K/home/deathstroke/vins-fusion-ros2/src/VINS-Fusion-ROS2-humble-arm/camera_models/src/camera_models/PinholeFullCamera.cc:600:32:[m[K [01;35m[Kwarning: [m[K‘[01m[Kyd[m[K’ may be used uninitialized [[01;35m[K-Wmaybe-uninitialized[m[K]
  600 |             double y_proj = [01;35m[Kyd * fy[m[K + cy;
      |                             [01;35m[K~~~^~~~[m[K
[01m[K/home/deathstroke/vins-fusion-ros2/src/VINS-Fusion-ROS2-humble-arm/camera_models/src/camera_models/PinholeFullCamera.cc:[m[K In member function ‘[01m[Kvoid camodocal::PinholeFullCamera::spaceToPlane(const Vector3d&, Eigen::Vector2d&, Eigen::Matrix<double, 2, 3>&) const[m[K’:
[01m[K/home/deathstroke/vins-fusion-ros2/src/VINS-Fusion-ROS2-humble-arm/camera_models/src/camera_models/PinholeFullCamera.cc:701:29:[m[K [01;35m[Kwarning: [m[K‘[01m[Kdxdmx[m[K’ may be used uninitialized [[01;35m[K-Wmaybe-uninitialized[m[K]
  701 |     inv_denom = fx * ( [01;35m[Kdudx * dxdmx[m[K + dvdx * dxdmy ); // reuse
      |                        [01;35m[K~~~~~^~~~~~~[m[K
[01m[K/home/deathstroke/vins-fusion-ros2/src/VINS-Fusion-ROS2-humble-arm/camera_models/src/camera_models/PinholeFullCamera.cc:701:44:[m[K [01;35m[Kwarning: [m[K‘[01m[Kdxdmy[m[K’ may be used uninitialized [[01;35m[K-Wmaybe-uninitialized[m[K]
  701 |     inv_denom = fx * ( dudx * dxdmx + [01;35m[Kdvdx * dxdmy[m[K ); // reuse
      |                                       [01;35m[K~~~~~^~~~~~~[m[K
[01m[K/home/deathstroke/vins-fusion-ros2/src/VINS-Fusion-ROS2-humble-arm/camera_models/src/camera_models/PinholeFullCamera.cc:702:29:[m[K [01;35m[Kwarning: [m[K‘[01m[Kdydmx[m[K’ may be used uninitialized [[01;35m[K-Wmaybe-uninitialized[m[K]
  702 |     dvdx      = fy * ( [01;35m[Kdudx * dydmx[m[K + dvdx * dydmy );
      |                        [01;35m[K~~~~~^~~~~~~[m[K
[01m[K/home/deathstroke/vins-fusion-ros2/src/VINS-Fusion-ROS2-humble-arm/camera_models/src/camera_models/PinholeFullCamera.cc:702:44:[m[K [01;35m[Kwarning: [m[K‘[01m[Kdydmy[m[K’ may be used uninitialized [[01;35m[K-Wmaybe-uninitialized[m[K]
  702 |     dvdx      = fy * ( dudx * dydmx + [01;35m[Kdvdx * dydmy[m[K );
      |                                       [01;35m[K~~~~~^~~~~~~[m[K
In file included from [01m[K/home/deathstroke/vins-fusion-ros2/src/VINS-Fusion-ROS2-humble-arm/camera_models/src/camera_models/PinholeFullCamera.cc:1[m[K:
[01m[K/home/deathstroke/vins-fusion-ros2/src/VINS-Fusion-ROS2-humble-arm/camera_models/include/camodocal/camera_models/PinholeFullCamera.h:[m[K In member function ‘[01m[Kvoid camodocal::PinholeFullCamera::setInitIntrinsics(const std::vector<std::vector<cv::Point3_<float> > >&, const std::vector<std::vector<cv::Point_<float> > >&)[m[K’:
[01m[K/home/deathstroke/vins-fusion-ros2/src/VINS-Fusion-ROS2-humble-arm/camera_models/include/camodocal/camera_models/PinholeFullCamera.h:126:44:[m[K [01;35m[Kwarning: [m[Kimplicitly-declared ‘[01m[Kcamodocal::PinholeFullCamera::Parameters::Parameters(const camodocal::PinholeFullCamera::Parameters&)[m[K’ is deprecated [[01;35m[K-Wdeprecated-copy[m[K]
  126 |         Parameters params = getParameters( [01;35m[K)[m[K;
      |                                            [01;35m[K^[m[K
[01m[K/home/deathstroke/vins-fusion-ros2/src/VINS-Fusion-ROS2-humble-arm/camera_models/include/camodocal/camera_models/PinholeFullCamera.h:66:21:[m[K [01;36m[Knote: [m[Kbecause ‘[01m[Kcamodocal::PinholeFullCamera::Parameters[m[K’ has user-provided ‘[01m[Kcamodocal::PinholeFullCamera::Parameters& camodocal::PinholeFullCamera::Parameters::operator=(const camodocal::PinholeFullCamera::Parameters&)[m[K’
   66 |         Parameters& [01;36m[Koperator[m[K=( const Parameters& other );
      |                     [01;36m[K^~~~~~~~[m[K
[01m[K/home/deathstroke/vins-fusion-ros2/src/VINS-Fusion-ROS2-humble-arm/camera_models/src/camera_models/PinholeFullCamera.cc:[m[K In constructor ‘[01m[Kcamodocal::PinholeFullCamera::PinholeFullCamera(const camodocal::PinholeFullCamera::Parameters&)[m[K’:
[01m[K/home/deathstroke/vins-fusion-ros2/src/VINS-Fusion-ROS2-humble-arm/camera_models/src/camera_models/PinholeFullCamera.cc:381:3:[m[K [01;35m[Kwarning: [m[Kimplicitly-declared ‘[01m[Kcamodocal::PinholeFullCamera::Parameters::Parameters(const camodocal::PinholeFullCamera::Parameters&)[m[K’ is deprecated [[01;35m[K-Wdeprecated-copy[m[K]
  381 | : [01;35m[KmParameters( params )[m[K
      |   [01;35m[K^~~~~~~~~~~~~~~~~~~~~[m[K
[01m[K/home/deathstroke/vins-fusion-ros2/src/VINS-Fusion-ROS2-humble-arm/camera_models/src/camera_models/PinholeFullCamera.cc:280:1:[m[K [01;36m[Knote: [m[Kbecause ‘[01m[Kcamodocal::PinholeFullCamera::Parameters[m[K’ has user-provided ‘[01m[Kcamodocal::PinholeFullCamera::Parameters& camodocal::PinholeFullCamera::Parameters::operator=(const camodocal::PinholeFullCamera::Parameters&)[m[K’
  280 | [01;36m[KPinholeFullCamera[m[K::Parameters::operator=( const PinholeFullCamera::Parameters& other )
      | [01;36m[K^~~~~~~~~~~~~~~~~[m[K
[01m[K/home/deathstroke/vins-fusion-ros2/src/VINS-Fusion-ROS2-humble-arm/camera_models/src/camera_models/PinholeFullCamera.cc:[m[K In member function ‘[01m[Kvirtual void camodocal::PinholeFullCamera::estimateIntrinsics(const Size&, const std::vector<std::vector<cv::Point3_<float> > >&, const std::vector<std::vector<cv::Point_<float> > >&)[m[K’:
[01m[K/home/deathstroke/vins-fusion-ros2/src/VINS-Fusion-ROS2-humble-arm/camera_models/src/camera_models/PinholeFullCamera.cc:431:40:[m[K [01;35m[Kwarning: [m[Kimplicitly-declared ‘[01m[Kcamodocal::PinholeFullCamera::Parameters::Parameters(const camodocal::PinholeFullCamera::Parameters&)[m[K’ is deprecated [[01;35m[K-Wdeprecated-copy[m[K]
  431 |     Parameters params = getParameters( [01;35m[K)[m[K;
      |                                        [01;35m[K^[m[K
[01m[K/home/deathstroke/vins-fusion-ros2/src/VINS-Fusion-ROS2-humble-arm/camera_models/src/camera_models/PinholeFullCamera.cc:280:1:[m[K [01;36m[Knote: [m[Kbecause ‘[01m[Kcamodocal::PinholeFullCamera::Parameters[m[K’ has user-provided ‘[01m[Kcamodocal::PinholeFullCamera::Parameters& camodocal::PinholeFullCamera::Parameters::operator=(const camodocal::PinholeFullCamera::Parameters&)[m[K’
  280 | [01;36m[KPinholeFullCamera[m[K::Parameters::operator=( const PinholeFullCamera::Parameters& other )
      | [01;36m[K^~~~~~~~~~~~~~~~~[m[K
[01m[K/home/deathstroke/vins-fusion-ros2/src/VINS-Fusion-ROS2-humble-arm/camera_models/src/camera_models/PinholeFullCamera.cc:[m[K In member function ‘[01m[Kvirtual void camodocal::PinholeFullCamera::readParameters(const std::vector<double, std::allocator<double> >&)[m[K’:
[01m[K/home/deathstroke/vins-fusion-ros2/src/VINS-Fusion-ROS2-humble-arm/camera_models/src/camera_models/PinholeFullCamera.cc:950:40:[m[K [01;35m[Kwarning: [m[Kimplicitly-declared ‘[01m[Kcamodocal::PinholeFullCamera::Parameters::Parameters(const camodocal::PinholeFullCamera::Parameters&)[m[K’ is deprecated [[01;35m[K-Wdeprecated-copy[m[K]
  950 |     Parameters params = getParameters( [01;35m[K)[m[K;
      |                                        [01;35m[K^[m[K
[01m[K/home/deathstroke/vins-fusion-ros2/src/VINS-Fusion-ROS2-humble-arm/camera_models/src/camera_models/PinholeFullCamera.cc:280:1:[m[K [01;36m[Knote: [m[Kbecause ‘[01m[Kcamodocal::PinholeFullCamera::Parameters[m[K’ has user-provided ‘[01m[Kcamodocal::PinholeFullCamera::Parameters& camodocal::PinholeFullCamera::Parameters::operator=(const camodocal::PinholeFullCamera::Parameters&)[m[K’
  280 | [01;36m[KPinholeFullCamera[m[K::Parameters::operator=( const PinholeFullCamera::Parameters& other )
      | [01;36m[K^~~~~~~~~~~~~~~~~[m[K
[01m[K/home/deathstroke/vins-fusion-ros2/src/VINS-Fusion-ROS2-humble-arm/camera_models/src/camera_models/PinholeFullCamera.cc:[m[K In member function ‘[01m[Kvirtual void camodocal::PinholeFullCamera::liftProjective(const Vector2d&, Eigen::Vector3d&) const[m[K’:
[01m[K/home/deathstroke/vins-fusion-ros2/src/VINS-Fusion-ROS2-humble-arm/camera_models/src/camera_models/PinholeFullCamera.cc:599:32:[m[K [01;35m[Kwarning: [m[K‘[01m[Kxd[m[K’ may be used uninitialized [[01;35m[K-Wmaybe-uninitialized[m[K]
  599 |             double x_proj = [01;35m[Kxd * fx[m[K + cx;
      |                             [01;35m[K~~~^~~~[m[K
[01m[K/home/deathstroke/vins-fusion-ros2/src/VINS-Fusion-ROS2-humble-arm/camera_models/src/camera_models/PinholeFullCamera.cc:600:32:[m[K [01;35m[Kwarning: [m[K‘[01m[Kyd[m[K’ may be used uninitialized [[01;35m[K-Wmaybe-uninitialized[m[K]
  600 |             double y_proj = [01;35m[Kyd * fy[m[K + cy;
      |                             [01;35m[K~~~^~~~[m[K
[01m[K/home/deathstroke/vins-fusion-ros2/src/VINS-Fusion-ROS2-humble-arm/camera_models/src/camera_models/PinholeFullCamera.cc:[m[K In member function ‘[01m[Kvoid camodocal::PinholeFullCamera::spaceToPlane(const Vector3d&, Eigen::Vector2d&, Eigen::Matrix<double, 2, 3>&) const[m[K’:
[01m[K/home/deathstroke/vins-fusion-ros2/src/VINS-Fusion-ROS2-humble-arm/camera_models/src/camera_models/PinholeFullCamera.cc:701:29:[m[K [01;35m[Kwarning: [m[K‘[01m[Kdxdmx[m[K’ may be used uninitialized [[01;35m[K-Wmaybe-uninitialized[m[K]
  701 |     inv_denom = fx * ( [01;35m[Kdudx * dxdmx[m[K + dvdx * dxdmy ); // reuse
      |                        [01;35m[K~~~~~^~~~~~~[m[K
[01m[K/home/deathstroke/vins-fusion-ros2/src/VINS-Fusion-ROS2-humble-arm/camera_models/src/camera_models/PinholeFullCamera.cc:701:44:[m[K [01;35m[Kwarning: [m[K‘[01m[Kdxdmy[m[K’ may be used uninitialized [[01;35m[K-Wmaybe-uninitialized[m[K]
  701 |     inv_denom = fx * ( dudx * dxdmx + [01;35m[Kdvdx * dxdmy[m[K ); // reuse
      |                                       [01;35m[K~~~~~^~~~~~~[m[K
[01m[K/home/deathstroke/vins-fusion-ros2/src/VINS-Fusion-ROS2-humble-arm/camera_models/src/camera_models/PinholeFullCamera.cc:702:29:[m[K [01;35m[Kwarning: [m[K‘[01m[Kdydmx[m[K’ may be used uninitialized [[01;35m[K-Wmaybe-uninitialized[m[K]
  702 |     dvdx      = fy * ( [01;35m[Kdudx * dydmx[m[K + dvdx * dydmy );
      |                        [01;35m[K~~~~~^~~~~~~[m[K
[01m[K/home/deathstroke/vins-fusion-ros2/src/VINS-Fusion-ROS2-humble-arm/camera_models/src/camera_models/PinholeFullCamera.cc:702:44:[m[K [01;35m[Kwarning: [m[K‘[01m[Kdydmy[m[K’ may be used uninitialized [[01;35m[K-Wmaybe-uninitialized[m[K]
  702 |     dvdx      = fy * ( dudx * dydmx + [01;35m[Kdvdx * dydmy[m[K );
      |                                       [01;35m[K~~~~~^~~~~~~[m[K
[01m[K/home/deathstroke/vins-fusion-ros2/src/VINS-Fusion-ROS2-humble-arm/camera_models/src/camera_models/EquidistantCamera.cc:[m[K In constructor ‘[01m[Kcamodocal::EquidistantCamera::EquidistantCamera(const camodocal::EquidistantCamera::Parameters&)[m[K’:
[01m[K/home/deathstroke/vins-fusion-ros2/src/VINS-Fusion-ROS2-humble-arm/camera_models/src/camera_models/EquidistantCamera.cc:278:4:[m[K [01;35m[Kwarning: [m[Kimplicitly-declared ‘[01m[Kcamodocal::EquidistantCamera::Parameters::Parameters(const camodocal::EquidistantCamera::Parameters&)[m[K’ is deprecated [[01;35m[K-Wdeprecated-copy[m[K]
  278 |  : [01;35m[KmParameters(params)[m[K
      |    [01;35m[K^~~~~~~~~~~~~~~~~~~[m[K
[01m[K/home/deathstroke/vins-fusion-ros2/src/VINS-Fusion-ROS2-humble-arm/camera_models/src/camera_models/EquidistantCamera.cc:209:1:[m[K [01;36m[Knote: [m[Kbecause ‘[01m[Kcamodocal::EquidistantCamera::Parameters[m[K’ has user-provided ‘[01m[Kcamodocal::EquidistantCamera::Parameters& camodocal::EquidistantCamera::Parameters::operator=(const camodocal::EquidistantCamera::Parameters&)[m[K’
  209 | [01;36m[KEquidistantCamera[m[K::Parameters::operator=(const EquidistantCamera::Parameters& other)
      | [01;36m[K^~~~~~~~~~~~~~~~~[m[K
[01m[K/home/deathstroke/vins-fusion-ros2/src/VINS-Fusion-ROS2-humble-arm/camera_models/src/camera_models/EquidistantCamera.cc:[m[K In member function ‘[01m[Kvirtual void camodocal::EquidistantCamera::estimateIntrinsics(const Size&, const std::vector<std::vector<cv::Point3_<float> > >&, const std::vector<std::vector<cv::Point_<float> > >&)[m[K’:
[01m[K/home/deathstroke/vins-fusion-ros2/src/VINS-Fusion-ROS2-humble-arm/camera_models/src/camera_models/EquidistantCamera.cc:316:39:[m[K [01;35m[Kwarning: [m[Kimplicitly-declared ‘[01m[Kcamodocal::EquidistantCamera::Parameters::Parameters(const camodocal::EquidistantCamera::Parameters&)[m[K’ is deprecated [[01;35m[K-Wdeprecated-copy[m[K]
  316 |     Parameters params = getParameters([01;35m[K)[m[K;
      |                                       [01;35m[K^[m[K
[01m[K/home/deathstroke/vins-fusion-ros2/src/VINS-Fusion-ROS2-humble-arm/camera_models/src/camera_models/EquidistantCamera.cc:209:1:[m[K [01;36m[Knote: [m[Kbecause ‘[01m[Kcamodocal::EquidistantCamera::Parameters[m[K’ has user-provided ‘[01m[Kcamodocal::EquidistantCamera::Parameters& camodocal::EquidistantCamera::Parameters::operator=(const camodocal::EquidistantCamera::Parameters&)[m[K’
  209 | [01;36m[KEquidistantCamera[m[K::Parameters::operator=(const EquidistantCamera::Parameters& other)
      | [01;36m[K^~~~~~~~~~~~~~~~~[m[K
[01m[K/home/deathstroke/vins-fusion-ros2/src/VINS-Fusion-ROS2-humble-arm/camera_models/src/camera_models/EquidistantCamera.cc:345:16:[m[K [01;35m[Kwarning: [m[KISO C++ forbids variable length array ‘[01m[Kradius[m[K’ [[01;35m[K-Wvla[m[K]
  345 |         double [01;35m[Kradius[m[K[boardSize.height];
      |                [01;35m[K^~~~~~[m[K
[01m[K/home/deathstroke/vins-fusion-ros2/src/VINS-Fusion-ROS2-humble-arm/camera_models/src/camera_models/EquidistantCamera.cc:[m[K In member function ‘[01m[Kvirtual void camodocal::EquidistantCamera::readParameters(const std::vector<double, std::allocator<double> >&)[m[K’:
[01m[K/home/deathstroke/vins-fusion-ros2/src/VINS-Fusion-ROS2-humble-arm/camera_models/src/camera_models/EquidistantCamera.cc:637:29:[m[K [01;35m[Kwarning: [m[Kcomparison of integer expressions of different signedness: ‘[01m[Kstd::vector<double, std::allocator<double> >::size_type[m[K’ {aka ‘[01m[Klong unsigned int[m[K’} and ‘[01m[Kint[m[K’ [[01;35m[K-Wsign-compare[m[K]
  637 |     if ([01;35m[KparameterVec.size() != parameterCount()[m[K)
      |         [01;35m[K~~~~~~~~~~~~~~~~~~~~^~~~~~~~~~~~~~~~~~~[m[K
[01m[K/home/deathstroke/vins-fusion-ros2/src/VINS-Fusion-ROS2-humble-arm/camera_models/src/camera_models/EquidistantCamera.cc:642:39:[m[K [01;35m[Kwarning: [m[Kimplicitly-declared ‘[01m[Kcamodocal::EquidistantCamera::Parameters::Parameters(const camodocal::EquidistantCamera::Parameters&)[m[K’ is deprecated [[01;35m[K-Wdeprecated-copy[m[K]
  642 |     Parameters params = getParameters([01;35m[K)[m[K;
      |                                       [01;35m[K^[m[K
[01m[K/home/deathstroke/vins-fusion-ros2/src/VINS-Fusion-ROS2-humble-arm/camera_models/src/camera_models/EquidistantCamera.cc:209:1:[m[K [01;36m[Knote: [m[Kbecause ‘[01m[Kcamodocal::EquidistantCamera::Parameters[m[K’ has user-provided ‘[01m[Kcamodocal::EquidistantCamera::Parameters& camodocal::EquidistantCamera::Parameters::operator=(const camodocal::EquidistantCamera::Parameters&)[m[K’
  209 | [01;36m[KEquidistantCamera[m[K::Parameters::operator=(const EquidistantCamera::Parameters& other)
      | [01;36m[K^~~~~~~~~~~~~~~~~[m[K
In file included from [01m[K/home/deathstroke/vins-fusion-ros2/src/VINS-Fusion-ROS2-humble-arm/camera_models/src/calib/CameraCalibration.cc:15[m[K:
[01m[K/home/deathstroke/vins-fusion-ros2/src/VINS-Fusion-ROS2-humble-arm/camera_models/include/camodocal/sparse_graph/Transform.h:22:5:[m[K [01;35m[Kwarning: [m[Ktype qualifiers ignored on function return type [[01;35m[K-Wignored-qualifiers[m[K]
   22 |     [01;35m[Kconst[m[K double* const rotationData(void) const;
      |     [01;35m[K^~~~~[m[K
[01m[K/home/deathstroke/vins-fusion-ros2/src/VINS-Fusion-ROS2-humble-arm/camera_models/include/camodocal/sparse_graph/Transform.h:27:5:[m[K [01;35m[Kwarning: [m[Ktype qualifiers ignored on function return type [[01;35m[K-Wignored-qualifiers[m[K]
   27 |     [01;35m[Kconst[m[K double* const translationData(void) const;
      |     [01;35m[K^~~~~[m[K
[01m[K/home/deathstroke/vins-fusion-ros2/src/VINS-Fusion-ROS2-humble-arm/camera_models/src/calib/CameraCalibration.cc:[m[K In member function ‘[01m[Kvoid camodocal::CameraCalibration::optimize(camodocal::CameraPtr&, std::vector<cv::Mat>&, std::vector<cv::Mat>&) const[m[K’:
[01m[K/home/deathstroke/vins-fusion-ros2/src/VINS-Fusion-ROS2-humble-arm/camera_models/src/calib/CameraCalibration.cc:507:39:[m[K [01;35m[Kwarning: [m[K‘[01m[KLocalParameterization[m[K’ is deprecated: LocalParameterizations will be removed from the Ceres Solver API in version 2.2.0. Use Manifolds instead. [[01;35m[K-Wdeprecated-declarations[m[K]
  507 |         ceres::LocalParameterization* [01;35m[KquaternionParameterization[m[K =
      |                                       [01;35m[K^~~~~~~~~~~~~~~~~~~~~~~~~~[m[K
In file included from [01m[K/home/deathstroke/vins-fusion-ros2/src/VINS-Fusion-ROS2-humble-arm/camera_models/include/camodocal/gpl/EigenQuaternionParameterization.h:4[m[K,
                 from [01m[K/home/deathstroke/vins-fusion-ros2/src/VINS-Fusion-ROS2-humble-arm/camera_models/src/calib/CameraCalibration.cc:16[m[K:
[01m[K/usr/local/include/ceres/local_parameterization.h:121:18:[m[K [01;36m[Knote: [m[Kdeclared here
  121 |     CERES_EXPORT [01;36m[KLocalParameterization[m[K {
      |                  [01;36m[K^~~~~~~~~~~~~~~~~~~~~[m[K
[01m[K/home/deathstroke/vins-fusion-ros2/src/VINS-Fusion-ROS2-humble-arm/camera_models/src/calib/CameraCalibration.cc:510:36:[m[K [01;35m[Kwarning: [m[K‘[01m[Kvoid ceres::Problem::SetParameterization(double*, ceres::LocalParameterization*)[m[K’ is deprecated: LocalParameterizations are deprecated. Use SetManifold instead. [[01;35m[K-Wdeprecated-declarations[m[K]
  510 |         [01;35m[Kproblem.SetParameterization(transformVec.at(i).rotationData(),[m[K
      |         [01;35m[K~~~~~~~~~~~~~~~~~~~~~~~~~~~^~~~~~~~~~~~~~~~~~~~~~~~~~~~~~~~~~~[m[K
  511 | [01;35m[K                                    quaternionParameterization)[m[K;
      |                                     [01;35m[K~~~~~~~~~~~~~~~~~~~~~~~~~~~[m[K
In file included from [01m[K/usr/local/include/ceres/ceres.h:66[m[K,
                 from [01m[K/home/deathstroke/vins-fusion-ros2/src/VINS-Fusion-ROS2-humble-arm/camera_models/src/calib/CameraCalibration.cc:20[m[K:
[01m[K/usr/local/include/ceres/problem.h:395:8:[m[K [01;36m[Knote: [m[Kdeclared here
  395 |   void [01;36m[KSetParameterization[m[K(double* values,
      |        [01;36m[K^~~~~~~~~~~~~~~~~~~[m[K
[01m[K/home/deathstroke/vins-fusion-ros2/src/VINS-Fusion-ROS2-humble-arm/camera_models/src/camera_models/PinholeCamera.cc:[m[K In constructor ‘[01m[Kcamodocal::PinholeCamera::PinholeCamera(const camodocal::PinholeCamera::Parameters&)[m[K’:
[01m[K/home/deathstroke/vins-fusion-ros2/src/VINS-Fusion-ROS2-humble-arm/camera_models/src/camera_models/PinholeCamera.cc:299:4:[m[K [01;35m[Kwarning: [m[Kimplicitly-declared ‘[01m[Kcamodocal::PinholeCamera::Parameters::Parameters(const camodocal::PinholeCamera::Parameters&)[m[K’ is deprecated [[01;35m[K-Wdeprecated-copy[m[K]
  299 |  : [01;35m[KmParameters(params)[m[K
      |    [01;35m[K^~~~~~~~~~~~~~~~~~~[m[K
[01m[K/home/deathstroke/vins-fusion-ros2/src/VINS-Fusion-ROS2-humble-arm/camera_models/src/camera_models/PinholeCamera.cc:214:1:[m[K [01;36m[Knote: [m[Kbecause ‘[01m[Kcamodocal::PinholeCamera::Parameters[m[K’ has user-provided ‘[01m[Kcamodocal::PinholeCamera::Parameters& camodocal::PinholeCamera::Parameters::operator=(const camodocal::PinholeCamera::Parameters&)[m[K’
  214 | [01;36m[KPinholeCamera[m[K::Parameters::operator=(const PinholeCamera::Parameters& other)
      | [01;36m[K^~~~~~~~~~~~~[m[K
[01m[K/home/deathstroke/vins-fusion-ros2/src/VINS-Fusion-ROS2-humble-arm/camera_models/src/camera_models/PinholeCamera.cc:[m[K In member function ‘[01m[Kvirtual void camodocal::PinholeCamera::estimateIntrinsics(const Size&, const std::vector<std::vector<cv::Point3_<float> > >&, const std::vector<std::vector<cv::Point_<float> > >&)[m[K’:
[01m[K/home/deathstroke/vins-fusion-ros2/src/VINS-Fusion-ROS2-humble-arm/camera_models/src/camera_models/PinholeCamera.cc:351:39:[m[K [01;35m[Kwarning: [m[Kimplicitly-declared ‘[01m[Kcamodocal::PinholeCamera::Parameters::Parameters(const camodocal::PinholeCamera::Parameters&)[m[K’ is deprecated [[01;35m[K-Wdeprecated-copy[m[K]
  351 |     Parameters params = getParameters([01;35m[K)[m[K;
      |                                       [01;35m[K^[m[K
[01m[K/home/deathstroke/vins-fusion-ros2/src/VINS-Fusion-ROS2-humble-arm/camera_models/src/camera_models/PinholeCamera.cc:214:1:[m[K [01;36m[Knote: [m[Kbecause ‘[01m[Kcamodocal::PinholeCamera::Parameters[m[K’ has user-provided ‘[01m[Kcamodocal::PinholeCamera::Parameters& camodocal::PinholeCamera::Parameters::operator=(const camodocal::PinholeCamera::Parameters&)[m[K’
  214 | [01;36m[KPinholeCamera[m[K::Parameters::operator=(const PinholeCamera::Parameters& other)
      | [01;36m[K^~~~~~~~~~~~~[m[K
[01m[K/home/deathstroke/vins-fusion-ros2/src/VINS-Fusion-ROS2-humble-arm/camera_models/src/camera_models/PinholeCamera.cc:[m[K In member function ‘[01m[Kvirtual void camodocal::PinholeCamera::readParameters(const std::vector<double, std::allocator<double> >&)[m[K’:
[01m[K/home/deathstroke/vins-fusion-ros2/src/VINS-Fusion-ROS2-humble-arm/camera_models/src/camera_models/PinholeCamera.cc:838:39:[m[K [01;35m[Kwarning: [m[Kimplicitly-declared ‘[01m[Kcamodocal::PinholeCamera::Parameters::Parameters(const camodocal::PinholeCamera::Parameters&)[m[K’ is deprecated [[01;35m[K-Wdeprecated-copy[m[K]
  838 |     Parameters params = getParameters([01;35m[K)[m[K;
      |                                       [01;35m[K^[m[K
[01m[K/home/deathstroke/vins-fusion-ros2/src/VINS-Fusion-ROS2-humble-arm/camera_models/src/camera_models/PinholeCamera.cc:214:1:[m[K [01;36m[Knote: [m[Kbecause ‘[01m[Kcamodocal::PinholeCamera::Parameters[m[K’ has user-provided ‘[01m[Kcamodocal::PinholeCamera::Parameters& camodocal::PinholeCamera::Parameters::operator=(const camodocal::PinholeCamera::Parameters&)[m[K’
  214 | [01;36m[KPinholeCamera[m[K::Parameters::operator=(const PinholeCamera::Parameters& other)
      | [01;36m[K^~~~~~~~~~~~~[m[K
[01m[K/home/deathstroke/vins-fusion-ros2/src/VINS-Fusion-ROS2-humble-arm/camera_models/src/camera_models/EquidistantCamera.cc:[m[K In constructor ‘[01m[Kcamodocal::EquidistantCamera::EquidistantCamera(const camodocal::EquidistantCamera::Parameters&)[m[K’:
[01m[K/home/deathstroke/vins-fusion-ros2/src/VINS-Fusion-ROS2-humble-arm/camera_models/src/camera_models/EquidistantCamera.cc:278:4:[m[K [01;35m[Kwarning: [m[Kimplicitly-declared ‘[01m[Kcamodocal::EquidistantCamera::Parameters::Parameters(const camodocal::EquidistantCamera::Parameters&)[m[K’ is deprecated [[01;35m[K-Wdeprecated-copy[m[K]
  278 |  : [01;35m[KmParameters(params)[m[K
      |    [01;35m[K^~~~~~~~~~~~~~~~~~~[m[K
[01m[K/home/deathstroke/vins-fusion-ros2/src/VINS-Fusion-ROS2-humble-arm/camera_models/src/camera_models/EquidistantCamera.cc:209:1:[m[K [01;36m[Knote: [m[Kbecause ‘[01m[Kcamodocal::EquidistantCamera::Parameters[m[K’ has user-provided ‘[01m[Kcamodocal::EquidistantCamera::Parameters& camodocal::EquidistantCamera::Parameters::operator=(const camodocal::EquidistantCamera::Parameters&)[m[K’
  209 | [01;36m[KEquidistantCamera[m[K::Parameters::operator=(const EquidistantCamera::Parameters& other)
      | [01;36m[K^~~~~~~~~~~~~~~~~[m[K
[01m[K/home/deathstroke/vins-fusion-ros2/src/VINS-Fusion-ROS2-humble-arm/camera_models/src/camera_models/EquidistantCamera.cc:[m[K In member function ‘[01m[Kvirtual void camodocal::EquidistantCamera::estimateIntrinsics(const Size&, const std::vector<std::vector<cv::Point3_<float> > >&, const std::vector<std::vector<cv::Point_<float> > >&)[m[K’:
[01m[K/home/deathstroke/vins-fusion-ros2/src/VINS-Fusion-ROS2-humble-arm/camera_models/src/camera_models/EquidistantCamera.cc:316:39:[m[K [01;35m[Kwarning: [m[Kimplicitly-declared ‘[01m[Kcamodocal::EquidistantCamera::Parameters::Parameters(const camodocal::EquidistantCamera::Parameters&)[m[K’ is deprecated [[01;35m[K-Wdeprecated-copy[m[K]
  316 |     Parameters params = getParameters([01;35m[K)[m[K;
      |                                       [01;35m[K^[m[K
[01m[K/home/deathstroke/vins-fusion-ros2/src/VINS-Fusion-ROS2-humble-arm/camera_models/src/camera_models/EquidistantCamera.cc:209:1:[m[K [01;36m[Knote: [m[Kbecause ‘[01m[Kcamodocal::EquidistantCamera::Parameters[m[K’ has user-provided ‘[01m[Kcamodocal::EquidistantCamera::Parameters& camodocal::EquidistantCamera::Parameters::operator=(const camodocal::EquidistantCamera::Parameters&)[m[K’
  209 | [01;36m[KEquidistantCamera[m[K::Parameters::operator=(const EquidistantCamera::Parameters& other)
      | [01;36m[K^~~~~~~~~~~~~~~~~[m[K
[01m[K/home/deathstroke/vins-fusion-ros2/src/VINS-Fusion-ROS2-humble-arm/camera_models/src/camera_models/EquidistantCamera.cc:345:16:[m[K [01;35m[Kwarning: [m[KISO C++ forbids variable length array ‘[01m[Kradius[m[K’ [[01;35m[K-Wvla[m[K]
  345 |         double [01;35m[Kradius[m[K[boardSize.height];
      |                [01;35m[K^~~~~~[m[K
[01m[K/home/deathstroke/vins-fusion-ros2/src/VINS-Fusion-ROS2-humble-arm/camera_models/src/camera_models/EquidistantCamera.cc:[m[K In member function ‘[01m[Kvirtual void camodocal::EquidistantCamera::readParameters(const std::vector<double, std::allocator<double> >&)[m[K’:
[01m[K/home/deathstroke/vins-fusion-ros2/src/VINS-Fusion-ROS2-humble-arm/camera_models/src/camera_models/EquidistantCamera.cc:637:29:[m[K [01;35m[Kwarning: [m[Kcomparison of integer expressions of different signedness: ‘[01m[Kstd::vector<double, std::allocator<double> >::size_type[m[K’ {aka ‘[01m[Klong unsigned int[m[K’} and ‘[01m[Kint[m[K’ [[01;35m[K-Wsign-compare[m[K]
  637 |     if ([01;35m[KparameterVec.size() != parameterCount()[m[K)
      |         [01;35m[K~~~~~~~~~~~~~~~~~~~~^~~~~~~~~~~~~~~~~~~[m[K
[01m[K/home/deathstroke/vins-fusion-ros2/src/VINS-Fusion-ROS2-humble-arm/camera_models/src/camera_models/EquidistantCamera.cc:642:39:[m[K [01;35m[Kwarning: [m[Kimplicitly-declared ‘[01m[Kcamodocal::EquidistantCamera::Parameters::Parameters(const camodocal::EquidistantCamera::Parameters&)[m[K’ is deprecated [[01;35m[K-Wdeprecated-copy[m[K]
  642 |     Parameters params = getParameters([01;35m[K)[m[K;
      |                                       [01;35m[K^[m[K
[01m[K/home/deathstroke/vins-fusion-ros2/src/VINS-Fusion-ROS2-humble-arm/camera_models/src/camera_models/EquidistantCamera.cc:209:1:[m[K [01;36m[Knote: [m[Kbecause ‘[01m[Kcamodocal::EquidistantCamera::Parameters[m[K’ has user-provided ‘[01m[Kcamodocal::EquidistantCamera::Parameters& camodocal::EquidistantCamera::Parameters::operator=(const camodocal::EquidistantCamera::Parameters&)[m[K’
  209 | [01;36m[KEquidistantCamera[m[K::Parameters::operator=(const EquidistantCamera::Parameters& other)
      | [01;36m[K^~~~~~~~~~~~~~~~~[m[K
[01m[K/home/deathstroke/vins-fusion-ros2/src/VINS-Fusion-ROS2-humble-arm/camera_models/src/camera_models/ScaramuzzaCamera.cc:[m[K In constructor ‘[01m[Kcamodocal::OCAMCamera::OCAMCamera(const camodocal::OCAMCamera::Parameters&)[m[K’:
[01m[K/home/deathstroke/vins-fusion-ros2/src/VINS-Fusion-ROS2-humble-arm/camera_models/src/camera_models/ScaramuzzaCamera.cc:198:4:[m[K [01;35m[Kwarning: [m[Kimplicitly-declared ‘[01m[Kcamodocal::OCAMCamera::Parameters::Parameters(const camodocal::OCAMCamera::Parameters&)[m[K’ is deprecated [[01;35m[K-Wdeprecated-copy[m[K]
  198 |  : [01;35m[KmParameters(params)[m[K
      |    [01;35m[K^~~~~~~~~~~~~~~~~~~[m[K
[01m[K/home/deathstroke/vins-fusion-ros2/src/VINS-Fusion-ROS2-humble-arm/camera_models/src/camera_models/ScaramuzzaCamera.cc:141:1:[m[K [01;36m[Knote: [m[Kbecause ‘[01m[Kcamodocal::OCAMCamera::Parameters[m[K’ has user-provided ‘[01m[Kcamodocal::OCAMCamera::Parameters& camodocal::OCAMCamera::Parameters::operator=(const camodocal::OCAMCamera::Parameters&)[m[K’
  141 | [01;36m[KOCAMCamera[m[K::Parameters::operator=(const OCAMCamera::Parameters& other)
      | [01;36m[K^~~~~~~~~~[m[K
[01m[K/home/deathstroke/vins-fusion-ros2/src/VINS-Fusion-ROS2-humble-arm/camera_models/src/camera_models/ScaramuzzaCamera.cc:[m[K In member function ‘[01m[Kvirtual void camodocal::OCAMCamera::estimateIntrinsics(const Size&, const std::vector<std::vector<cv::Point3_<float> > >&, const std::vector<std::vector<cv::Point_<float> > >&)[m[K’:
[01m[K/home/deathstroke/vins-fusion-ros2/src/VINS-Fusion-ROS2-humble-arm/camera_models/src/camera_models/ScaramuzzaCamera.cc:517:39:[m[K [01;35m[Kwarning: [m[Kimplicitly-declared ‘[01m[Kcamodocal::OCAMCamera::Parameters::Parameters(const camodocal::OCAMCamera::Parameters&)[m[K’ is deprecated [[01;35m[K-Wdeprecated-copy[m[K]
  517 |     Parameters params = getParameters([01;35m[K)[m[K;
      |                                       [01;35m[K^[m[K
[01m[K/home/deathstroke/vins-fusion-ros2/src/VINS-Fusion-ROS2-humble-arm/camera_models/src/camera_models/ScaramuzzaCamera.cc:141:1:[m[K [01;36m[Knote: [m[Kbecause ‘[01m[Kcamodocal::OCAMCamera::Parameters[m[K’ has user-provided ‘[01m[Kcamodocal::OCAMCamera::Parameters& camodocal::OCAMCamera::Parameters::operator=(const camodocal::OCAMCamera::Parameters&)[m[K’
  141 | [01;36m[KOCAMCamera[m[K::Parameters::operator=(const OCAMCamera::Parameters& other)
      | [01;36m[K^~~~~~~~~~[m[K
[01m[K/home/deathstroke/vins-fusion-ros2/src/VINS-Fusion-ROS2-humble-arm/camera_models/src/camera_models/ScaramuzzaCamera.cc:[m[K In member function ‘[01m[Kvirtual void camodocal::OCAMCamera::readParameters(const std::vector<double, std::allocator<double> >&)[m[K’:
[01m[K/home/deathstroke/vins-fusion-ros2/src/VINS-Fusion-ROS2-humble-arm/camera_models/src/camera_models/ScaramuzzaCamera.cc:788:39:[m[K [01;35m[Kwarning: [m[Kimplicitly-declared ‘[01m[Kcamodocal::OCAMCamera::Parameters::Parameters(const camodocal::OCAMCamera::Parameters&)[m[K’ is deprecated [[01;35m[K-Wdeprecated-copy[m[K]
  788 |     Parameters params = getParameters([01;35m[K)[m[K;
      |                                       [01;35m[K^[m[K
[01m[K/home/deathstroke/vins-fusion-ros2/src/VINS-Fusion-ROS2-humble-arm/camera_models/src/camera_models/ScaramuzzaCamera.cc:141:1:[m[K [01;36m[Knote: [m[Kbecause ‘[01m[Kcamodocal::OCAMCamera::Parameters[m[K’ has user-provided ‘[01m[Kcamodocal::OCAMCamera::Parameters& camodocal::OCAMCamera::Parameters::operator=(const camodocal::OCAMCamera::Parameters&)[m[K’
  141 | [01;36m[KOCAMCamera[m[K::Parameters::operator=(const OCAMCamera::Parameters& other)
      | [01;36m[K^~~~~~~~~~[m[K
In file included from [01m[K/home/deathstroke/vins-fusion-ros2/src/VINS-Fusion-ROS2-humble-arm/camera_models/src/camera_models/CameraFactory.cc:8[m[K:
[01m[K/home/deathstroke/vins-fusion-ros2/src/VINS-Fusion-ROS2-humble-arm/camera_models/include/camodocal/camera_models/PinholeFullCamera.h:[m[K In member function ‘[01m[Kvoid camodocal::PinholeFullCamera::setInitIntrinsics(const std::vector<std::vector<cv::Point3_<float> > >&, const std::vector<std::vector<cv::Point_<float> > >&)[m[K’:
[01m[K/home/deathstroke/vins-fusion-ros2/src/VINS-Fusion-ROS2-humble-arm/camera_models/include/camodocal/camera_models/PinholeFullCamera.h:126:44:[m[K [01;35m[Kwarning: [m[Kimplicitly-declared ‘[01m[Kcamodocal::PinholeFullCamera::Parameters::Parameters(const camodocal::PinholeFullCamera::Parameters&)[m[K’ is deprecated [[01;35m[K-Wdeprecated-copy[m[K]
  126 |         Parameters params = getParameters( [01;35m[K)[m[K;
      |                                            [01;35m[K^[m[K
[01m[K/home/deathstroke/vins-fusion-ros2/src/VINS-Fusion-ROS2-humble-arm/camera_models/include/camodocal/camera_models/PinholeFullCamera.h:66:21:[m[K [01;36m[Knote: [m[Kbecause ‘[01m[Kcamodocal::PinholeFullCamera::Parameters[m[K’ has user-provided ‘[01m[Kcamodocal::PinholeFullCamera::Parameters& camodocal::PinholeFullCamera::Parameters::operator=(const camodocal::PinholeFullCamera::Parameters&)[m[K’
   66 |         Parameters& [01;36m[Koperator[m[K=( const Parameters& other );
      |                     [01;36m[K^~~~~~~~[m[K
[01m[K/home/deathstroke/vins-fusion-ros2/src/VINS-Fusion-ROS2-humble-arm/camera_models/src/camera_models/CameraFactory.cc:[m[K In member function ‘[01m[Kcamodocal::CameraPtr camodocal::CameraFactory::generateCamera(camodocal::Camera::ModelType, const string&, cv::Size) const[m[K’:
[01m[K/home/deathstroke/vins-fusion-ros2/src/VINS-Fusion-ROS2-humble-arm/camera_models/src/camera_models/CameraFactory.cc:40:75:[m[K [01;35m[Kwarning: [m[Kimplicitly-declared ‘[01m[Kcamodocal::EquidistantCamera::Parameters::Parameters(const camodocal::EquidistantCamera::Parameters&)[m[K’ is deprecated [[01;35m[K-Wdeprecated-copy[m[K]
   40 |             EquidistantCamera::Parameters params = camera->getParameters( [01;35m[K)[m[K;
      |                                                                           [01;35m[K^[m[K
In file included from [01m[K/home/deathstroke/vins-fusion-ros2/src/VINS-Fusion-ROS2-humble-arm/camera_models/src/camera_models/CameraFactory.cc:6[m[K:
[01m[K/home/deathstroke/vins-fusion-ros2/src/VINS-Fusion-ROS2-humble-arm/camera_models/include/camodocal/camera_models/EquidistantCamera.h:52:21:[m[K [01;36m[Knote: [m[Kbecause ‘[01m[Kcamodocal::EquidistantCamera::Parameters[m[K’ has user-provided ‘[01m[Kcamodocal::EquidistantCamera::Parameters& camodocal::EquidistantCamera::Parameters::operator=(const camodocal::EquidistantCamera::Parameters&)[m[K’
   52 |         Parameters& [01;36m[Koperator[m[K=(const Parameters& other);
      |                     [01;36m[K^~~~~~~~[m[K
[01m[K/home/deathstroke/vins-fusion-ros2/src/VINS-Fusion-ROS2-humble-arm/camera_models/src/camera_models/CameraFactory.cc:51:71:[m[K [01;35m[Kwarning: [m[Kimplicitly-declared ‘[01m[Kcamodocal::PinholeCamera::Parameters::Parameters(const camodocal::PinholeCamera::Parameters&)[m[K’ is deprecated [[01;35m[K-Wdeprecated-copy[m[K]
   51 |             PinholeCamera::Parameters params = camera->getParameters( [01;35m[K)[m[K;
      |                                                                       [01;35m[K^[m[K
In file included from [01m[K/home/deathstroke/vins-fusion-ros2/src/VINS-Fusion-ROS2-humble-arm/camera_models/src/camera_models/CameraFactory.cc:7[m[K:
[01m[K/home/deathstroke/vins-fusion-ros2/src/VINS-Fusion-ROS2-humble-arm/camera_models/include/camodocal/camera_models/PinholeCamera.h:47:21:[m[K [01;36m[Knote: [m[Kbecause ‘[01m[Kcamodocal::PinholeCamera::Parameters[m[K’ has user-provided ‘[01m[Kcamodocal::PinholeCamera::Parameters& camodocal::PinholeCamera::Parameters::operator=(const camodocal::PinholeCamera::Parameters&)[m[K’
   47 |         Parameters& [01;36m[Koperator[m[K=(const Parameters& other);
      |                     [01;36m[K^~~~~~~~[m[K
[01m[K/home/deathstroke/vins-fusion-ros2/src/VINS-Fusion-ROS2-humble-arm/camera_models/src/camera_models/CameraFactory.cc:62:75:[m[K [01;35m[Kwarning: [m[Kimplicitly-declared ‘[01m[Kcamodocal::PinholeFullCamera::Parameters::Parameters(const camodocal::PinholeFullCamera::Parameters&)[m[K’ is deprecated [[01;35m[K-Wdeprecated-copy[m[K]
   62 |             PinholeFullCamera::Parameters params = camera->getParameters( [01;35m[K)[m[K;
      |                                                                           [01;35m[K^[m[K
In file included from [01m[K/home/deathstroke/vins-fusion-ros2/src/VINS-Fusion-ROS2-humble-arm/camera_models/src/camera_models/CameraFactory.cc:8[m[K:
[01m[K/home/deathstroke/vins-fusion-ros2/src/VINS-Fusion-ROS2-humble-arm/camera_models/include/camodocal/camera_models/PinholeFullCamera.h:66:21:[m[K [01;36m[Knote: [m[Kbecause ‘[01m[Kcamodocal::PinholeFullCamera::Parameters[m[K’ has user-provided ‘[01m[Kcamodocal::PinholeFullCamera::Parameters& camodocal::PinholeFullCamera::Parameters::operator=(const camodocal::PinholeFullCamera::Parameters&)[m[K’
   66 |         Parameters& [01;36m[Koperator[m[K=( const Parameters& other );
      |                     [01;36m[K^~~~~~~~[m[K
[01m[K/home/deathstroke/vins-fusion-ros2/src/VINS-Fusion-ROS2-humble-arm/camera_models/src/camera_models/CameraFactory.cc:73:68:[m[K [01;35m[Kwarning: [m[Kimplicitly-declared ‘[01m[Kcamodocal::OCAMCamera::Parameters::Parameters(const camodocal::OCAMCamera::Parameters&)[m[K’ is deprecated [[01;35m[K-Wdeprecated-copy[m[K]
   73 |             OCAMCamera::Parameters params = camera->getParameters( [01;35m[K)[m[K;
      |                                                                    [01;35m[K^[m[K
In file included from [01m[K/home/deathstroke/vins-fusion-ros2/src/VINS-Fusion-ROS2-humble-arm/camera_models/src/camera_models/CameraFactory.cc:9[m[K:
[01m[K/home/deathstroke/vins-fusion-ros2/src/VINS-Fusion-ROS2-humble-arm/camera_models/include/camodocal/camera_models/ScaramuzzaCamera.h:54:21:[m[K [01;36m[Knote: [m[Kbecause ‘[01m[Kcamodocal::OCAMCamera::Parameters[m[K’ has user-provided ‘[01m[Kcamodocal::OCAMCamera::Parameters& camodocal::OCAMCamera::Parameters::operator=(const camodocal::OCAMCamera::Parameters&)[m[K’
   54 |         Parameters& [01;36m[Koperator[m[K=(const Parameters& other);
      |                     [01;36m[K^~~~~~~~[m[K
[01m[K/home/deathstroke/vins-fusion-ros2/src/VINS-Fusion-ROS2-humble-arm/camera_models/src/camera_models/CameraFactory.cc:85:68:[m[K [01;35m[Kwarning: [m[Kimplicitly-declared ‘[01m[Kcamodocal::CataCamera::Parameters::Parameters(const camodocal::CataCamera::Parameters&)[m[K’ is deprecated [[01;35m[K-Wdeprecated-copy[m[K]
   85 |             CataCamera::Parameters params = camera->getParameters( [01;35m[K)[m[K;
      |                                                                    [01;35m[K^[m[K
In file included from [01m[K/home/deathstroke/vins-fusion-ros2/src/VINS-Fusion-ROS2-humble-arm/camera_models/src/camera_models/CameraFactory.cc:5[m[K:
[01m[K/home/deathstroke/vins-fusion-ros2/src/VINS-Fusion-ROS2-humble-arm/camera_models/include/camodocal/camera_models/CataCamera.h:54:21:[m[K [01;36m[Knote: [m[Kbecause ‘[01m[Kcamodocal::CataCamera::Parameters[m[K’ has user-provided ‘[01m[Kcamodocal::CataCamera::Parameters& camodocal::CataCamera::Parameters::operator=(const camodocal::CataCamera::Parameters&)[m[K’
   54 |         Parameters& [01;36m[Koperator[m[K=(const Parameters& other);
      |                     [01;36m[K^~~~~~~~[m[K
[01m[K/home/deathstroke/vins-fusion-ros2/src/VINS-Fusion-ROS2-humble-arm/camera_models/src/camera_models/CameraFactory.cc:[m[K In member function ‘[01m[Kcamodocal::CameraPtr camodocal::CameraFactory::generateCameraFromYamlFile(const string&)[m[K’:
[01m[K/home/deathstroke/vins-fusion-ros2/src/VINS-Fusion-ROS2-humble-arm/camera_models/src/camera_models/CameraFactory.cc:144:75:[m[K [01;35m[Kwarning: [m[Kimplicitly-declared ‘[01m[Kcamodocal::EquidistantCamera::Parameters::Parameters(const camodocal::EquidistantCamera::Parameters&)[m[K’ is deprecated [[01;35m[K-Wdeprecated-copy[m[K]
  144 |             EquidistantCamera::Parameters params = camera->getParameters( [01;35m[K)[m[K;
      |                                                                           [01;35m[K^[m[K
In file included from [01m[K/home/deathstroke/vins-fusion-ros2/src/VINS-Fusion-ROS2-humble-arm/camera_models/src/camera_models/CameraFactory.cc:6[m[K:
[01m[K/home/deathstroke/vins-fusion-ros2/src/VINS-Fusion-ROS2-humble-arm/camera_models/include/camodocal/camera_models/EquidistantCamera.h:52:21:[m[K [01;36m[Knote: [m[Kbecause ‘[01m[Kcamodocal::EquidistantCamera::Parameters[m[K’ has user-provided ‘[01m[Kcamodocal::EquidistantCamera::Parameters& camodocal::EquidistantCamera::Parameters::operator=(const camodocal::EquidistantCamera::Parameters&)[m[K’
   52 |         Parameters& [01;36m[Koperator[m[K=(const Parameters& other);
      |                     [01;36m[K^~~~~~~~[m[K
[01m[K/home/deathstroke/vins-fusion-ros2/src/VINS-Fusion-ROS2-humble-arm/camera_models/src/camera_models/CameraFactory.cc:153:71:[m[K [01;35m[Kwarning: [m[Kimplicitly-declared ‘[01m[Kcamodocal::PinholeCamera::Parameters::Parameters(const camodocal::PinholeCamera::Parameters&)[m[K’ is deprecated [[01;35m[K-Wdeprecated-copy[m[K]
  153 |             PinholeCamera::Parameters params = camera->getParameters( [01;35m[K)[m[K;
      |                                                                       [01;35m[K^[m[K
In file included from [01m[K/home/deathstroke/vins-fusion-ros2/src/VINS-Fusion-ROS2-humble-arm/camera_models/src/camera_models/CameraFactory.cc:7[m[K:
[01m[K/home/deathstroke/vins-fusion-ros2/src/VINS-Fusion-ROS2-humble-arm/camera_models/include/camodocal/camera_models/PinholeCamera.h:47:21:[m[K [01;36m[Knote: [m[Kbecause ‘[01m[Kcamodocal::PinholeCamera::Parameters[m[K’ has user-provided ‘[01m[Kcamodocal::PinholeCamera::Parameters& camodocal::PinholeCamera::Parameters::operator=(const camodocal::PinholeCamera::Parameters&)[m[K’
   47 |         Parameters& [01;36m[Koperator[m[K=(const Parameters& other);
      |                     [01;36m[K^~~~~~~~[m[K
[01m[K/home/deathstroke/vins-fusion-ros2/src/VINS-Fusion-ROS2-humble-arm/camera_models/src/camera_models/CameraFactory.cc:162:75:[m[K [01;35m[Kwarning: [m[Kimplicitly-declared ‘[01m[Kcamodocal::PinholeFullCamera::Parameters::Parameters(const camodocal::PinholeFullCamera::Parameters&)[m[K’ is deprecated [[01;35m[K-Wdeprecated-copy[m[K]
  162 |             PinholeFullCamera::Parameters params = camera->getParameters( [01;35m[K)[m[K;
      |                                                                           [01;35m[K^[m[K
In file included from [01m[K/home/deathstroke/vins-fusion-ros2/src/VINS-Fusion-ROS2-humble-arm/camera_models/src/camera_models/CameraFactory.cc:8[m[K:
[01m[K/home/deathstroke/vins-fusion-ros2/src/VINS-Fusion-ROS2-humble-arm/camera_models/include/camodocal/camera_models/PinholeFullCamera.h:66:21:[m[K [01;36m[Knote: [m[Kbecause ‘[01m[Kcamodocal::PinholeFullCamera::Parameters[m[K’ has user-provided ‘[01m[Kcamodocal::PinholeFullCamera::Parameters& camodocal::PinholeFullCamera::Parameters::operator=(const camodocal::PinholeFullCamera::Parameters&)[m[K’
   66 |         Parameters& [01;36m[Koperator[m[K=( const Parameters& other );
      |                     [01;36m[K^~~~~~~~[m[K
[01m[K/home/deathstroke/vins-fusion-ros2/src/VINS-Fusion-ROS2-humble-arm/camera_models/src/camera_models/CameraFactory.cc:171:68:[m[K [01;35m[Kwarning: [m[Kimplicitly-declared ‘[01m[Kcamodocal::OCAMCamera::Parameters::Parameters(const camodocal::OCAMCamera::Parameters&)[m[K’ is deprecated [[01;35m[K-Wdeprecated-copy[m[K]
  171 |             OCAMCamera::Parameters params = camera->getParameters( [01;35m[K)[m[K;
      |                                                                    [01;35m[K^[m[K
In file included from [01m[K/home/deathstroke/vins-fusion-ros2/src/VINS-Fusion-ROS2-humble-arm/camera_models/src/camera_models/CameraFactory.cc:9[m[K:
[01m[K/home/deathstroke/vins-fusion-ros2/src/VINS-Fusion-ROS2-humble-arm/camera_models/include/camodocal/camera_models/ScaramuzzaCamera.h:54:21:[m[K [01;36m[Knote: [m[Kbecause ‘[01m[Kcamodocal::OCAMCamera::Parameters[m[K’ has user-provided ‘[01m[Kcamodocal::OCAMCamera::Parameters& camodocal::OCAMCamera::Parameters::operator=(const camodocal::OCAMCamera::Parameters&)[m[K’
   54 |         Parameters& [01;36m[Koperator[m[K=(const Parameters& other);
      |                     [01;36m[K^~~~~~~~[m[K
[01m[K/home/deathstroke/vins-fusion-ros2/src/VINS-Fusion-ROS2-humble-arm/camera_models/src/camera_models/CameraFactory.cc:181:68:[m[K [01;35m[Kwarning: [m[Kimplicitly-declared ‘[01m[Kcamodocal::CataCamera::Parameters::Parameters(const camodocal::CataCamera::Parameters&)[m[K’ is deprecated [[01;35m[K-Wdeprecated-copy[m[K]
  181 |             CataCamera::Parameters params = camera->getParameters( [01;35m[K)[m[K;
      |                                                                    [01;35m[K^[m[K
In file included from [01m[K/home/deathstroke/vins-fusion-ros2/src/VINS-Fusion-ROS2-humble-arm/camera_models/src/camera_models/CameraFactory.cc:5[m[K:
[01m[K/home/deathstroke/vins-fusion-ros2/src/VINS-Fusion-ROS2-humble-arm/camera_models/include/camodocal/camera_models/CataCamera.h:54:21:[m[K [01;36m[Knote: [m[Kbecause ‘[01m[Kcamodocal::CataCamera::Parameters[m[K’ has user-provided ‘[01m[Kcamodocal::CataCamera::Parameters& camodocal::CataCamera::Parameters::operator=(const camodocal::CataCamera::Parameters&)[m[K’
   54 |         Parameters& [01;36m[Koperator[m[K=(const Parameters& other);
      |                     [01;36m[K^~~~~~~~[m[K
[ 96%] [32m[1mLinking CXX static library libcamera_models.a[0m
[100%] [32m[1mLinking CXX executable Calibrations[0m
[100%] Built target camera_models
[100%] Built target Calibrations
-- Install configuration: ""
-- Execute custom install script
-- Symlinking: /home/deathstroke/vins-fusion-ros2/install/camera_models/share/camera_models/environment/library_path.sh
-- Symlinking: /home/deathstroke/vins-fusion-ros2/install/camera_models/share/camera_models/environment/library_path.dsv
-- Symlinking: /home/deathstroke/vins-fusion-ros2/install/camera_models/lib/camera_models/Calibrations
-- Symlinking: /home/deathstroke/vins-fusion-ros2/install/camera_models/bin/Calibrations
-- Symlinking: /home/deathstroke/vins-fusion-ros2/install/camera_models/lib/libcamera_models.a
-- Up-to-date symlink: /home/deathstroke/vins-fusion-ros2/install/camera_models/lib/camera_models/Calibrations
-- Symlinking: /home/deathstroke/vins-fusion-ros2/install/camera_models/include//camodocal/calib/CameraCalibration.h
-- Symlinking: /home/deathstroke/vins-fusion-ros2/install/camera_models/include//camodocal/camera_models/Camera.h
-- Symlinking: /home/deathstroke/vins-fusion-ros2/install/camera_models/include//camodocal/camera_models/CameraFactory.h
-- Symlinking: /home/deathstroke/vins-fusion-ros2/install/camera_models/include//camodocal/camera_models/CataCamera.h
-- Symlinking: /home/deathstroke/vins-fusion-ros2/install/camera_models/include//camodocal/camera_models/CostFunctionFactory.h
-- Symlinking: /home/deathstroke/vins-fusion-ros2/install/camera_models/include//camodocal/camera_models/EquidistantCamera.h
-- Symlinking: /home/deathstroke/vins-fusion-ros2/install/camera_models/include//camodocal/camera_models/PinholeCamera.h
-- Symlinking: /home/deathstroke/vins-fusion-ros2/install/camera_models/include//camodocal/camera_models/PinholeFullCamera.h
-- Symlinking: /home/deathstroke/vins-fusion-ros2/install/camera_models/include//camodocal/camera_models/ScaramuzzaCamera.h
-- Symlinking: /home/deathstroke/vins-fusion-ros2/install/camera_models/include//camodocal/chessboard/Chessboard.h
-- Symlinking: /home/deathstroke/vins-fusion-ros2/install/camera_models/include//camodocal/chessboard/ChessboardCorner.h
-- Symlinking: /home/deathstroke/vins-fusion-ros2/install/camera_models/include//camodocal/chessboard/ChessboardQuad.h
-- Symlinking: /home/deathstroke/vins-fusion-ros2/install/camera_models/include//camodocal/chessboard/Spline.h
-- Symlinking: /home/deathstroke/vins-fusion-ros2/install/camera_models/include//camodocal/gpl/EigenQuaternionParameterization.h
-- Symlinking: /home/deathstroke/vins-fusion-ros2/install/camera_models/include//camodocal/gpl/EigenUtils.h
-- Symlinking: /home/deathstroke/vins-fusion-ros2/install/camera_models/include//camodocal/gpl/gpl.h
-- Symlinking: /home/deathstroke/vins-fusion-ros2/install/camera_models/include//camodocal/sparse_graph/Transform.h
-- Symlinking: /home/deathstroke/vins-fusion-ros2/install/camera_models/share/ament_index/resource_index/package_run_dependencies/camera_models
-- Symlinking: /home/deathstroke/vins-fusion-ros2/install/camera_models/share/ament_index/resource_index/parent_prefix_path/camera_models
-- Symlinking: /home/deathstroke/vins-fusion-ros2/install/camera_models/share/camera_models/environment/ament_prefix_path.sh
-- Symlinking: /home/deathstroke/vins-fusion-ros2/install/camera_models/share/camera_models/environment/ament_prefix_path.dsv
-- Symlinking: /home/deathstroke/vins-fusion-ros2/install/camera_models/share/camera_models/environment/path.sh
-- Symlinking: /home/deathstroke/vins-fusion-ros2/install/camera_models/share/camera_models/environment/path.dsv
-- Symlinking: /home/deathstroke/vins-fusion-ros2/install/camera_models/share/camera_models/local_setup.bash
-- Symlinking: /home/deathstroke/vins-fusion-ros2/install/camera_models/share/camera_models/local_setup.sh
-- Symlinking: /home/deathstroke/vins-fusion-ros2/install/camera_models/share/camera_models/local_setup.zsh
-- Symlinking: /home/deathstroke/vins-fusion-ros2/install/camera_models/share/camera_models/local_setup.dsv
-- Symlinking: /home/deathstroke/vins-fusion-ros2/install/camera_models/share/camera_models/package.dsv
-- Symlinking: /home/deathstroke/vins-fusion-ros2/install/camera_models/share/ament_index/resource_index/packages/camera_models
-- Symlinking: /home/deathstroke/vins-fusion-ros2/install/camera_models/share/camera_models/cmake/ament_cmake_export_include_directories-extras.cmake
-- Symlinking: /home/deathstroke/vins-fusion-ros2/install/camera_models/share/camera_models/cmake/ament_cmake_export_libraries-extras.cmake
-- Symlinking: /home/deathstroke/vins-fusion-ros2/install/camera_models/share/camera_models/cmake/ament_cmake_export_dependencies-extras.cmake
-- Symlinking: /home/deathstroke/vins-fusion-ros2/install/camera_models/share/camera_models/cmake/camera_modelsConfig.cmake
-- Symlinking: /home/deathstroke/vins-fusion-ros2/install/camera_models/share/camera_models/cmake/camera_modelsConfig-version.cmake
-- Symlinking: /home/deathstroke/vins-fusion-ros2/install/camera_models/share/camera_models/package.xml
