[0.080s] [34mcolcon[0m [1;30mDEBUG[0m [32mCommand line arguments: ['/usr/bin/colcon', 'build'][0m
[0.080s] [34mcolcon[0m [1;30mDEBUG[0m [32mParsed command line arguments: Namespace(log_base=None, log_level=None, verb_name='build', build_base='build', install_base='install', merge_install=False, symlink_install=False, test_result_base=None, continue_on_error=False, executor='parallel', parallel_workers=32, event_handlers=None, ignore_user_meta=False, metas=['./colcon.meta'], base_paths=['.'], packages_ignore=None, packages_ignore_regex=None, paths=None, packages_up_to=None, packages_up_to_regex=None, packages_above=None, packages_above_and_dependencies=None, packages_above_depth=None, packages_select_by_dep=None, packages_skip_by_dep=None, packages_skip_up_to=None, packages_select_build_failed=False, packages_skip_build_finished=False, packages_select_test_failures=False, packages_skip_test_passed=False, packages_select=None, packages_skip=None, packages_select_regex=None, packages_skip_regex=None, packages_start=None, packages_end=None, allow_overriding=[], cargo_args=None, clean_build=False, cmake_args=None, cmake_target=None, cmake_target_skip_unavailable=False, cmake_clean_cache=False, cmake_clean_first=False, cmake_force_configure=False, lookup_in_workspace=False, ament_cmake_args=None, catkin_cmake_args=None, catkin_skip_building_tests=False, mixin_files=None, mixin=None, verb_parser=<colcon_mixin.mixin.mixin_argument.MixinArgumentDecorator object at 0x7773ba53a6e0>, verb_extension=<colcon_core.verb.build.BuildVerb object at 0x7773ba539c90>, main=<bound method BuildVerb.main of <colcon_core.verb.build.BuildVerb object at 0x7773ba539c90>>, mixin_verb=('build',))[0m
[0.255s] [34mcolcon.colcon_core.package_discovery[0m [1;30mLevel 1[0m discover_packages(colcon_meta) check parameters
[0.255s] [34mcolcon.colcon_core.package_discovery[0m [1;30mLevel 1[0m discover_packages(recursive) check parameters
[0.255s] [34mcolcon.colcon_core.package_discovery[0m [1;30mLevel 1[0m discover_packages(ignore) check parameters
[0.255s] [34mcolcon.colcon_core.package_discovery[0m [1;30mLevel 1[0m discover_packages(path) check parameters
[0.255s] [34mcolcon.colcon_core.package_discovery[0m [1;30mLevel 1[0m discover_packages(cargo_workspace) check parameters
[0.255s] [34mcolcon.colcon_core.package_discovery[0m [1;30mLevel 1[0m discover_packages(colcon_meta) discover
[0.255s] [34mcolcon.colcon_core.package_discovery[0m [1;30mLevel 1[0m discover_packages(recursive) discover
[0.255s] [34mcolcon.colcon_core.package_discovery[0m [1;30mINFO[0m Crawling recursively for packages in '/home/deathstroke/vins-fusion-ros2'
[0.255s] [34mcolcon.colcon_core.package_identification[0m [1;30mLevel 1[0m _identify(.) by extensions ['ignore', 'ignore_ament_install']
[0.255s] [34mcolcon.colcon_core.package_identification[0m [1;30mLevel 1[0m _identify(.) by extension 'ignore'
[0.255s] [34mcolcon.colcon_core.package_identification[0m [1;30mLevel 1[0m _identify(.) by extension 'ignore_ament_install'
[0.255s] [34mcolcon.colcon_core.package_identification[0m [1;30mLevel 1[0m _identify(.) by extensions ['cargo_workspace']
[0.255s] [34mcolcon.colcon_core.package_identification[0m [1;30mLevel 1[0m _identify(.) by extension 'cargo_workspace'
[0.255s] [34mcolcon.colcon_core.package_identification[0m [1;30mLevel 1[0m _identify(.) by extensions ['colcon_pkg']
[0.255s] [34mcolcon.colcon_core.package_identification[0m [1;30mLevel 1[0m _identify(.) by extension 'colcon_pkg'
[0.255s] [34mcolcon.colcon_core.package_identification[0m [1;30mLevel 1[0m _identify(.) by extensions ['colcon_meta']
[0.255s] [34mcolcon.colcon_core.package_identification[0m [1;30mLevel 1[0m _identify(.) by extension 'colcon_meta'
[0.255s] [34mcolcon.colcon_core.package_identification[0m [1;30mLevel 1[0m _identify(.) by extensions ['ros']
[0.255s] [34mcolcon.colcon_core.package_identification[0m [1;30mLevel 1[0m _identify(.) by extension 'ros'
[0.261s] [34mcolcon.colcon_core.package_identification[0m [1;30mLevel 1[0m _identify(.) by extensions ['cargo', 'cmake', 'python']
[0.262s] [34mcolcon.colcon_core.package_identification[0m [1;30mLevel 1[0m _identify(.) by extension 'cargo'
[0.262s] [34mcolcon.colcon_core.package_identification[0m [1;30mLevel 1[0m _identify(.) by extension 'cmake'
[0.262s] [34mcolcon.colcon_core.package_identification[0m [1;30mLevel 1[0m _identify(.) by extension 'python'
[0.262s] [34mcolcon.colcon_core.package_identification[0m [1;30mLevel 1[0m _identify(.) by extensions ['python_setup_py']
[0.262s] [34mcolcon.colcon_core.package_identification[0m [1;30mLevel 1[0m _identify(.) by extension 'python_setup_py'
[0.262s] [34mcolcon.colcon_core.package_identification[0m [1;30mLevel 1[0m _identify(build) by extensions ['ignore', 'ignore_ament_install']
[0.262s] [34mcolcon.colcon_core.package_identification[0m [1;30mLevel 1[0m _identify(build) by extension 'ignore'
[0.262s] [34mcolcon.colcon_core.package_identification[0m [1;30mLevel 1[0m _identify(build) ignored
[0.262s] [34mcolcon.colcon_core.package_identification[0m [1;30mLevel 1[0m _identify(custom_config) by extensions ['ignore', 'ignore_ament_install']
[0.262s] [34mcolcon.colcon_core.package_identification[0m [1;30mLevel 1[0m _identify(custom_config) by extension 'ignore'
[0.262s] [34mcolcon.colcon_core.package_identification[0m [1;30mLevel 1[0m _identify(custom_config) by extension 'ignore_ament_install'
[0.262s] [34mcolcon.colcon_core.package_identification[0m [1;30mLevel 1[0m _identify(custom_config) by extensions ['cargo_workspace']
[0.262s] [34mcolcon.colcon_core.package_identification[0m [1;30mLevel 1[0m _identify(custom_config) by extension 'cargo_workspace'
[0.262s] [34mcolcon.colcon_core.package_identification[0m [1;30mLevel 1[0m _identify(custom_config) by extensions ['colcon_pkg']
[0.262s] [34mcolcon.colcon_core.package_identification[0m [1;30mLevel 1[0m _identify(custom_config) by extension 'colcon_pkg'
[0.262s] [34mcolcon.colcon_core.package_identification[0m [1;30mLevel 1[0m _identify(custom_config) by extensions ['colcon_meta']
[0.262s] [34mcolcon.colcon_core.package_identification[0m [1;30mLevel 1[0m _identify(custom_config) by extension 'colcon_meta'
[0.262s] [34mcolcon.colcon_core.package_identification[0m [1;30mLevel 1[0m _identify(custom_config) by extensions ['ros']
[0.262s] [34mcolcon.colcon_core.package_identification[0m [1;30mLevel 1[0m _identify(custom_config) by extension 'ros'
[0.262s] [34mcolcon.colcon_core.package_identification[0m [1;30mLevel 1[0m _identify(custom_config) by extensions ['cargo', 'cmake', 'python']
[0.262s] [34mcolcon.colcon_core.package_identification[0m [1;30mLevel 1[0m _identify(custom_config) by extension 'cargo'
[0.262s] [34mcolcon.colcon_core.package_identification[0m [1;30mLevel 1[0m _identify(custom_config) by extension 'cmake'
[0.262s] [34mcolcon.colcon_core.package_identification[0m [1;30mLevel 1[0m _identify(custom_config) by extension 'python'
[0.262s] [34mcolcon.colcon_core.package_identification[0m [1;30mLevel 1[0m _identify(custom_config) by extensions ['python_setup_py']
[0.262s] [34mcolcon.colcon_core.package_identification[0m [1;30mLevel 1[0m _identify(custom_config) by extension 'python_setup_py'
[0.262s] [34mcolcon.colcon_core.package_identification[0m [1;30mLevel 1[0m _identify(custom_config/A3_ptgrey) by extensions ['ignore', 'ignore_ament_install']
[0.262s] [34mcolcon.colcon_core.package_identification[0m [1;30mLevel 1[0m _identify(custom_config/A3_ptgrey) by extension 'ignore'
[0.262s] [34mcolcon.colcon_core.package_identification[0m [1;30mLevel 1[0m _identify(custom_config/A3_ptgrey) by extension 'ignore_ament_install'
[0.262s] [34mcolcon.colcon_core.package_identification[0m [1;30mLevel 1[0m _identify(custom_config/A3_ptgrey) by extensions ['cargo_workspace']
[0.262s] [34mcolcon.colcon_core.package_identification[0m [1;30mLevel 1[0m _identify(custom_config/A3_ptgrey) by extension 'cargo_workspace'
[0.262s] [34mcolcon.colcon_core.package_identification[0m [1;30mLevel 1[0m _identify(custom_config/A3_ptgrey) by extensions ['colcon_pkg']
[0.262s] [34mcolcon.colcon_core.package_identification[0m [1;30mLevel 1[0m _identify(custom_config/A3_ptgrey) by extension 'colcon_pkg'
[0.262s] [34mcolcon.colcon_core.package_identification[0m [1;30mLevel 1[0m _identify(custom_config/A3_ptgrey) by extensions ['colcon_meta']
[0.262s] [34mcolcon.colcon_core.package_identification[0m [1;30mLevel 1[0m _identify(custom_config/A3_ptgrey) by extension 'colcon_meta'
[0.262s] [34mcolcon.colcon_core.package_identification[0m [1;30mLevel 1[0m _identify(custom_config/A3_ptgrey) by extensions ['ros']
[0.262s] [34mcolcon.colcon_core.package_identification[0m [1;30mLevel 1[0m _identify(custom_config/A3_ptgrey) by extension 'ros'
[0.262s] [34mcolcon.colcon_core.package_identification[0m [1;30mLevel 1[0m _identify(custom_config/A3_ptgrey) by extensions ['cargo', 'cmake', 'python']
[0.262s] [34mcolcon.colcon_core.package_identification[0m [1;30mLevel 1[0m _identify(custom_config/A3_ptgrey) by extension 'cargo'
[0.262s] [34mcolcon.colcon_core.package_identification[0m [1;30mLevel 1[0m _identify(custom_config/A3_ptgrey) by extension 'cmake'
[0.262s] [34mcolcon.colcon_core.package_identification[0m [1;30mLevel 1[0m _identify(custom_config/A3_ptgrey) by extension 'python'
[0.262s] [34mcolcon.colcon_core.package_identification[0m [1;30mLevel 1[0m _identify(custom_config/A3_ptgrey) by extensions ['python_setup_py']
[0.262s] [34mcolcon.colcon_core.package_identification[0m [1;30mLevel 1[0m _identify(custom_config/A3_ptgrey) by extension 'python_setup_py'
[0.262s] [34mcolcon.colcon_core.package_identification[0m [1;30mLevel 1[0m _identify(custom_config/euroc) by extensions ['ignore', 'ignore_ament_install']
[0.262s] [34mcolcon.colcon_core.package_identification[0m [1;30mLevel 1[0m _identify(custom_config/euroc) by extension 'ignore'
[0.262s] [34mcolcon.colcon_core.package_identification[0m [1;30mLevel 1[0m _identify(custom_config/euroc) by extension 'ignore_ament_install'
[0.263s] [34mcolcon.colcon_core.package_identification[0m [1;30mLevel 1[0m _identify(custom_config/euroc) by extensions ['cargo_workspace']
[0.263s] [34mcolcon.colcon_core.package_identification[0m [1;30mLevel 1[0m _identify(custom_config/euroc) by extension 'cargo_workspace'
[0.263s] [34mcolcon.colcon_core.package_identification[0m [1;30mLevel 1[0m _identify(custom_config/euroc) by extensions ['colcon_pkg']
[0.263s] [34mcolcon.colcon_core.package_identification[0m [1;30mLevel 1[0m _identify(custom_config/euroc) by extension 'colcon_pkg'
[0.263s] [34mcolcon.colcon_core.package_identification[0m [1;30mLevel 1[0m _identify(custom_config/euroc) by extensions ['colcon_meta']
[0.263s] [34mcolcon.colcon_core.package_identification[0m [1;30mLevel 1[0m _identify(custom_config/euroc) by extension 'colcon_meta'
[0.263s] [34mcolcon.colcon_core.package_identification[0m [1;30mLevel 1[0m _identify(custom_config/euroc) by extensions ['ros']
[0.263s] [34mcolcon.colcon_core.package_identification[0m [1;30mLevel 1[0m _identify(custom_config/euroc) by extension 'ros'
[0.263s] [34mcolcon.colcon_core.package_identification[0m [1;30mLevel 1[0m _identify(custom_config/euroc) by extensions ['cargo', 'cmake', 'python']
[0.263s] [34mcolcon.colcon_core.package_identification[0m [1;30mLevel 1[0m _identify(custom_config/euroc) by extension 'cargo'
[0.263s] [34mcolcon.colcon_core.package_identification[0m [1;30mLevel 1[0m _identify(custom_config/euroc) by extension 'cmake'
[0.263s] [34mcolcon.colcon_core.package_identification[0m [1;30mLevel 1[0m _identify(custom_config/euroc) by extension 'python'
[0.263s] [34mcolcon.colcon_core.package_identification[0m [1;30mLevel 1[0m _identify(custom_config/euroc) by extensions ['python_setup_py']
[0.263s] [34mcolcon.colcon_core.package_identification[0m [1;30mLevel 1[0m _identify(custom_config/euroc) by extension 'python_setup_py'
[0.263s] [34mcolcon.colcon_core.package_identification[0m [1;30mLevel 1[0m _identify(custom_config/iron) by extensions ['ignore', 'ignore_ament_install']
[0.263s] [34mcolcon.colcon_core.package_identification[0m [1;30mLevel 1[0m _identify(custom_config/iron) by extension 'ignore'
[0.263s] [34mcolcon.colcon_core.package_identification[0m [1;30mLevel 1[0m _identify(custom_config/iron) by extension 'ignore_ament_install'
[0.263s] [34mcolcon.colcon_core.package_identification[0m [1;30mLevel 1[0m _identify(custom_config/iron) by extensions ['cargo_workspace']
[0.263s] [34mcolcon.colcon_core.package_identification[0m [1;30mLevel 1[0m _identify(custom_config/iron) by extension 'cargo_workspace'
[0.263s] [34mcolcon.colcon_core.package_identification[0m [1;30mLevel 1[0m _identify(custom_config/iron) by extensions ['colcon_pkg']
[0.263s] [34mcolcon.colcon_core.package_identification[0m [1;30mLevel 1[0m _identify(custom_config/iron) by extension 'colcon_pkg'
[0.263s] [34mcolcon.colcon_core.package_identification[0m [1;30mLevel 1[0m _identify(custom_config/iron) by extensions ['colcon_meta']
[0.263s] [34mcolcon.colcon_core.package_identification[0m [1;30mLevel 1[0m _identify(custom_config/iron) by extension 'colcon_meta'
[0.263s] [34mcolcon.colcon_core.package_identification[0m [1;30mLevel 1[0m _identify(custom_config/iron) by extensions ['ros']
[0.263s] [34mcolcon.colcon_core.package_identification[0m [1;30mLevel 1[0m _identify(custom_config/iron) by extension 'ros'
[0.263s] [34mcolcon.colcon_core.package_identification[0m [1;30mLevel 1[0m _identify(custom_config/iron) by extensions ['cargo', 'cmake', 'python']
[0.263s] [34mcolcon.colcon_core.package_identification[0m [1;30mLevel 1[0m _identify(custom_config/iron) by extension 'cargo'
[0.263s] [34mcolcon.colcon_core.package_identification[0m [1;30mLevel 1[0m _identify(custom_config/iron) by extension 'cmake'
[0.263s] [34mcolcon.colcon_core.package_identification[0m [1;30mLevel 1[0m _identify(custom_config/iron) by extension 'python'
[0.263s] [34mcolcon.colcon_core.package_identification[0m [1;30mLevel 1[0m _identify(custom_config/iron) by extensions ['python_setup_py']
[0.263s] [34mcolcon.colcon_core.package_identification[0m [1;30mLevel 1[0m _identify(custom_config/iron) by extension 'python_setup_py'
[0.263s] [34mcolcon.colcon_core.package_identification[0m [1;30mLevel 1[0m _identify(custom_config/kitti_odom) by extensions ['ignore', 'ignore_ament_install']
[0.263s] [34mcolcon.colcon_core.package_identification[0m [1;30mLevel 1[0m _identify(custom_config/kitti_odom) by extension 'ignore'
[0.263s] [34mcolcon.colcon_core.package_identification[0m [1;30mLevel 1[0m _identify(custom_config/kitti_odom) by extension 'ignore_ament_install'
[0.263s] [34mcolcon.colcon_core.package_identification[0m [1;30mLevel 1[0m _identify(custom_config/kitti_odom) by extensions ['cargo_workspace']
[0.263s] [34mcolcon.colcon_core.package_identification[0m [1;30mLevel 1[0m _identify(custom_config/kitti_odom) by extension 'cargo_workspace'
[0.263s] [34mcolcon.colcon_core.package_identification[0m [1;30mLevel 1[0m _identify(custom_config/kitti_odom) by extensions ['colcon_pkg']
[0.263s] [34mcolcon.colcon_core.package_identification[0m [1;30mLevel 1[0m _identify(custom_config/kitti_odom) by extension 'colcon_pkg'
[0.263s] [34mcolcon.colcon_core.package_identification[0m [1;30mLevel 1[0m _identify(custom_config/kitti_odom) by extensions ['colcon_meta']
[0.263s] [34mcolcon.colcon_core.package_identification[0m [1;30mLevel 1[0m _identify(custom_config/kitti_odom) by extension 'colcon_meta'
[0.263s] [34mcolcon.colcon_core.package_identification[0m [1;30mLevel 1[0m _identify(custom_config/kitti_odom) by extensions ['ros']
[0.263s] [34mcolcon.colcon_core.package_identification[0m [1;30mLevel 1[0m _identify(custom_config/kitti_odom) by extension 'ros'
[0.263s] [34mcolcon.colcon_core.package_identification[0m [1;30mLevel 1[0m _identify(custom_config/kitti_odom) by extensions ['cargo', 'cmake', 'python']
[0.263s] [34mcolcon.colcon_core.package_identification[0m [1;30mLevel 1[0m _identify(custom_config/kitti_odom) by extension 'cargo'
[0.263s] [34mcolcon.colcon_core.package_identification[0m [1;30mLevel 1[0m _identify(custom_config/kitti_odom) by extension 'cmake'
[0.263s] [34mcolcon.colcon_core.package_identification[0m [1;30mLevel 1[0m _identify(custom_config/kitti_odom) by extension 'python'
[0.263s] [34mcolcon.colcon_core.package_identification[0m [1;30mLevel 1[0m _identify(custom_config/kitti_odom) by extensions ['python_setup_py']
[0.263s] [34mcolcon.colcon_core.package_identification[0m [1;30mLevel 1[0m _identify(custom_config/kitti_odom) by extension 'python_setup_py'
[0.263s] [34mcolcon.colcon_core.package_identification[0m [1;30mLevel 1[0m _identify(custom_config/kitti_raw) by extensions ['ignore', 'ignore_ament_install']
[0.263s] [34mcolcon.colcon_core.package_identification[0m [1;30mLevel 1[0m _identify(custom_config/kitti_raw) by extension 'ignore'
[0.263s] [34mcolcon.colcon_core.package_identification[0m [1;30mLevel 1[0m _identify(custom_config/kitti_raw) by extension 'ignore_ament_install'
[0.263s] [34mcolcon.colcon_core.package_identification[0m [1;30mLevel 1[0m _identify(custom_config/kitti_raw) by extensions ['cargo_workspace']
[0.263s] [34mcolcon.colcon_core.package_identification[0m [1;30mLevel 1[0m _identify(custom_config/kitti_raw) by extension 'cargo_workspace'
[0.263s] [34mcolcon.colcon_core.package_identification[0m [1;30mLevel 1[0m _identify(custom_config/kitti_raw) by extensions ['colcon_pkg']
[0.263s] [34mcolcon.colcon_core.package_identification[0m [1;30mLevel 1[0m _identify(custom_config/kitti_raw) by extension 'colcon_pkg'
[0.264s] [34mcolcon.colcon_core.package_identification[0m [1;30mLevel 1[0m _identify(custom_config/kitti_raw) by extensions ['colcon_meta']
[0.264s] [34mcolcon.colcon_core.package_identification[0m [1;30mLevel 1[0m _identify(custom_config/kitti_raw) by extension 'colcon_meta'
[0.264s] [34mcolcon.colcon_core.package_identification[0m [1;30mLevel 1[0m _identify(custom_config/kitti_raw) by extensions ['ros']
[0.264s] [34mcolcon.colcon_core.package_identification[0m [1;30mLevel 1[0m _identify(custom_config/kitti_raw) by extension 'ros'
[0.264s] [34mcolcon.colcon_core.package_identification[0m [1;30mLevel 1[0m _identify(custom_config/kitti_raw) by extensions ['cargo', 'cmake', 'python']
[0.264s] [34mcolcon.colcon_core.package_identification[0m [1;30mLevel 1[0m _identify(custom_config/kitti_raw) by extension 'cargo'
[0.264s] [34mcolcon.colcon_core.package_identification[0m [1;30mLevel 1[0m _identify(custom_config/kitti_raw) by extension 'cmake'
[0.264s] [34mcolcon.colcon_core.package_identification[0m [1;30mLevel 1[0m _identify(custom_config/kitti_raw) by extension 'python'
[0.264s] [34mcolcon.colcon_core.package_identification[0m [1;30mLevel 1[0m _identify(custom_config/kitti_raw) by extensions ['python_setup_py']
[0.264s] [34mcolcon.colcon_core.package_identification[0m [1;30mLevel 1[0m _identify(custom_config/kitti_raw) by extension 'python_setup_py'
[0.264s] [34mcolcon.colcon_core.package_identification[0m [1;30mLevel 1[0m _identify(custom_config/morroco) by extensions ['ignore', 'ignore_ament_install']
[0.264s] [34mcolcon.colcon_core.package_identification[0m [1;30mLevel 1[0m _identify(custom_config/morroco) by extension 'ignore'
[0.264s] [34mcolcon.colcon_core.package_identification[0m [1;30mLevel 1[0m _identify(custom_config/morroco) by extension 'ignore_ament_install'
[0.264s] [34mcolcon.colcon_core.package_identification[0m [1;30mLevel 1[0m _identify(custom_config/morroco) by extensions ['cargo_workspace']
[0.264s] [34mcolcon.colcon_core.package_identification[0m [1;30mLevel 1[0m _identify(custom_config/morroco) by extension 'cargo_workspace'
[0.264s] [34mcolcon.colcon_core.package_identification[0m [1;30mLevel 1[0m _identify(custom_config/morroco) by extensions ['colcon_pkg']
[0.264s] [34mcolcon.colcon_core.package_identification[0m [1;30mLevel 1[0m _identify(custom_config/morroco) by extension 'colcon_pkg'
[0.264s] [34mcolcon.colcon_core.package_identification[0m [1;30mLevel 1[0m _identify(custom_config/morroco) by extensions ['colcon_meta']
[0.264s] [34mcolcon.colcon_core.package_identification[0m [1;30mLevel 1[0m _identify(custom_config/morroco) by extension 'colcon_meta'
[0.264s] [34mcolcon.colcon_core.package_identification[0m [1;30mLevel 1[0m _identify(custom_config/morroco) by extensions ['ros']
[0.264s] [34mcolcon.colcon_core.package_identification[0m [1;30mLevel 1[0m _identify(custom_config/morroco) by extension 'ros'
[0.264s] [34mcolcon.colcon_core.package_identification[0m [1;30mLevel 1[0m _identify(custom_config/morroco) by extensions ['cargo', 'cmake', 'python']
[0.264s] [34mcolcon.colcon_core.package_identification[0m [1;30mLevel 1[0m _identify(custom_config/morroco) by extension 'cargo'
[0.264s] [34mcolcon.colcon_core.package_identification[0m [1;30mLevel 1[0m _identify(custom_config/morroco) by extension 'cmake'
[0.264s] [34mcolcon.colcon_core.package_identification[0m [1;30mLevel 1[0m _identify(custom_config/morroco) by extension 'python'
[0.264s] [34mcolcon.colcon_core.package_identification[0m [1;30mLevel 1[0m _identify(custom_config/morroco) by extensions ['python_setup_py']
[0.264s] [34mcolcon.colcon_core.package_identification[0m [1;30mLevel 1[0m _identify(custom_config/morroco) by extension 'python_setup_py'
[0.264s] [34mcolcon.colcon_core.package_identification[0m [1;30mLevel 1[0m _identify(custom_config/mynteye) by extensions ['ignore', 'ignore_ament_install']
[0.264s] [34mcolcon.colcon_core.package_identification[0m [1;30mLevel 1[0m _identify(custom_config/mynteye) by extension 'ignore'
[0.264s] [34mcolcon.colcon_core.package_identification[0m [1;30mLevel 1[0m _identify(custom_config/mynteye) by extension 'ignore_ament_install'
[0.264s] [34mcolcon.colcon_core.package_identification[0m [1;30mLevel 1[0m _identify(custom_config/mynteye) by extensions ['cargo_workspace']
[0.264s] [34mcolcon.colcon_core.package_identification[0m [1;30mLevel 1[0m _identify(custom_config/mynteye) by extension 'cargo_workspace'
[0.264s] [34mcolcon.colcon_core.package_identification[0m [1;30mLevel 1[0m _identify(custom_config/mynteye) by extensions ['colcon_pkg']
[0.264s] [34mcolcon.colcon_core.package_identification[0m [1;30mLevel 1[0m _identify(custom_config/mynteye) by extension 'colcon_pkg'
[0.264s] [34mcolcon.colcon_core.package_identification[0m [1;30mLevel 1[0m _identify(custom_config/mynteye) by extensions ['colcon_meta']
[0.264s] [34mcolcon.colcon_core.package_identification[0m [1;30mLevel 1[0m _identify(custom_config/mynteye) by extension 'colcon_meta'
[0.264s] [34mcolcon.colcon_core.package_identification[0m [1;30mLevel 1[0m _identify(custom_config/mynteye) by extensions ['ros']
[0.264s] [34mcolcon.colcon_core.package_identification[0m [1;30mLevel 1[0m _identify(custom_config/mynteye) by extension 'ros'
[0.264s] [34mcolcon.colcon_core.package_identification[0m [1;30mLevel 1[0m _identify(custom_config/mynteye) by extensions ['cargo', 'cmake', 'python']
[0.264s] [34mcolcon.colcon_core.package_identification[0m [1;30mLevel 1[0m _identify(custom_config/mynteye) by extension 'cargo'
[0.264s] [34mcolcon.colcon_core.package_identification[0m [1;30mLevel 1[0m _identify(custom_config/mynteye) by extension 'cmake'
[0.264s] [34mcolcon.colcon_core.package_identification[0m [1;30mLevel 1[0m _identify(custom_config/mynteye) by extension 'python'
[0.264s] [34mcolcon.colcon_core.package_identification[0m [1;30mLevel 1[0m _identify(custom_config/mynteye) by extensions ['python_setup_py']
[0.264s] [34mcolcon.colcon_core.package_identification[0m [1;30mLevel 1[0m _identify(custom_config/mynteye) by extension 'python_setup_py'
[0.264s] [34mcolcon.colcon_core.package_identification[0m [1;30mLevel 1[0m _identify(custom_config/realsense_d435i) by extensions ['ignore', 'ignore_ament_install']
[0.264s] [34mcolcon.colcon_core.package_identification[0m [1;30mLevel 1[0m _identify(custom_config/realsense_d435i) by extension 'ignore'
[0.264s] [34mcolcon.colcon_core.package_identification[0m [1;30mLevel 1[0m _identify(custom_config/realsense_d435i) by extension 'ignore_ament_install'
[0.264s] [34mcolcon.colcon_core.package_identification[0m [1;30mLevel 1[0m _identify(custom_config/realsense_d435i) by extensions ['cargo_workspace']
[0.264s] [34mcolcon.colcon_core.package_identification[0m [1;30mLevel 1[0m _identify(custom_config/realsense_d435i) by extension 'cargo_workspace'
[0.264s] [34mcolcon.colcon_core.package_identification[0m [1;30mLevel 1[0m _identify(custom_config/realsense_d435i) by extensions ['colcon_pkg']
[0.264s] [34mcolcon.colcon_core.package_identification[0m [1;30mLevel 1[0m _identify(custom_config/realsense_d435i) by extension 'colcon_pkg'
[0.264s] [34mcolcon.colcon_core.package_identification[0m [1;30mLevel 1[0m _identify(custom_config/realsense_d435i) by extensions ['colcon_meta']
[0.264s] [34mcolcon.colcon_core.package_identification[0m [1;30mLevel 1[0m _identify(custom_config/realsense_d435i) by extension 'colcon_meta'
[0.264s] [34mcolcon.colcon_core.package_identification[0m [1;30mLevel 1[0m _identify(custom_config/realsense_d435i) by extensions ['ros']
[0.264s] [34mcolcon.colcon_core.package_identification[0m [1;30mLevel 1[0m _identify(custom_config/realsense_d435i) by extension 'ros'
[0.264s] [34mcolcon.colcon_core.package_identification[0m [1;30mLevel 1[0m _identify(custom_config/realsense_d435i) by extensions ['cargo', 'cmake', 'python']
[0.264s] [34mcolcon.colcon_core.package_identification[0m [1;30mLevel 1[0m _identify(custom_config/realsense_d435i) by extension 'cargo'
[0.265s] [34mcolcon.colcon_core.package_identification[0m [1;30mLevel 1[0m _identify(custom_config/realsense_d435i) by extension 'cmake'
[0.265s] [34mcolcon.colcon_core.package_identification[0m [1;30mLevel 1[0m _identify(custom_config/realsense_d435i) by extension 'python'
[0.265s] [34mcolcon.colcon_core.package_identification[0m [1;30mLevel 1[0m _identify(custom_config/realsense_d435i) by extensions ['python_setup_py']
[0.265s] [34mcolcon.colcon_core.package_identification[0m [1;30mLevel 1[0m _identify(custom_config/realsense_d435i) by extension 'python_setup_py'
[0.265s] [34mcolcon.colcon_core.package_identification[0m [1;30mLevel 1[0m _identify(custom_config/rs_d455) by extensions ['ignore', 'ignore_ament_install']
[0.265s] [34mcolcon.colcon_core.package_identification[0m [1;30mLevel 1[0m _identify(custom_config/rs_d455) by extension 'ignore'
[0.265s] [34mcolcon.colcon_core.package_identification[0m [1;30mLevel 1[0m _identify(custom_config/rs_d455) by extension 'ignore_ament_install'
[0.265s] [34mcolcon.colcon_core.package_identification[0m [1;30mLevel 1[0m _identify(custom_config/rs_d455) by extensions ['cargo_workspace']
[0.265s] [34mcolcon.colcon_core.package_identification[0m [1;30mLevel 1[0m _identify(custom_config/rs_d455) by extension 'cargo_workspace'
[0.265s] [34mcolcon.colcon_core.package_identification[0m [1;30mLevel 1[0m _identify(custom_config/rs_d455) by extensions ['colcon_pkg']
[0.265s] [34mcolcon.colcon_core.package_identification[0m [1;30mLevel 1[0m _identify(custom_config/rs_d455) by extension 'colcon_pkg'
[0.265s] [34mcolcon.colcon_core.package_identification[0m [1;30mLevel 1[0m _identify(custom_config/rs_d455) by extensions ['colcon_meta']
[0.265s] [34mcolcon.colcon_core.package_identification[0m [1;30mLevel 1[0m _identify(custom_config/rs_d455) by extension 'colcon_meta'
[0.265s] [34mcolcon.colcon_core.package_identification[0m [1;30mLevel 1[0m _identify(custom_config/rs_d455) by extensions ['ros']
[0.265s] [34mcolcon.colcon_core.package_identification[0m [1;30mLevel 1[0m _identify(custom_config/rs_d455) by extension 'ros'
[0.265s] [34mcolcon.colcon_core.package_identification[0m [1;30mLevel 1[0m _identify(custom_config/rs_d455) by extensions ['cargo', 'cmake', 'python']
[0.265s] [34mcolcon.colcon_core.package_identification[0m [1;30mLevel 1[0m _identify(custom_config/rs_d455) by extension 'cargo'
[0.265s] [34mcolcon.colcon_core.package_identification[0m [1;30mLevel 1[0m _identify(custom_config/rs_d455) by extension 'cmake'
[0.265s] [34mcolcon.colcon_core.package_identification[0m [1;30mLevel 1[0m _identify(custom_config/rs_d455) by extension 'python'
[0.265s] [34mcolcon.colcon_core.package_identification[0m [1;30mLevel 1[0m _identify(custom_config/rs_d455) by extensions ['python_setup_py']
[0.265s] [34mcolcon.colcon_core.package_identification[0m [1;30mLevel 1[0m _identify(custom_config/rs_d455) by extension 'python_setup_py'
[0.265s] [34mcolcon.colcon_core.package_identification[0m [1;30mLevel 1[0m _identify(custom_config/simulation) by extensions ['ignore', 'ignore_ament_install']
[0.265s] [34mcolcon.colcon_core.package_identification[0m [1;30mLevel 1[0m _identify(custom_config/simulation) by extension 'ignore'
[0.265s] [34mcolcon.colcon_core.package_identification[0m [1;30mLevel 1[0m _identify(custom_config/simulation) by extension 'ignore_ament_install'
[0.265s] [34mcolcon.colcon_core.package_identification[0m [1;30mLevel 1[0m _identify(custom_config/simulation) by extensions ['cargo_workspace']
[0.265s] [34mcolcon.colcon_core.package_identification[0m [1;30mLevel 1[0m _identify(custom_config/simulation) by extension 'cargo_workspace'
[0.265s] [34mcolcon.colcon_core.package_identification[0m [1;30mLevel 1[0m _identify(custom_config/simulation) by extensions ['colcon_pkg']
[0.265s] [34mcolcon.colcon_core.package_identification[0m [1;30mLevel 1[0m _identify(custom_config/simulation) by extension 'colcon_pkg'
[0.265s] [34mcolcon.colcon_core.package_identification[0m [1;30mLevel 1[0m _identify(custom_config/simulation) by extensions ['colcon_meta']
[0.265s] [34mcolcon.colcon_core.package_identification[0m [1;30mLevel 1[0m _identify(custom_config/simulation) by extension 'colcon_meta'
[0.265s] [34mcolcon.colcon_core.package_identification[0m [1;30mLevel 1[0m _identify(custom_config/simulation) by extensions ['ros']
[0.265s] [34mcolcon.colcon_core.package_identification[0m [1;30mLevel 1[0m _identify(custom_config/simulation) by extension 'ros'
[0.265s] [34mcolcon.colcon_core.package_identification[0m [1;30mLevel 1[0m _identify(custom_config/simulation) by extensions ['cargo', 'cmake', 'python']
[0.265s] [34mcolcon.colcon_core.package_identification[0m [1;30mLevel 1[0m _identify(custom_config/simulation) by extension 'cargo'
[0.265s] [34mcolcon.colcon_core.package_identification[0m [1;30mLevel 1[0m _identify(custom_config/simulation) by extension 'cmake'
[0.265s] [34mcolcon.colcon_core.package_identification[0m [1;30mLevel 1[0m _identify(custom_config/simulation) by extension 'python'
[0.265s] [34mcolcon.colcon_core.package_identification[0m [1;30mLevel 1[0m _identify(custom_config/simulation) by extensions ['python_setup_py']
[0.265s] [34mcolcon.colcon_core.package_identification[0m [1;30mLevel 1[0m _identify(custom_config/simulation) by extension 'python_setup_py'
[0.265s] [34mcolcon.colcon_core.package_identification[0m [1;30mLevel 1[0m _identify(custom_config/vi_car) by extensions ['ignore', 'ignore_ament_install']
[0.265s] [34mcolcon.colcon_core.package_identification[0m [1;30mLevel 1[0m _identify(custom_config/vi_car) by extension 'ignore'
[0.265s] [34mcolcon.colcon_core.package_identification[0m [1;30mLevel 1[0m _identify(custom_config/vi_car) by extension 'ignore_ament_install'
[0.265s] [34mcolcon.colcon_core.package_identification[0m [1;30mLevel 1[0m _identify(custom_config/vi_car) by extensions ['cargo_workspace']
[0.265s] [34mcolcon.colcon_core.package_identification[0m [1;30mLevel 1[0m _identify(custom_config/vi_car) by extension 'cargo_workspace'
[0.265s] [34mcolcon.colcon_core.package_identification[0m [1;30mLevel 1[0m _identify(custom_config/vi_car) by extensions ['colcon_pkg']
[0.265s] [34mcolcon.colcon_core.package_identification[0m [1;30mLevel 1[0m _identify(custom_config/vi_car) by extension 'colcon_pkg'
[0.265s] [34mcolcon.colcon_core.package_identification[0m [1;30mLevel 1[0m _identify(custom_config/vi_car) by extensions ['colcon_meta']
[0.265s] [34mcolcon.colcon_core.package_identification[0m [1;30mLevel 1[0m _identify(custom_config/vi_car) by extension 'colcon_meta'
[0.265s] [34mcolcon.colcon_core.package_identification[0m [1;30mLevel 1[0m _identify(custom_config/vi_car) by extensions ['ros']
[0.265s] [34mcolcon.colcon_core.package_identification[0m [1;30mLevel 1[0m _identify(custom_config/vi_car) by extension 'ros'
[0.265s] [34mcolcon.colcon_core.package_identification[0m [1;30mLevel 1[0m _identify(custom_config/vi_car) by extensions ['cargo', 'cmake', 'python']
[0.265s] [34mcolcon.colcon_core.package_identification[0m [1;30mLevel 1[0m _identify(custom_config/vi_car) by extension 'cargo'
[0.265s] [34mcolcon.colcon_core.package_identification[0m [1;30mLevel 1[0m _identify(custom_config/vi_car) by extension 'cmake'
[0.265s] [34mcolcon.colcon_core.package_identification[0m [1;30mLevel 1[0m _identify(custom_config/vi_car) by extension 'python'
[0.265s] [34mcolcon.colcon_core.package_identification[0m [1;30mLevel 1[0m _identify(custom_config/vi_car) by extensions ['python_setup_py']
[0.265s] [34mcolcon.colcon_core.package_identification[0m [1;30mLevel 1[0m _identify(custom_config/vi_car) by extension 'python_setup_py'
[0.265s] [34mcolcon.colcon_core.package_identification[0m [1;30mLevel 1[0m _identify(custom_config/zed2i) by extensions ['ignore', 'ignore_ament_install']
[0.266s] [34mcolcon.colcon_core.package_identification[0m [1;30mLevel 1[0m _identify(custom_config/zed2i) by extension 'ignore'
[0.266s] [34mcolcon.colcon_core.package_identification[0m [1;30mLevel 1[0m _identify(custom_config/zed2i) by extension 'ignore_ament_install'
[0.266s] [34mcolcon.colcon_core.package_identification[0m [1;30mLevel 1[0m _identify(custom_config/zed2i) by extensions ['cargo_workspace']
[0.266s] [34mcolcon.colcon_core.package_identification[0m [1;30mLevel 1[0m _identify(custom_config/zed2i) by extension 'cargo_workspace'
[0.266s] [34mcolcon.colcon_core.package_identification[0m [1;30mLevel 1[0m _identify(custom_config/zed2i) by extensions ['colcon_pkg']
[0.266s] [34mcolcon.colcon_core.package_identification[0m [1;30mLevel 1[0m _identify(custom_config/zed2i) by extension 'colcon_pkg'
[0.266s] [34mcolcon.colcon_core.package_identification[0m [1;30mLevel 1[0m _identify(custom_config/zed2i) by extensions ['colcon_meta']
[0.266s] [34mcolcon.colcon_core.package_identification[0m [1;30mLevel 1[0m _identify(custom_config/zed2i) by extension 'colcon_meta'
[0.266s] [34mcolcon.colcon_core.package_identification[0m [1;30mLevel 1[0m _identify(custom_config/zed2i) by extensions ['ros']
[0.266s] [34mcolcon.colcon_core.package_identification[0m [1;30mLevel 1[0m _identify(custom_config/zed2i) by extension 'ros'
[0.266s] [34mcolcon.colcon_core.package_identification[0m [1;30mLevel 1[0m _identify(custom_config/zed2i) by extensions ['cargo', 'cmake', 'python']
[0.266s] [34mcolcon.colcon_core.package_identification[0m [1;30mLevel 1[0m _identify(custom_config/zed2i) by extension 'cargo'
[0.266s] [34mcolcon.colcon_core.package_identification[0m [1;30mLevel 1[0m _identify(custom_config/zed2i) by extension 'cmake'
[0.266s] [34mcolcon.colcon_core.package_identification[0m [1;30mLevel 1[0m _identify(custom_config/zed2i) by extension 'python'
[0.266s] [34mcolcon.colcon_core.package_identification[0m [1;30mLevel 1[0m _identify(custom_config/zed2i) by extensions ['python_setup_py']
[0.266s] [34mcolcon.colcon_core.package_identification[0m [1;30mLevel 1[0m _identify(custom_config/zed2i) by extension 'python_setup_py'
[0.266s] [34mcolcon.colcon_core.package_identification[0m [1;30mLevel 1[0m _identify(install) by extensions ['ignore', 'ignore_ament_install']
[0.266s] [34mcolcon.colcon_core.package_identification[0m [1;30mLevel 1[0m _identify(install) by extension 'ignore'
[0.266s] [34mcolcon.colcon_core.package_identification[0m [1;30mLevel 1[0m _identify(install) ignored
[0.266s] [34mcolcon.colcon_core.package_identification[0m [1;30mLevel 1[0m _identify(log) by extensions ['ignore', 'ignore_ament_install']
[0.266s] [34mcolcon.colcon_core.package_identification[0m [1;30mLevel 1[0m _identify(log) by extension 'ignore'
[0.266s] [34mcolcon.colcon_core.package_identification[0m [1;30mLevel 1[0m _identify(log) ignored
[0.266s] [34mcolcon.colcon_core.package_identification[0m [1;30mLevel 1[0m _identify(src) by extensions ['ignore', 'ignore_ament_install']
[0.266s] [34mcolcon.colcon_core.package_identification[0m [1;30mLevel 1[0m _identify(src) by extension 'ignore'
[0.266s] [34mcolcon.colcon_core.package_identification[0m [1;30mLevel 1[0m _identify(src) by extension 'ignore_ament_install'
[0.266s] [34mcolcon.colcon_core.package_identification[0m [1;30mLevel 1[0m _identify(src) by extensions ['cargo_workspace']
[0.266s] [34mcolcon.colcon_core.package_identification[0m [1;30mLevel 1[0m _identify(src) by extension 'cargo_workspace'
[0.266s] [34mcolcon.colcon_core.package_identification[0m [1;30mLevel 1[0m _identify(src) by extensions ['colcon_pkg']
[0.266s] [34mcolcon.colcon_core.package_identification[0m [1;30mLevel 1[0m _identify(src) by extension 'colcon_pkg'
[0.266s] [34mcolcon.colcon_core.package_identification[0m [1;30mLevel 1[0m _identify(src) by extensions ['colcon_meta']
[0.266s] [34mcolcon.colcon_core.package_identification[0m [1;30mLevel 1[0m _identify(src) by extension 'colcon_meta'
[0.266s] [34mcolcon.colcon_core.package_identification[0m [1;30mLevel 1[0m _identify(src) by extensions ['ros']
[0.266s] [34mcolcon.colcon_core.package_identification[0m [1;30mLevel 1[0m _identify(src) by extension 'ros'
[0.266s] [34mcolcon.colcon_core.package_identification[0m [1;30mLevel 1[0m _identify(src) by extensions ['cargo', 'cmake', 'python']
[0.266s] [34mcolcon.colcon_core.package_identification[0m [1;30mLevel 1[0m _identify(src) by extension 'cargo'
[0.266s] [34mcolcon.colcon_core.package_identification[0m [1;30mLevel 1[0m _identify(src) by extension 'cmake'
[0.266s] [34mcolcon.colcon_core.package_identification[0m [1;30mLevel 1[0m _identify(src) by extension 'python'
[0.266s] [34mcolcon.colcon_core.package_identification[0m [1;30mLevel 1[0m _identify(src) by extensions ['python_setup_py']
[0.266s] [34mcolcon.colcon_core.package_identification[0m [1;30mLevel 1[0m _identify(src) by extension 'python_setup_py'
[0.266s] [34mcolcon.colcon_core.package_identification[0m [1;30mLevel 1[0m _identify(src/VINS-Fusion-ROS2-humble-arm) by extensions ['ignore', 'ignore_ament_install']
[0.266s] [34mcolcon.colcon_core.package_identification[0m [1;30mLevel 1[0m _identify(src/VINS-Fusion-ROS2-humble-arm) by extension 'ignore'
[0.266s] [34mcolcon.colcon_core.package_identification[0m [1;30mLevel 1[0m _identify(src/VINS-Fusion-ROS2-humble-arm) by extension 'ignore_ament_install'
[0.266s] [34mcolcon.colcon_core.package_identification[0m [1;30mLevel 1[0m _identify(src/VINS-Fusion-ROS2-humble-arm) by extensions ['cargo_workspace']
[0.266s] [34mcolcon.colcon_core.package_identification[0m [1;30mLevel 1[0m _identify(src/VINS-Fusion-ROS2-humble-arm) by extension 'cargo_workspace'
[0.266s] [34mcolcon.colcon_core.package_identification[0m [1;30mLevel 1[0m _identify(src/VINS-Fusion-ROS2-humble-arm) by extensions ['colcon_pkg']
[0.266s] [34mcolcon.colcon_core.package_identification[0m [1;30mLevel 1[0m _identify(src/VINS-Fusion-ROS2-humble-arm) by extension 'colcon_pkg'
[0.266s] [34mcolcon.colcon_core.package_identification[0m [1;30mLevel 1[0m _identify(src/VINS-Fusion-ROS2-humble-arm) by extensions ['colcon_meta']
[0.266s] [34mcolcon.colcon_core.package_identification[0m [1;30mLevel 1[0m _identify(src/VINS-Fusion-ROS2-humble-arm) by extension 'colcon_meta'
[0.266s] [34mcolcon.colcon_core.package_identification[0m [1;30mLevel 1[0m _identify(src/VINS-Fusion-ROS2-humble-arm) by extensions ['ros']
[0.266s] [34mcolcon.colcon_core.package_identification[0m [1;30mLevel 1[0m _identify(src/VINS-Fusion-ROS2-humble-arm) by extension 'ros'
[0.266s] [34mcolcon.colcon_core.package_identification[0m [1;30mLevel 1[0m _identify(src/VINS-Fusion-ROS2-humble-arm) by extensions ['cargo', 'cmake', 'python']
[0.267s] [34mcolcon.colcon_core.package_identification[0m [1;30mLevel 1[0m _identify(src/VINS-Fusion-ROS2-humble-arm) by extension 'cargo'
[0.267s] [34mcolcon.colcon_core.package_identification[0m [1;30mLevel 1[0m _identify(src/VINS-Fusion-ROS2-humble-arm) by extension 'cmake'
[0.267s] [34mcolcon.colcon_core.package_identification[0m [1;30mLevel 1[0m _identify(src/VINS-Fusion-ROS2-humble-arm) by extension 'python'
[0.267s] [34mcolcon.colcon_core.package_identification[0m [1;30mLevel 1[0m _identify(src/VINS-Fusion-ROS2-humble-arm) by extensions ['python_setup_py']
[0.267s] [34mcolcon.colcon_core.package_identification[0m [1;30mLevel 1[0m _identify(src/VINS-Fusion-ROS2-humble-arm) by extension 'python_setup_py'
[0.267s] [34mcolcon.colcon_core.package_identification[0m [1;30mLevel 1[0m _identify(src/VINS-Fusion-ROS2-humble-arm/camera_models) by extensions ['ignore', 'ignore_ament_install']
[0.267s] [34mcolcon.colcon_core.package_identification[0m [1;30mLevel 1[0m _identify(src/VINS-Fusion-ROS2-humble-arm/camera_models) by extension 'ignore'
[0.267s] [34mcolcon.colcon_core.package_identification[0m [1;30mLevel 1[0m _identify(src/VINS-Fusion-ROS2-humble-arm/camera_models) by extension 'ignore_ament_install'
[0.267s] [34mcolcon.colcon_core.package_identification[0m [1;30mLevel 1[0m _identify(src/VINS-Fusion-ROS2-humble-arm/camera_models) by extensions ['cargo_workspace']
[0.267s] [34mcolcon.colcon_core.package_identification[0m [1;30mLevel 1[0m _identify(src/VINS-Fusion-ROS2-humble-arm/camera_models) by extension 'cargo_workspace'
[0.267s] [34mcolcon.colcon_core.package_identification[0m [1;30mLevel 1[0m _identify(src/VINS-Fusion-ROS2-humble-arm/camera_models) by extensions ['colcon_pkg']
[0.267s] [34mcolcon.colcon_core.package_identification[0m [1;30mLevel 1[0m _identify(src/VINS-Fusion-ROS2-humble-arm/camera_models) by extension 'colcon_pkg'
[0.267s] [34mcolcon.colcon_core.package_identification[0m [1;30mLevel 1[0m _identify(src/VINS-Fusion-ROS2-humble-arm/camera_models) by extensions ['colcon_meta']
[0.267s] [34mcolcon.colcon_core.package_identification[0m [1;30mLevel 1[0m _identify(src/VINS-Fusion-ROS2-humble-arm/camera_models) by extension 'colcon_meta'
[0.267s] [34mcolcon.colcon_core.package_identification[0m [1;30mLevel 1[0m _identify(src/VINS-Fusion-ROS2-humble-arm/camera_models) by extensions ['ros']
[0.267s] [34mcolcon.colcon_core.package_identification[0m [1;30mLevel 1[0m _identify(src/VINS-Fusion-ROS2-humble-arm/camera_models) by extension 'ros'
[0.268s] [34mcolcon.colcon_core.package_identification[0m [1;30mDEBUG[0m [32mPackage 'src/VINS-Fusion-ROS2-humble-arm/camera_models' with type 'ros.ament_cmake' and name 'camera_models'[0m
[0.269s] [34mcolcon.colcon_core.package_identification[0m [1;30mLevel 1[0m _identify(src/VINS-Fusion-ROS2-humble-arm/config) by extensions ['ignore', 'ignore_ament_install']
[0.269s] [34mcolcon.colcon_core.package_identification[0m [1;30mLevel 1[0m _identify(src/VINS-Fusion-ROS2-humble-arm/config) by extension 'ignore'
[0.269s] [34mcolcon.colcon_core.package_identification[0m [1;30mLevel 1[0m _identify(src/VINS-Fusion-ROS2-humble-arm/config) by extension 'ignore_ament_install'
[0.269s] [34mcolcon.colcon_core.package_identification[0m [1;30mLevel 1[0m _identify(src/VINS-Fusion-ROS2-humble-arm/config) by extensions ['cargo_workspace']
[0.269s] [34mcolcon.colcon_core.package_identification[0m [1;30mLevel 1[0m _identify(src/VINS-Fusion-ROS2-humble-arm/config) by extension 'cargo_workspace'
[0.269s] [34mcolcon.colcon_core.package_identification[0m [1;30mLevel 1[0m _identify(src/VINS-Fusion-ROS2-humble-arm/config) by extensions ['colcon_pkg']
[0.269s] [34mcolcon.colcon_core.package_identification[0m [1;30mLevel 1[0m _identify(src/VINS-Fusion-ROS2-humble-arm/config) by extension 'colcon_pkg'
[0.269s] [34mcolcon.colcon_core.package_identification[0m [1;30mLevel 1[0m _identify(src/VINS-Fusion-ROS2-humble-arm/config) by extensions ['colcon_meta']
[0.269s] [34mcolcon.colcon_core.package_identification[0m [1;30mLevel 1[0m _identify(src/VINS-Fusion-ROS2-humble-arm/config) by extension 'colcon_meta'
[0.269s] [34mcolcon.colcon_core.package_identification[0m [1;30mLevel 1[0m _identify(src/VINS-Fusion-ROS2-humble-arm/config) by extensions ['ros']
[0.269s] [34mcolcon.colcon_core.package_identification[0m [1;30mLevel 1[0m _identify(src/VINS-Fusion-ROS2-humble-arm/config) by extension 'ros'
[0.269s] [34mcolcon.colcon_core.package_identification[0m [1;30mLevel 1[0m _identify(src/VINS-Fusion-ROS2-humble-arm/config) by extensions ['cargo', 'cmake', 'python']
[0.269s] [34mcolcon.colcon_core.package_identification[0m [1;30mLevel 1[0m _identify(src/VINS-Fusion-ROS2-humble-arm/config) by extension 'cargo'
[0.269s] [34mcolcon.colcon_core.package_identification[0m [1;30mLevel 1[0m _identify(src/VINS-Fusion-ROS2-humble-arm/config) by extension 'cmake'
[0.269s] [34mcolcon.colcon_core.package_identification[0m [1;30mLevel 1[0m _identify(src/VINS-Fusion-ROS2-humble-arm/config) by extension 'python'
[0.269s] [34mcolcon.colcon_core.package_identification[0m [1;30mLevel 1[0m _identify(src/VINS-Fusion-ROS2-humble-arm/config) by extensions ['python_setup_py']
[0.269s] [34mcolcon.colcon_core.package_identification[0m [1;30mLevel 1[0m _identify(src/VINS-Fusion-ROS2-humble-arm/config) by extension 'python_setup_py'
[0.269s] [34mcolcon.colcon_core.package_identification[0m [1;30mLevel 1[0m _identify(src/VINS-Fusion-ROS2-humble-arm/config/A3_ptgrey) by extensions ['ignore', 'ignore_ament_install']
[0.269s] [34mcolcon.colcon_core.package_identification[0m [1;30mLevel 1[0m _identify(src/VINS-Fusion-ROS2-humble-arm/config/A3_ptgrey) by extension 'ignore'
[0.269s] [34mcolcon.colcon_core.package_identification[0m [1;30mLevel 1[0m _identify(src/VINS-Fusion-ROS2-humble-arm/config/A3_ptgrey) by extension 'ignore_ament_install'
[0.269s] [34mcolcon.colcon_core.package_identification[0m [1;30mLevel 1[0m _identify(src/VINS-Fusion-ROS2-humble-arm/config/A3_ptgrey) by extensions ['cargo_workspace']
[0.269s] [34mcolcon.colcon_core.package_identification[0m [1;30mLevel 1[0m _identify(src/VINS-Fusion-ROS2-humble-arm/config/A3_ptgrey) by extension 'cargo_workspace'
[0.269s] [34mcolcon.colcon_core.package_identification[0m [1;30mLevel 1[0m _identify(src/VINS-Fusion-ROS2-humble-arm/config/A3_ptgrey) by extensions ['colcon_pkg']
[0.269s] [34mcolcon.colcon_core.package_identification[0m [1;30mLevel 1[0m _identify(src/VINS-Fusion-ROS2-humble-arm/config/A3_ptgrey) by extension 'colcon_pkg'
[0.269s] [34mcolcon.colcon_core.package_identification[0m [1;30mLevel 1[0m _identify(src/VINS-Fusion-ROS2-humble-arm/config/A3_ptgrey) by extensions ['colcon_meta']
[0.269s] [34mcolcon.colcon_core.package_identification[0m [1;30mLevel 1[0m _identify(src/VINS-Fusion-ROS2-humble-arm/config/A3_ptgrey) by extension 'colcon_meta'
[0.269s] [34mcolcon.colcon_core.package_identification[0m [1;30mLevel 1[0m _identify(src/VINS-Fusion-ROS2-humble-arm/config/A3_ptgrey) by extensions ['ros']
[0.269s] [34mcolcon.colcon_core.package_identification[0m [1;30mLevel 1[0m _identify(src/VINS-Fusion-ROS2-humble-arm/config/A3_ptgrey) by extension 'ros'
[0.269s] [34mcolcon.colcon_core.package_identification[0m [1;30mLevel 1[0m _identify(src/VINS-Fusion-ROS2-humble-arm/config/A3_ptgrey) by extensions ['cargo', 'cmake', 'python']
[0.269s] [34mcolcon.colcon_core.package_identification[0m [1;30mLevel 1[0m _identify(src/VINS-Fusion-ROS2-humble-arm/config/A3_ptgrey) by extension 'cargo'
[0.269s] [34mcolcon.colcon_core.package_identification[0m [1;30mLevel 1[0m _identify(src/VINS-Fusion-ROS2-humble-arm/config/A3_ptgrey) by extension 'cmake'
[0.269s] [34mcolcon.colcon_core.package_identification[0m [1;30mLevel 1[0m _identify(src/VINS-Fusion-ROS2-humble-arm/config/A3_ptgrey) by extension 'python'
[0.269s] [34mcolcon.colcon_core.package_identification[0m [1;30mLevel 1[0m _identify(src/VINS-Fusion-ROS2-humble-arm/config/A3_ptgrey) by extensions ['python_setup_py']
[0.269s] [34mcolcon.colcon_core.package_identification[0m [1;30mLevel 1[0m _identify(src/VINS-Fusion-ROS2-humble-arm/config/A3_ptgrey) by extension 'python_setup_py'
[0.269s] [34mcolcon.colcon_core.package_identification[0m [1;30mLevel 1[0m _identify(src/VINS-Fusion-ROS2-humble-arm/config/euroc) by extensions ['ignore', 'ignore_ament_install']
[0.269s] [34mcolcon.colcon_core.package_identification[0m [1;30mLevel 1[0m _identify(src/VINS-Fusion-ROS2-humble-arm/config/euroc) by extension 'ignore'
[0.269s] [34mcolcon.colcon_core.package_identification[0m [1;30mLevel 1[0m _identify(src/VINS-Fusion-ROS2-humble-arm/config/euroc) by extension 'ignore_ament_install'
[0.269s] [34mcolcon.colcon_core.package_identification[0m [1;30mLevel 1[0m _identify(src/VINS-Fusion-ROS2-humble-arm/config/euroc) by extensions ['cargo_workspace']
[0.269s] [34mcolcon.colcon_core.package_identification[0m [1;30mLevel 1[0m _identify(src/VINS-Fusion-ROS2-humble-arm/config/euroc) by extension 'cargo_workspace'
[0.269s] [34mcolcon.colcon_core.package_identification[0m [1;30mLevel 1[0m _identify(src/VINS-Fusion-ROS2-humble-arm/config/euroc) by extensions ['colcon_pkg']
[0.270s] [34mcolcon.colcon_core.package_identification[0m [1;30mLevel 1[0m _identify(src/VINS-Fusion-ROS2-humble-arm/config/euroc) by extension 'colcon_pkg'
[0.270s] [34mcolcon.colcon_core.package_identification[0m [1;30mLevel 1[0m _identify(src/VINS-Fusion-ROS2-humble-arm/config/euroc) by extensions ['colcon_meta']
[0.270s] [34mcolcon.colcon_core.package_identification[0m [1;30mLevel 1[0m _identify(src/VINS-Fusion-ROS2-humble-arm/config/euroc) by extension 'colcon_meta'
[0.270s] [34mcolcon.colcon_core.package_identification[0m [1;30mLevel 1[0m _identify(src/VINS-Fusion-ROS2-humble-arm/config/euroc) by extensions ['ros']
[0.270s] [34mcolcon.colcon_core.package_identification[0m [1;30mLevel 1[0m _identify(src/VINS-Fusion-ROS2-humble-arm/config/euroc) by extension 'ros'
[0.270s] [34mcolcon.colcon_core.package_identification[0m [1;30mLevel 1[0m _identify(src/VINS-Fusion-ROS2-humble-arm/config/euroc) by extensions ['cargo', 'cmake', 'python']
[0.270s] [34mcolcon.colcon_core.package_identification[0m [1;30mLevel 1[0m _identify(src/VINS-Fusion-ROS2-humble-arm/config/euroc) by extension 'cargo'
[0.270s] [34mcolcon.colcon_core.package_identification[0m [1;30mLevel 1[0m _identify(src/VINS-Fusion-ROS2-humble-arm/config/euroc) by extension 'cmake'
[0.270s] [34mcolcon.colcon_core.package_identification[0m [1;30mLevel 1[0m _identify(src/VINS-Fusion-ROS2-humble-arm/config/euroc) by extension 'python'
[0.270s] [34mcolcon.colcon_core.package_identification[0m [1;30mLevel 1[0m _identify(src/VINS-Fusion-ROS2-humble-arm/config/euroc) by extensions ['python_setup_py']
[0.270s] [34mcolcon.colcon_core.package_identification[0m [1;30mLevel 1[0m _identify(src/VINS-Fusion-ROS2-humble-arm/config/euroc) by extension 'python_setup_py'
[0.270s] [34mcolcon.colcon_core.package_identification[0m [1;30mLevel 1[0m _identify(src/VINS-Fusion-ROS2-humble-arm/config/kitti_odom) by extensions ['ignore', 'ignore_ament_install']
[0.270s] [34mcolcon.colcon_core.package_identification[0m [1;30mLevel 1[0m _identify(src/VINS-Fusion-ROS2-humble-arm/config/kitti_odom) by extension 'ignore'
[0.270s] [34mcolcon.colcon_core.package_identification[0m [1;30mLevel 1[0m _identify(src/VINS-Fusion-ROS2-humble-arm/config/kitti_odom) by extension 'ignore_ament_install'
[0.270s] [34mcolcon.colcon_core.package_identification[0m [1;30mLevel 1[0m _identify(src/VINS-Fusion-ROS2-humble-arm/config/kitti_odom) by extensions ['cargo_workspace']
[0.270s] [34mcolcon.colcon_core.package_identification[0m [1;30mLevel 1[0m _identify(src/VINS-Fusion-ROS2-humble-arm/config/kitti_odom) by extension 'cargo_workspace'
[0.270s] [34mcolcon.colcon_core.package_identification[0m [1;30mLevel 1[0m _identify(src/VINS-Fusion-ROS2-humble-arm/config/kitti_odom) by extensions ['colcon_pkg']
[0.270s] [34mcolcon.colcon_core.package_identification[0m [1;30mLevel 1[0m _identify(src/VINS-Fusion-ROS2-humble-arm/config/kitti_odom) by extension 'colcon_pkg'
[0.270s] [34mcolcon.colcon_core.package_identification[0m [1;30mLevel 1[0m _identify(src/VINS-Fusion-ROS2-humble-arm/config/kitti_odom) by extensions ['colcon_meta']
[0.270s] [34mcolcon.colcon_core.package_identification[0m [1;30mLevel 1[0m _identify(src/VINS-Fusion-ROS2-humble-arm/config/kitti_odom) by extension 'colcon_meta'
[0.270s] [34mcolcon.colcon_core.package_identification[0m [1;30mLevel 1[0m _identify(src/VINS-Fusion-ROS2-humble-arm/config/kitti_odom) by extensions ['ros']
[0.270s] [34mcolcon.colcon_core.package_identification[0m [1;30mLevel 1[0m _identify(src/VINS-Fusion-ROS2-humble-arm/config/kitti_odom) by extension 'ros'
[0.270s] [34mcolcon.colcon_core.package_identification[0m [1;30mLevel 1[0m _identify(src/VINS-Fusion-ROS2-humble-arm/config/kitti_odom) by extensions ['cargo', 'cmake', 'python']
[0.270s] [34mcolcon.colcon_core.package_identification[0m [1;30mLevel 1[0m _identify(src/VINS-Fusion-ROS2-humble-arm/config/kitti_odom) by extension 'cargo'
[0.270s] [34mcolcon.colcon_core.package_identification[0m [1;30mLevel 1[0m _identify(src/VINS-Fusion-ROS2-humble-arm/config/kitti_odom) by extension 'cmake'
[0.270s] [34mcolcon.colcon_core.package_identification[0m [1;30mLevel 1[0m _identify(src/VINS-Fusion-ROS2-humble-arm/config/kitti_odom) by extension 'python'
[0.270s] [34mcolcon.colcon_core.package_identification[0m [1;30mLevel 1[0m _identify(src/VINS-Fusion-ROS2-humble-arm/config/kitti_odom) by extensions ['python_setup_py']
[0.270s] [34mcolcon.colcon_core.package_identification[0m [1;30mLevel 1[0m _identify(src/VINS-Fusion-ROS2-humble-arm/config/kitti_odom) by extension 'python_setup_py'
[0.270s] [34mcolcon.colcon_core.package_identification[0m [1;30mLevel 1[0m _identify(src/VINS-Fusion-ROS2-humble-arm/config/kitti_raw) by extensions ['ignore', 'ignore_ament_install']
[0.270s] [34mcolcon.colcon_core.package_identification[0m [1;30mLevel 1[0m _identify(src/VINS-Fusion-ROS2-humble-arm/config/kitti_raw) by extension 'ignore'
[0.270s] [34mcolcon.colcon_core.package_identification[0m [1;30mLevel 1[0m _identify(src/VINS-Fusion-ROS2-humble-arm/config/kitti_raw) by extension 'ignore_ament_install'
[0.270s] [34mcolcon.colcon_core.package_identification[0m [1;30mLevel 1[0m _identify(src/VINS-Fusion-ROS2-humble-arm/config/kitti_raw) by extensions ['cargo_workspace']
[0.270s] [34mcolcon.colcon_core.package_identification[0m [1;30mLevel 1[0m _identify(src/VINS-Fusion-ROS2-humble-arm/config/kitti_raw) by extension 'cargo_workspace'
[0.270s] [34mcolcon.colcon_core.package_identification[0m [1;30mLevel 1[0m _identify(src/VINS-Fusion-ROS2-humble-arm/config/kitti_raw) by extensions ['colcon_pkg']
[0.270s] [34mcolcon.colcon_core.package_identification[0m [1;30mLevel 1[0m _identify(src/VINS-Fusion-ROS2-humble-arm/config/kitti_raw) by extension 'colcon_pkg'
[0.270s] [34mcolcon.colcon_core.package_identification[0m [1;30mLevel 1[0m _identify(src/VINS-Fusion-ROS2-humble-arm/config/kitti_raw) by extensions ['colcon_meta']
[0.270s] [34mcolcon.colcon_core.package_identification[0m [1;30mLevel 1[0m _identify(src/VINS-Fusion-ROS2-humble-arm/config/kitti_raw) by extension 'colcon_meta'
[0.270s] [34mcolcon.colcon_core.package_identification[0m [1;30mLevel 1[0m _identify(src/VINS-Fusion-ROS2-humble-arm/config/kitti_raw) by extensions ['ros']
[0.270s] [34mcolcon.colcon_core.package_identification[0m [1;30mLevel 1[0m _identify(src/VINS-Fusion-ROS2-humble-arm/config/kitti_raw) by extension 'ros'
[0.270s] [34mcolcon.colcon_core.package_identification[0m [1;30mLevel 1[0m _identify(src/VINS-Fusion-ROS2-humble-arm/config/kitti_raw) by extensions ['cargo', 'cmake', 'python']
[0.270s] [34mcolcon.colcon_core.package_identification[0m [1;30mLevel 1[0m _identify(src/VINS-Fusion-ROS2-humble-arm/config/kitti_raw) by extension 'cargo'
[0.270s] [34mcolcon.colcon_core.package_identification[0m [1;30mLevel 1[0m _identify(src/VINS-Fusion-ROS2-humble-arm/config/kitti_raw) by extension 'cmake'
[0.270s] [34mcolcon.colcon_core.package_identification[0m [1;30mLevel 1[0m _identify(src/VINS-Fusion-ROS2-humble-arm/config/kitti_raw) by extension 'python'
[0.270s] [34mcolcon.colcon_core.package_identification[0m [1;30mLevel 1[0m _identify(src/VINS-Fusion-ROS2-humble-arm/config/kitti_raw) by extensions ['python_setup_py']
[0.270s] [34mcolcon.colcon_core.package_identification[0m [1;30mLevel 1[0m _identify(src/VINS-Fusion-ROS2-humble-arm/config/kitti_raw) by extension 'python_setup_py'
[0.270s] [34mcolcon.colcon_core.package_identification[0m [1;30mLevel 1[0m _identify(src/VINS-Fusion-ROS2-humble-arm/config/morroco) by extensions ['ignore', 'ignore_ament_install']
[0.270s] [34mcolcon.colcon_core.package_identification[0m [1;30mLevel 1[0m _identify(src/VINS-Fusion-ROS2-humble-arm/config/morroco) by extension 'ignore'
[0.270s] [34mcolcon.colcon_core.package_identification[0m [1;30mLevel 1[0m _identify(src/VINS-Fusion-ROS2-humble-arm/config/morroco) by extension 'ignore_ament_install'
[0.270s] [34mcolcon.colcon_core.package_identification[0m [1;30mLevel 1[0m _identify(src/VINS-Fusion-ROS2-humble-arm/config/morroco) by extensions ['cargo_workspace']
[0.270s] [34mcolcon.colcon_core.package_identification[0m [1;30mLevel 1[0m _identify(src/VINS-Fusion-ROS2-humble-arm/config/morroco) by extension 'cargo_workspace'
[0.271s] [34mcolcon.colcon_core.package_identification[0m [1;30mLevel 1[0m _identify(src/VINS-Fusion-ROS2-humble-arm/config/morroco) by extensions ['colcon_pkg']
[0.271s] [34mcolcon.colcon_core.package_identification[0m [1;30mLevel 1[0m _identify(src/VINS-Fusion-ROS2-humble-arm/config/morroco) by extension 'colcon_pkg'
[0.271s] [34mcolcon.colcon_core.package_identification[0m [1;30mLevel 1[0m _identify(src/VINS-Fusion-ROS2-humble-arm/config/morroco) by extensions ['colcon_meta']
[0.271s] [34mcolcon.colcon_core.package_identification[0m [1;30mLevel 1[0m _identify(src/VINS-Fusion-ROS2-humble-arm/config/morroco) by extension 'colcon_meta'
[0.271s] [34mcolcon.colcon_core.package_identification[0m [1;30mLevel 1[0m _identify(src/VINS-Fusion-ROS2-humble-arm/config/morroco) by extensions ['ros']
[0.271s] [34mcolcon.colcon_core.package_identification[0m [1;30mLevel 1[0m _identify(src/VINS-Fusion-ROS2-humble-arm/config/morroco) by extension 'ros'
[0.271s] [34mcolcon.colcon_core.package_identification[0m [1;30mLevel 1[0m _identify(src/VINS-Fusion-ROS2-humble-arm/config/morroco) by extensions ['cargo', 'cmake', 'python']
[0.271s] [34mcolcon.colcon_core.package_identification[0m [1;30mLevel 1[0m _identify(src/VINS-Fusion-ROS2-humble-arm/config/morroco) by extension 'cargo'
[0.271s] [34mcolcon.colcon_core.package_identification[0m [1;30mLevel 1[0m _identify(src/VINS-Fusion-ROS2-humble-arm/config/morroco) by extension 'cmake'
[0.271s] [34mcolcon.colcon_core.package_identification[0m [1;30mLevel 1[0m _identify(src/VINS-Fusion-ROS2-humble-arm/config/morroco) by extension 'python'
[0.271s] [34mcolcon.colcon_core.package_identification[0m [1;30mLevel 1[0m _identify(src/VINS-Fusion-ROS2-humble-arm/config/morroco) by extensions ['python_setup_py']
[0.271s] [34mcolcon.colcon_core.package_identification[0m [1;30mLevel 1[0m _identify(src/VINS-Fusion-ROS2-humble-arm/config/morroco) by extension 'python_setup_py'
[0.271s] [34mcolcon.colcon_core.package_identification[0m [1;30mLevel 1[0m _identify(src/VINS-Fusion-ROS2-humble-arm/config/mynteye) by extensions ['ignore', 'ignore_ament_install']
[0.271s] [34mcolcon.colcon_core.package_identification[0m [1;30mLevel 1[0m _identify(src/VINS-Fusion-ROS2-humble-arm/config/mynteye) by extension 'ignore'
[0.271s] [34mcolcon.colcon_core.package_identification[0m [1;30mLevel 1[0m _identify(src/VINS-Fusion-ROS2-humble-arm/config/mynteye) by extension 'ignore_ament_install'
[0.271s] [34mcolcon.colcon_core.package_identification[0m [1;30mLevel 1[0m _identify(src/VINS-Fusion-ROS2-humble-arm/config/mynteye) by extensions ['cargo_workspace']
[0.271s] [34mcolcon.colcon_core.package_identification[0m [1;30mLevel 1[0m _identify(src/VINS-Fusion-ROS2-humble-arm/config/mynteye) by extension 'cargo_workspace'
[0.271s] [34mcolcon.colcon_core.package_identification[0m [1;30mLevel 1[0m _identify(src/VINS-Fusion-ROS2-humble-arm/config/mynteye) by extensions ['colcon_pkg']
[0.271s] [34mcolcon.colcon_core.package_identification[0m [1;30mLevel 1[0m _identify(src/VINS-Fusion-ROS2-humble-arm/config/mynteye) by extension 'colcon_pkg'
[0.271s] [34mcolcon.colcon_core.package_identification[0m [1;30mLevel 1[0m _identify(src/VINS-Fusion-ROS2-humble-arm/config/mynteye) by extensions ['colcon_meta']
[0.271s] [34mcolcon.colcon_core.package_identification[0m [1;30mLevel 1[0m _identify(src/VINS-Fusion-ROS2-humble-arm/config/mynteye) by extension 'colcon_meta'
[0.271s] [34mcolcon.colcon_core.package_identification[0m [1;30mLevel 1[0m _identify(src/VINS-Fusion-ROS2-humble-arm/config/mynteye) by extensions ['ros']
[0.271s] [34mcolcon.colcon_core.package_identification[0m [1;30mLevel 1[0m _identify(src/VINS-Fusion-ROS2-humble-arm/config/mynteye) by extension 'ros'
[0.271s] [34mcolcon.colcon_core.package_identification[0m [1;30mLevel 1[0m _identify(src/VINS-Fusion-ROS2-humble-arm/config/mynteye) by extensions ['cargo', 'cmake', 'python']
[0.271s] [34mcolcon.colcon_core.package_identification[0m [1;30mLevel 1[0m _identify(src/VINS-Fusion-ROS2-humble-arm/config/mynteye) by extension 'cargo'
[0.271s] [34mcolcon.colcon_core.package_identification[0m [1;30mLevel 1[0m _identify(src/VINS-Fusion-ROS2-humble-arm/config/mynteye) by extension 'cmake'
[0.271s] [34mcolcon.colcon_core.package_identification[0m [1;30mLevel 1[0m _identify(src/VINS-Fusion-ROS2-humble-arm/config/mynteye) by extension 'python'
[0.271s] [34mcolcon.colcon_core.package_identification[0m [1;30mLevel 1[0m _identify(src/VINS-Fusion-ROS2-humble-arm/config/mynteye) by extensions ['python_setup_py']
[0.271s] [34mcolcon.colcon_core.package_identification[0m [1;30mLevel 1[0m _identify(src/VINS-Fusion-ROS2-humble-arm/config/mynteye) by extension 'python_setup_py'
[0.271s] [34mcolcon.colcon_core.package_identification[0m [1;30mLevel 1[0m _identify(src/VINS-Fusion-ROS2-humble-arm/config/realsense_d435i) by extensions ['ignore', 'ignore_ament_install']
[0.271s] [34mcolcon.colcon_core.package_identification[0m [1;30mLevel 1[0m _identify(src/VINS-Fusion-ROS2-humble-arm/config/realsense_d435i) by extension 'ignore'
[0.271s] [34mcolcon.colcon_core.package_identification[0m [1;30mLevel 1[0m _identify(src/VINS-Fusion-ROS2-humble-arm/config/realsense_d435i) by extension 'ignore_ament_install'
[0.271s] [34mcolcon.colcon_core.package_identification[0m [1;30mLevel 1[0m _identify(src/VINS-Fusion-ROS2-humble-arm/config/realsense_d435i) by extensions ['cargo_workspace']
[0.271s] [34mcolcon.colcon_core.package_identification[0m [1;30mLevel 1[0m _identify(src/VINS-Fusion-ROS2-humble-arm/config/realsense_d435i) by extension 'cargo_workspace'
[0.271s] [34mcolcon.colcon_core.package_identification[0m [1;30mLevel 1[0m _identify(src/VINS-Fusion-ROS2-humble-arm/config/realsense_d435i) by extensions ['colcon_pkg']
[0.271s] [34mcolcon.colcon_core.package_identification[0m [1;30mLevel 1[0m _identify(src/VINS-Fusion-ROS2-humble-arm/config/realsense_d435i) by extension 'colcon_pkg'
[0.271s] [34mcolcon.colcon_core.package_identification[0m [1;30mLevel 1[0m _identify(src/VINS-Fusion-ROS2-humble-arm/config/realsense_d435i) by extensions ['colcon_meta']
[0.271s] [34mcolcon.colcon_core.package_identification[0m [1;30mLevel 1[0m _identify(src/VINS-Fusion-ROS2-humble-arm/config/realsense_d435i) by extension 'colcon_meta'
[0.271s] [34mcolcon.colcon_core.package_identification[0m [1;30mLevel 1[0m _identify(src/VINS-Fusion-ROS2-humble-arm/config/realsense_d435i) by extensions ['ros']
[0.271s] [34mcolcon.colcon_core.package_identification[0m [1;30mLevel 1[0m _identify(src/VINS-Fusion-ROS2-humble-arm/config/realsense_d435i) by extension 'ros'
[0.271s] [34mcolcon.colcon_core.package_identification[0m [1;30mLevel 1[0m _identify(src/VINS-Fusion-ROS2-humble-arm/config/realsense_d435i) by extensions ['cargo', 'cmake', 'python']
[0.271s] [34mcolcon.colcon_core.package_identification[0m [1;30mLevel 1[0m _identify(src/VINS-Fusion-ROS2-humble-arm/config/realsense_d435i) by extension 'cargo'
[0.271s] [34mcolcon.colcon_core.package_identification[0m [1;30mLevel 1[0m _identify(src/VINS-Fusion-ROS2-humble-arm/config/realsense_d435i) by extension 'cmake'
[0.271s] [34mcolcon.colcon_core.package_identification[0m [1;30mLevel 1[0m _identify(src/VINS-Fusion-ROS2-humble-arm/config/realsense_d435i) by extension 'python'
[0.272s] [34mcolcon.colcon_core.package_identification[0m [1;30mLevel 1[0m _identify(src/VINS-Fusion-ROS2-humble-arm/config/realsense_d435i) by extensions ['python_setup_py']
[0.272s] [34mcolcon.colcon_core.package_identification[0m [1;30mLevel 1[0m _identify(src/VINS-Fusion-ROS2-humble-arm/config/realsense_d435i) by extension 'python_setup_py'
[0.272s] [34mcolcon.colcon_core.package_identification[0m [1;30mLevel 1[0m _identify(src/VINS-Fusion-ROS2-humble-arm/config/simulation) by extensions ['ignore', 'ignore_ament_install']
[0.272s] [34mcolcon.colcon_core.package_identification[0m [1;30mLevel 1[0m _identify(src/VINS-Fusion-ROS2-humble-arm/config/simulation) by extension 'ignore'
[0.272s] [34mcolcon.colcon_core.package_identification[0m [1;30mLevel 1[0m _identify(src/VINS-Fusion-ROS2-humble-arm/config/simulation) by extension 'ignore_ament_install'
[0.272s] [34mcolcon.colcon_core.package_identification[0m [1;30mLevel 1[0m _identify(src/VINS-Fusion-ROS2-humble-arm/config/simulation) by extensions ['cargo_workspace']
[0.272s] [34mcolcon.colcon_core.package_identification[0m [1;30mLevel 1[0m _identify(src/VINS-Fusion-ROS2-humble-arm/config/simulation) by extension 'cargo_workspace'
[0.272s] [34mcolcon.colcon_core.package_identification[0m [1;30mLevel 1[0m _identify(src/VINS-Fusion-ROS2-humble-arm/config/simulation) by extensions ['colcon_pkg']
[0.272s] [34mcolcon.colcon_core.package_identification[0m [1;30mLevel 1[0m _identify(src/VINS-Fusion-ROS2-humble-arm/config/simulation) by extension 'colcon_pkg'
[0.272s] [34mcolcon.colcon_core.package_identification[0m [1;30mLevel 1[0m _identify(src/VINS-Fusion-ROS2-humble-arm/config/simulation) by extensions ['colcon_meta']
[0.272s] [34mcolcon.colcon_core.package_identification[0m [1;30mLevel 1[0m _identify(src/VINS-Fusion-ROS2-humble-arm/config/simulation) by extension 'colcon_meta'
[0.272s] [34mcolcon.colcon_core.package_identification[0m [1;30mLevel 1[0m _identify(src/VINS-Fusion-ROS2-humble-arm/config/simulation) by extensions ['ros']
[0.272s] [34mcolcon.colcon_core.package_identification[0m [1;30mLevel 1[0m _identify(src/VINS-Fusion-ROS2-humble-arm/config/simulation) by extension 'ros'
[0.272s] [34mcolcon.colcon_core.package_identification[0m [1;30mLevel 1[0m _identify(src/VINS-Fusion-ROS2-humble-arm/config/simulation) by extensions ['cargo', 'cmake', 'python']
[0.272s] [34mcolcon.colcon_core.package_identification[0m [1;30mLevel 1[0m _identify(src/VINS-Fusion-ROS2-humble-arm/config/simulation) by extension 'cargo'
[0.272s] [34mcolcon.colcon_core.package_identification[0m [1;30mLevel 1[0m _identify(src/VINS-Fusion-ROS2-humble-arm/config/simulation) by extension 'cmake'
[0.272s] [34mcolcon.colcon_core.package_identification[0m [1;30mLevel 1[0m _identify(src/VINS-Fusion-ROS2-humble-arm/config/simulation) by extension 'python'
[0.272s] [34mcolcon.colcon_core.package_identification[0m [1;30mLevel 1[0m _identify(src/VINS-Fusion-ROS2-humble-arm/config/simulation) by extensions ['python_setup_py']
[0.272s] [34mcolcon.colcon_core.package_identification[0m [1;30mLevel 1[0m _identify(src/VINS-Fusion-ROS2-humble-arm/config/simulation) by extension 'python_setup_py'
[0.272s] [34mcolcon.colcon_core.package_identification[0m [1;30mLevel 1[0m _identify(src/VINS-Fusion-ROS2-humble-arm/config/vi_car) by extensions ['ignore', 'ignore_ament_install']
[0.272s] [34mcolcon.colcon_core.package_identification[0m [1;30mLevel 1[0m _identify(src/VINS-Fusion-ROS2-humble-arm/config/vi_car) by extension 'ignore'
[0.272s] [34mcolcon.colcon_core.package_identification[0m [1;30mLevel 1[0m _identify(src/VINS-Fusion-ROS2-humble-arm/config/vi_car) by extension 'ignore_ament_install'
[0.272s] [34mcolcon.colcon_core.package_identification[0m [1;30mLevel 1[0m _identify(src/VINS-Fusion-ROS2-humble-arm/config/vi_car) by extensions ['cargo_workspace']
[0.272s] [34mcolcon.colcon_core.package_identification[0m [1;30mLevel 1[0m _identify(src/VINS-Fusion-ROS2-humble-arm/config/vi_car) by extension 'cargo_workspace'
[0.272s] [34mcolcon.colcon_core.package_identification[0m [1;30mLevel 1[0m _identify(src/VINS-Fusion-ROS2-humble-arm/config/vi_car) by extensions ['colcon_pkg']
[0.272s] [34mcolcon.colcon_core.package_identification[0m [1;30mLevel 1[0m _identify(src/VINS-Fusion-ROS2-humble-arm/config/vi_car) by extension 'colcon_pkg'
[0.272s] [34mcolcon.colcon_core.package_identification[0m [1;30mLevel 1[0m _identify(src/VINS-Fusion-ROS2-humble-arm/config/vi_car) by extensions ['colcon_meta']
[0.272s] [34mcolcon.colcon_core.package_identification[0m [1;30mLevel 1[0m _identify(src/VINS-Fusion-ROS2-humble-arm/config/vi_car) by extension 'colcon_meta'
[0.272s] [34mcolcon.colcon_core.package_identification[0m [1;30mLevel 1[0m _identify(src/VINS-Fusion-ROS2-humble-arm/config/vi_car) by extensions ['ros']
[0.272s] [34mcolcon.colcon_core.package_identification[0m [1;30mLevel 1[0m _identify(src/VINS-Fusion-ROS2-humble-arm/config/vi_car) by extension 'ros'
[0.272s] [34mcolcon.colcon_core.package_identification[0m [1;30mLevel 1[0m _identify(src/VINS-Fusion-ROS2-humble-arm/config/vi_car) by extensions ['cargo', 'cmake', 'python']
[0.272s] [34mcolcon.colcon_core.package_identification[0m [1;30mLevel 1[0m _identify(src/VINS-Fusion-ROS2-humble-arm/config/vi_car) by extension 'cargo'
[0.272s] [34mcolcon.colcon_core.package_identification[0m [1;30mLevel 1[0m _identify(src/VINS-Fusion-ROS2-humble-arm/config/vi_car) by extension 'cmake'
[0.272s] [34mcolcon.colcon_core.package_identification[0m [1;30mLevel 1[0m _identify(src/VINS-Fusion-ROS2-humble-arm/config/vi_car) by extension 'python'
[0.272s] [34mcolcon.colcon_core.package_identification[0m [1;30mLevel 1[0m _identify(src/VINS-Fusion-ROS2-humble-arm/config/vi_car) by extensions ['python_setup_py']
[0.272s] [34mcolcon.colcon_core.package_identification[0m [1;30mLevel 1[0m _identify(src/VINS-Fusion-ROS2-humble-arm/config/vi_car) by extension 'python_setup_py'
[0.272s] [34mcolcon.colcon_core.package_identification[0m [1;30mLevel 1[0m _identify(src/VINS-Fusion-ROS2-humble-arm/docker) by extensions ['ignore', 'ignore_ament_install']
[0.272s] [34mcolcon.colcon_core.package_identification[0m [1;30mLevel 1[0m _identify(src/VINS-Fusion-ROS2-humble-arm/docker) by extension 'ignore'
[0.272s] [34mcolcon.colcon_core.package_identification[0m [1;30mLevel 1[0m _identify(src/VINS-Fusion-ROS2-humble-arm/docker) by extension 'ignore_ament_install'
[0.272s] [34mcolcon.colcon_core.package_identification[0m [1;30mLevel 1[0m _identify(src/VINS-Fusion-ROS2-humble-arm/docker) by extensions ['cargo_workspace']
[0.272s] [34mcolcon.colcon_core.package_identification[0m [1;30mLevel 1[0m _identify(src/VINS-Fusion-ROS2-humble-arm/docker) by extension 'cargo_workspace'
[0.272s] [34mcolcon.colcon_core.package_identification[0m [1;30mLevel 1[0m _identify(src/VINS-Fusion-ROS2-humble-arm/docker) by extensions ['colcon_pkg']
[0.272s] [34mcolcon.colcon_core.package_identification[0m [1;30mLevel 1[0m _identify(src/VINS-Fusion-ROS2-humble-arm/docker) by extension 'colcon_pkg'
[0.272s] [34mcolcon.colcon_core.package_identification[0m [1;30mLevel 1[0m _identify(src/VINS-Fusion-ROS2-humble-arm/docker) by extensions ['colcon_meta']
[0.272s] [34mcolcon.colcon_core.package_identification[0m [1;30mLevel 1[0m _identify(src/VINS-Fusion-ROS2-humble-arm/docker) by extension 'colcon_meta'
[0.272s] [34mcolcon.colcon_core.package_identification[0m [1;30mLevel 1[0m _identify(src/VINS-Fusion-ROS2-humble-arm/docker) by extensions ['ros']
[0.272s] [34mcolcon.colcon_core.package_identification[0m [1;30mLevel 1[0m _identify(src/VINS-Fusion-ROS2-humble-arm/docker) by extension 'ros'
[0.272s] [34mcolcon.colcon_core.package_identification[0m [1;30mLevel 1[0m _identify(src/VINS-Fusion-ROS2-humble-arm/docker) by extensions ['cargo', 'cmake', 'python']
[0.272s] [34mcolcon.colcon_core.package_identification[0m [1;30mLevel 1[0m _identify(src/VINS-Fusion-ROS2-humble-arm/docker) by extension 'cargo'
[0.272s] [34mcolcon.colcon_core.package_identification[0m [1;30mLevel 1[0m _identify(src/VINS-Fusion-ROS2-humble-arm/docker) by extension 'cmake'
[0.272s] [34mcolcon.colcon_core.package_identification[0m [1;30mLevel 1[0m _identify(src/VINS-Fusion-ROS2-humble-arm/docker) by extension 'python'
[0.272s] [34mcolcon.colcon_core.package_identification[0m [1;30mLevel 1[0m _identify(src/VINS-Fusion-ROS2-humble-arm/docker) by extensions ['python_setup_py']
[0.272s] [34mcolcon.colcon_core.package_identification[0m [1;30mLevel 1[0m _identify(src/VINS-Fusion-ROS2-humble-arm/docker) by extension 'python_setup_py'
[0.272s] [34mcolcon.colcon_core.package_identification[0m [1;30mLevel 1[0m _identify(src/VINS-Fusion-ROS2-humble-arm/global_fusion) by extensions ['ignore', 'ignore_ament_install']
[0.273s] [34mcolcon.colcon_core.package_identification[0m [1;30mLevel 1[0m _identify(src/VINS-Fusion-ROS2-humble-arm/global_fusion) by extension 'ignore'
[0.273s] [34mcolcon.colcon_core.package_identification[0m [1;30mLevel 1[0m _identify(src/VINS-Fusion-ROS2-humble-arm/global_fusion) by extension 'ignore_ament_install'
[0.273s] [34mcolcon.colcon_core.package_identification[0m [1;30mLevel 1[0m _identify(src/VINS-Fusion-ROS2-humble-arm/global_fusion) by extensions ['cargo_workspace']
[0.273s] [34mcolcon.colcon_core.package_identification[0m [1;30mLevel 1[0m _identify(src/VINS-Fusion-ROS2-humble-arm/global_fusion) by extension 'cargo_workspace'
[0.273s] [34mcolcon.colcon_core.package_identification[0m [1;30mLevel 1[0m _identify(src/VINS-Fusion-ROS2-humble-arm/global_fusion) by extensions ['colcon_pkg']
[0.273s] [34mcolcon.colcon_core.package_identification[0m [1;30mLevel 1[0m _identify(src/VINS-Fusion-ROS2-humble-arm/global_fusion) by extension 'colcon_pkg'
[0.273s] [34mcolcon.colcon_core.package_identification[0m [1;30mLevel 1[0m _identify(src/VINS-Fusion-ROS2-humble-arm/global_fusion) by extensions ['colcon_meta']
[0.273s] [34mcolcon.colcon_core.package_identification[0m [1;30mLevel 1[0m _identify(src/VINS-Fusion-ROS2-humble-arm/global_fusion) by extension 'colcon_meta'
[0.273s] [34mcolcon.colcon_core.package_identification[0m [1;30mLevel 1[0m _identify(src/VINS-Fusion-ROS2-humble-arm/global_fusion) by extensions ['ros']
[0.273s] [34mcolcon.colcon_core.package_identification[0m [1;30mLevel 1[0m _identify(src/VINS-Fusion-ROS2-humble-arm/global_fusion) by extension 'ros'
[0.273s] [34mcolcon.colcon_core.package_identification[0m [1;30mDEBUG[0m [32mPackage 'src/VINS-Fusion-ROS2-humble-arm/global_fusion' with type 'ros.ament_cmake' and name 'global_fusion'[0m
[0.273s] [34mcolcon.colcon_core.package_identification[0m [1;30mLevel 1[0m _identify(src/VINS-Fusion-ROS2-humble-arm/loop_fusion) by extensions ['ignore', 'ignore_ament_install']
[0.273s] [34mcolcon.colcon_core.package_identification[0m [1;30mLevel 1[0m _identify(src/VINS-Fusion-ROS2-humble-arm/loop_fusion) by extension 'ignore'
[0.273s] [34mcolcon.colcon_core.package_identification[0m [1;30mLevel 1[0m _identify(src/VINS-Fusion-ROS2-humble-arm/loop_fusion) by extension 'ignore_ament_install'
[0.274s] [34mcolcon.colcon_core.package_identification[0m [1;30mLevel 1[0m _identify(src/VINS-Fusion-ROS2-humble-arm/loop_fusion) by extensions ['cargo_workspace']
[0.274s] [34mcolcon.colcon_core.package_identification[0m [1;30mLevel 1[0m _identify(src/VINS-Fusion-ROS2-humble-arm/loop_fusion) by extension 'cargo_workspace'
[0.274s] [34mcolcon.colcon_core.package_identification[0m [1;30mLevel 1[0m _identify(src/VINS-Fusion-ROS2-humble-arm/loop_fusion) by extensions ['colcon_pkg']
[0.274s] [34mcolcon.colcon_core.package_identification[0m [1;30mLevel 1[0m _identify(src/VINS-Fusion-ROS2-humble-arm/loop_fusion) by extension 'colcon_pkg'
[0.274s] [34mcolcon.colcon_core.package_identification[0m [1;30mLevel 1[0m _identify(src/VINS-Fusion-ROS2-humble-arm/loop_fusion) by extensions ['colcon_meta']
[0.274s] [34mcolcon.colcon_core.package_identification[0m [1;30mLevel 1[0m _identify(src/VINS-Fusion-ROS2-humble-arm/loop_fusion) by extension 'colcon_meta'
[0.274s] [34mcolcon.colcon_core.package_identification[0m [1;30mLevel 1[0m _identify(src/VINS-Fusion-ROS2-humble-arm/loop_fusion) by extensions ['ros']
[0.274s] [34mcolcon.colcon_core.package_identification[0m [1;30mLevel 1[0m _identify(src/VINS-Fusion-ROS2-humble-arm/loop_fusion) by extension 'ros'
[0.274s] [34mcolcon.colcon_core.package_identification[0m [1;30mDEBUG[0m [32mPackage 'src/VINS-Fusion-ROS2-humble-arm/loop_fusion' with type 'ros.ament_cmake' and name 'loop_fusion'[0m
[0.274s] [34mcolcon.colcon_core.package_identification[0m [1;30mLevel 1[0m _identify(src/VINS-Fusion-ROS2-humble-arm/support_files) by extensions ['ignore', 'ignore_ament_install']
[0.274s] [34mcolcon.colcon_core.package_identification[0m [1;30mLevel 1[0m _identify(src/VINS-Fusion-ROS2-humble-arm/support_files) by extension 'ignore'
[0.274s] [34mcolcon.colcon_core.package_identification[0m [1;30mLevel 1[0m _identify(src/VINS-Fusion-ROS2-humble-arm/support_files) by extension 'ignore_ament_install'
[0.274s] [34mcolcon.colcon_core.package_identification[0m [1;30mLevel 1[0m _identify(src/VINS-Fusion-ROS2-humble-arm/support_files) by extensions ['cargo_workspace']
[0.274s] [34mcolcon.colcon_core.package_identification[0m [1;30mLevel 1[0m _identify(src/VINS-Fusion-ROS2-humble-arm/support_files) by extension 'cargo_workspace'
[0.274s] [34mcolcon.colcon_core.package_identification[0m [1;30mLevel 1[0m _identify(src/VINS-Fusion-ROS2-humble-arm/support_files) by extensions ['colcon_pkg']
[0.274s] [34mcolcon.colcon_core.package_identification[0m [1;30mLevel 1[0m _identify(src/VINS-Fusion-ROS2-humble-arm/support_files) by extension 'colcon_pkg'
[0.274s] [34mcolcon.colcon_core.package_identification[0m [1;30mLevel 1[0m _identify(src/VINS-Fusion-ROS2-humble-arm/support_files) by extensions ['colcon_meta']
[0.274s] [34mcolcon.colcon_core.package_identification[0m [1;30mLevel 1[0m _identify(src/VINS-Fusion-ROS2-humble-arm/support_files) by extension 'colcon_meta'
[0.274s] [34mcolcon.colcon_core.package_identification[0m [1;30mLevel 1[0m _identify(src/VINS-Fusion-ROS2-humble-arm/support_files) by extensions ['ros']
[0.274s] [34mcolcon.colcon_core.package_identification[0m [1;30mLevel 1[0m _identify(src/VINS-Fusion-ROS2-humble-arm/support_files) by extension 'ros'
[0.274s] [34mcolcon.colcon_core.package_identification[0m [1;30mLevel 1[0m _identify(src/VINS-Fusion-ROS2-humble-arm/support_files) by extensions ['cargo', 'cmake', 'python']
[0.274s] [34mcolcon.colcon_core.package_identification[0m [1;30mLevel 1[0m _identify(src/VINS-Fusion-ROS2-humble-arm/support_files) by extension 'cargo'
[0.274s] [34mcolcon.colcon_core.package_identification[0m [1;30mLevel 1[0m _identify(src/VINS-Fusion-ROS2-humble-arm/support_files) by extension 'cmake'
[0.274s] [34mcolcon.colcon_core.package_identification[0m [1;30mLevel 1[0m _identify(src/VINS-Fusion-ROS2-humble-arm/support_files) by extension 'python'
[0.274s] [34mcolcon.colcon_core.package_identification[0m [1;30mLevel 1[0m _identify(src/VINS-Fusion-ROS2-humble-arm/support_files) by extensions ['python_setup_py']
[0.274s] [34mcolcon.colcon_core.package_identification[0m [1;30mLevel 1[0m _identify(src/VINS-Fusion-ROS2-humble-arm/support_files) by extension 'python_setup_py'
[0.275s] [34mcolcon.colcon_core.package_identification[0m [1;30mLevel 1[0m _identify(src/VINS-Fusion-ROS2-humble-arm/support_files/image) by extensions ['ignore', 'ignore_ament_install']
[0.275s] [34mcolcon.colcon_core.package_identification[0m [1;30mLevel 1[0m _identify(src/VINS-Fusion-ROS2-humble-arm/support_files/image) by extension 'ignore'
[0.275s] [34mcolcon.colcon_core.package_identification[0m [1;30mLevel 1[0m _identify(src/VINS-Fusion-ROS2-humble-arm/support_files/image) by extension 'ignore_ament_install'
[0.275s] [34mcolcon.colcon_core.package_identification[0m [1;30mLevel 1[0m _identify(src/VINS-Fusion-ROS2-humble-arm/support_files/image) by extensions ['cargo_workspace']
[0.275s] [34mcolcon.colcon_core.package_identification[0m [1;30mLevel 1[0m _identify(src/VINS-Fusion-ROS2-humble-arm/support_files/image) by extension 'cargo_workspace'
[0.275s] [34mcolcon.colcon_core.package_identification[0m [1;30mLevel 1[0m _identify(src/VINS-Fusion-ROS2-humble-arm/support_files/image) by extensions ['colcon_pkg']
[0.275s] [34mcolcon.colcon_core.package_identification[0m [1;30mLevel 1[0m _identify(src/VINS-Fusion-ROS2-humble-arm/support_files/image) by extension 'colcon_pkg'
[0.275s] [34mcolcon.colcon_core.package_identification[0m [1;30mLevel 1[0m _identify(src/VINS-Fusion-ROS2-humble-arm/support_files/image) by extensions ['colcon_meta']
[0.275s] [34mcolcon.colcon_core.package_identification[0m [1;30mLevel 1[0m _identify(src/VINS-Fusion-ROS2-humble-arm/support_files/image) by extension 'colcon_meta'
[0.275s] [34mcolcon.colcon_core.package_identification[0m [1;30mLevel 1[0m _identify(src/VINS-Fusion-ROS2-humble-arm/support_files/image) by extensions ['ros']
[0.275s] [34mcolcon.colcon_core.package_identification[0m [1;30mLevel 1[0m _identify(src/VINS-Fusion-ROS2-humble-arm/support_files/image) by extension 'ros'
[0.275s] [34mcolcon.colcon_core.package_identification[0m [1;30mLevel 1[0m _identify(src/VINS-Fusion-ROS2-humble-arm/support_files/image) by extensions ['cargo', 'cmake', 'python']
[0.275s] [34mcolcon.colcon_core.package_identification[0m [1;30mLevel 1[0m _identify(src/VINS-Fusion-ROS2-humble-arm/support_files/image) by extension 'cargo'
[0.275s] [34mcolcon.colcon_core.package_identification[0m [1;30mLevel 1[0m _identify(src/VINS-Fusion-ROS2-humble-arm/support_files/image) by extension 'cmake'
[0.275s] [34mcolcon.colcon_core.package_identification[0m [1;30mLevel 1[0m _identify(src/VINS-Fusion-ROS2-humble-arm/support_files/image) by extension 'python'
[0.275s] [34mcolcon.colcon_core.package_identification[0m [1;30mLevel 1[0m _identify(src/VINS-Fusion-ROS2-humble-arm/support_files/image) by extensions ['python_setup_py']
[0.275s] [34mcolcon.colcon_core.package_identification[0m [1;30mLevel 1[0m _identify(src/VINS-Fusion-ROS2-humble-arm/support_files/image) by extension 'python_setup_py'
[0.275s] [34mcolcon.colcon_core.package_identification[0m [1;30mLevel 1[0m _identify(src/VINS-Fusion-ROS2-humble-arm/vins) by extensions ['ignore', 'ignore_ament_install']
[0.275s] [34mcolcon.colcon_core.package_identification[0m [1;30mLevel 1[0m _identify(src/VINS-Fusion-ROS2-humble-arm/vins) by extension 'ignore'
[0.275s] [34mcolcon.colcon_core.package_identification[0m [1;30mLevel 1[0m _identify(src/VINS-Fusion-ROS2-humble-arm/vins) by extension 'ignore_ament_install'
[0.275s] [34mcolcon.colcon_core.package_identification[0m [1;30mLevel 1[0m _identify(src/VINS-Fusion-ROS2-humble-arm/vins) by extensions ['cargo_workspace']
[0.275s] [34mcolcon.colcon_core.package_identification[0m [1;30mLevel 1[0m _identify(src/VINS-Fusion-ROS2-humble-arm/vins) by extension 'cargo_workspace'
[0.275s] [34mcolcon.colcon_core.package_identification[0m [1;30mLevel 1[0m _identify(src/VINS-Fusion-ROS2-humble-arm/vins) by extensions ['colcon_pkg']
[0.275s] [34mcolcon.colcon_core.package_identification[0m [1;30mLevel 1[0m _identify(src/VINS-Fusion-ROS2-humble-arm/vins) by extension 'colcon_pkg'
[0.275s] [34mcolcon.colcon_core.package_identification[0m [1;30mLevel 1[0m _identify(src/VINS-Fusion-ROS2-humble-arm/vins) by extensions ['colcon_meta']
[0.275s] [34mcolcon.colcon_core.package_identification[0m [1;30mLevel 1[0m _identify(src/VINS-Fusion-ROS2-humble-arm/vins) by extension 'colcon_meta'
[0.275s] [34mcolcon.colcon_core.package_identification[0m [1;30mLevel 1[0m _identify(src/VINS-Fusion-ROS2-humble-arm/vins) by extensions ['ros']
[0.275s] [34mcolcon.colcon_core.package_identification[0m [1;30mLevel 1[0m _identify(src/VINS-Fusion-ROS2-humble-arm/vins) by extension 'ros'
[0.276s] [34mcolcon.colcon_core.package_identification[0m [1;30mDEBUG[0m [32mPackage 'src/VINS-Fusion-ROS2-humble-arm/vins' with type 'ros.ament_cmake' and name 'vins'[0m
[0.276s] [34mcolcon.colcon_core.package_identification[0m [1;30mLevel 1[0m _identify(terrain) by extensions ['ignore', 'ignore_ament_install']
[0.276s] [34mcolcon.colcon_core.package_identification[0m [1;30mLevel 1[0m _identify(terrain) by extension 'ignore'
[0.276s] [34mcolcon.colcon_core.package_identification[0m [1;30mLevel 1[0m _identify(terrain) by extension 'ignore_ament_install'
[0.276s] [34mcolcon.colcon_core.package_identification[0m [1;30mLevel 1[0m _identify(terrain) by extensions ['cargo_workspace']
[0.276s] [34mcolcon.colcon_core.package_identification[0m [1;30mLevel 1[0m _identify(terrain) by extension 'cargo_workspace'
[0.276s] [34mcolcon.colcon_core.package_identification[0m [1;30mLevel 1[0m _identify(terrain) by extensions ['colcon_pkg']
[0.276s] [34mcolcon.colcon_core.package_identification[0m [1;30mLevel 1[0m _identify(terrain) by extension 'colcon_pkg'
[0.276s] [34mcolcon.colcon_core.package_identification[0m [1;30mLevel 1[0m _identify(terrain) by extensions ['colcon_meta']
[0.276s] [34mcolcon.colcon_core.package_identification[0m [1;30mLevel 1[0m _identify(terrain) by extension 'colcon_meta'
[0.276s] [34mcolcon.colcon_core.package_identification[0m [1;30mLevel 1[0m _identify(terrain) by extensions ['ros']
[0.276s] [34mcolcon.colcon_core.package_identification[0m [1;30mLevel 1[0m _identify(terrain) by extension 'ros'
[0.276s] [34mcolcon.colcon_core.package_identification[0m [1;30mLevel 1[0m _identify(terrain) by extensions ['cargo', 'cmake', 'python']
[0.276s] [34mcolcon.colcon_core.package_identification[0m [1;30mLevel 1[0m _identify(terrain) by extension 'cargo'
[0.276s] [34mcolcon.colcon_core.package_identification[0m [1;30mLevel 1[0m _identify(terrain) by extension 'cmake'
[0.276s] [34mcolcon.colcon_core.package_identification[0m [1;30mLevel 1[0m _identify(terrain) by extension 'python'
[0.276s] [34mcolcon.colcon_core.package_identification[0m [1;30mLevel 1[0m _identify(terrain) by extensions ['python_setup_py']
[0.276s] [34mcolcon.colcon_core.package_identification[0m [1;30mLevel 1[0m _identify(terrain) by extension 'python_setup_py'
[0.276s] [34mcolcon.colcon_core.package_discovery[0m [1;30mLevel 1[0m discover_packages(recursive) using defaults
[0.276s] [34mcolcon.colcon_core.package_discovery[0m [1;30mLevel 1[0m discover_packages(ignore) discover
[0.276s] [34mcolcon.colcon_core.package_discovery[0m [1;30mLevel 1[0m discover_packages(ignore) using defaults
[0.276s] [34mcolcon.colcon_core.package_discovery[0m [1;30mLevel 1[0m discover_packages(path) discover
[0.276s] [34mcolcon.colcon_core.package_discovery[0m [1;30mLevel 1[0m discover_packages(path) using defaults
[0.276s] [34mcolcon.colcon_core.package_discovery[0m [1;30mLevel 1[0m discover_packages(cargo_workspace) discover
[0.276s] [34mcolcon.colcon_core.package_discovery[0m [1;30mLevel 1[0m discover_packages(cargo_workspace) using defaults
[0.287s] [34mcolcon.colcon_core.package_discovery[0m [1;30mLevel 1[0m discover_packages(prefix_path) check parameters
[0.287s] [34mcolcon.colcon_core.package_discovery[0m [1;30mLevel 1[0m discover_packages(prefix_path) discover
[0.289s] [34mcolcon.colcon_installed_package_information.package_discovery[0m [1;30mDEBUG[0m [32mFound 1 installed packages in /home/deathstroke/LTU-RAI/install[0m
[0.289s] [34mcolcon.colcon_installed_package_information.package_discovery[0m [1;30mDEBUG[0m [32mFound 1 installed packages in /home/deathstroke/gz-ros2-bridge/install[0m
[0.289s] [34mcolcon.colcon_installed_package_information.package_discovery[0m [1;30mDEBUG[0m [32mFound 6 installed packages in /home/deathstroke/mavros/install[0m
[0.289s] [34mcolcon.colcon_installed_package_information.package_discovery[0m [1;30mDEBUG[0m [32mFound 2 installed packages in /home/deathstroke/aruco_lander/install[0m
[0.290s] [34mcolcon.colcon_installed_package_information.package_discovery[0m [1;30mDEBUG[0m [32mFound 4 installed packages in /home/deathstroke/vins-fusion-ros2/install[0m
[0.290s] [34mcolcon.colcon_installed_package_information.package_discovery[0m [1;30mDEBUG[0m [32mFound 5 installed packages in /home/deathstroke/workspace/catkin_ws_ov/install[0m
[0.290s] [34mcolcon.colcon_installed_package_information.package_discovery[0m [1;30mDEBUG[0m [32mFound 5 installed packages in /home/deathstroke/realsense-ros/install[0m
[0.290s] [34mcolcon.colcon_installed_package_information.package_discovery[0m [1;30mDEBUG[0m [32mFound 37 installed packages in /home/deathstroke/rust_ws/install[0m
[0.291s] [34mcolcon.colcon_installed_package_information.package_discovery[0m [1;30mDEBUG[0m [32mFound 4 installed packages in /home/deathstroke/zed-ros2/install[0m
[0.291s] [34mcolcon.colcon_installed_package_information.package_discovery[0m [1;30mDEBUG[0m [32mFound 447 installed packages in /opt/ros/humble[0m
[0.293s] [34mcolcon.colcon_core.package_discovery[0m [1;30mLevel 1[0m discover_packages(prefix_path) using defaults
[0.318s] [34mcolcon.colcon_core.verb[0m [1;30mLevel 5[0m set package 'camera_models' build argument 'cargo_args' from command line to 'None'
[0.318s] [34mcolcon.colcon_core.verb[0m [1;30mLevel 5[0m set package 'camera_models' build argument 'clean_build' from command line to 'False'
[0.318s] [34mcolcon.colcon_core.verb[0m [1;30mLevel 5[0m set package 'camera_models' build argument 'cmake_args' from command line to 'None'
[0.318s] [34mcolcon.colcon_core.verb[0m [1;30mLevel 5[0m set package 'camera_models' build argument 'cmake_target' from command line to 'None'
[0.318s] [34mcolcon.colcon_core.verb[0m [1;30mLevel 5[0m set package 'camera_models' build argument 'cmake_target_skip_unavailable' from command line to 'False'
[0.318s] [34mcolcon.colcon_core.verb[0m [1;30mLevel 5[0m set package 'camera_models' build argument 'cmake_clean_cache' from command line to 'False'
[0.318s] [34mcolcon.colcon_core.verb[0m [1;30mLevel 5[0m set package 'camera_models' build argument 'cmake_clean_first' from command line to 'False'
[0.318s] [34mcolcon.colcon_core.verb[0m [1;30mLevel 5[0m set package 'camera_models' build argument 'cmake_force_configure' from command line to 'False'
[0.318s] [34mcolcon.colcon_core.verb[0m [1;30mLevel 5[0m set package 'camera_models' build argument 'lookup_in_workspace' from command line to 'False'
[0.318s] [34mcolcon.colcon_core.verb[0m [1;30mLevel 5[0m set package 'camera_models' build argument 'ament_cmake_args' from command line to 'None'
[0.318s] [34mcolcon.colcon_core.verb[0m [1;30mLevel 5[0m set package 'camera_models' build argument 'catkin_cmake_args' from command line to 'None'
[0.318s] [34mcolcon.colcon_core.verb[0m [1;30mLevel 5[0m set package 'camera_models' build argument 'catkin_skip_building_tests' from command line to 'False'
[0.318s] [34mcolcon.colcon_core.verb[0m [1;30mDEBUG[0m [32mBuilding package 'camera_models' with the following arguments: {'ament_cmake_args': None, 'build_base': '/home/deathstroke/vins-fusion-ros2/build/camera_models', 'cargo_args': None, 'catkin_cmake_args': None, 'catkin_skip_building_tests': False, 'clean_build': False, 'cmake_args': None, 'cmake_clean_cache': False, 'cmake_clean_first': False, 'cmake_force_configure': False, 'cmake_target': None, 'cmake_target_skip_unavailable': False, 'install_base': '/home/deathstroke/vins-fusion-ros2/install/camera_models', 'lookup_in_workspace': False, 'merge_install': False, 'path': '/home/deathstroke/vins-fusion-ros2/src/VINS-Fusion-ROS2-humble-arm/camera_models', 'symlink_install': False, 'test_result_base': None}[0m
[0.319s] [34mcolcon.colcon_core.verb[0m [1;30mLevel 5[0m set package 'global_fusion' build argument 'cargo_args' from command line to 'None'
[0.319s] [34mcolcon.colcon_core.verb[0m [1;30mLevel 5[0m set package 'global_fusion' build argument 'clean_build' from command line to 'False'
[0.319s] [34mcolcon.colcon_core.verb[0m [1;30mLevel 5[0m set package 'global_fusion' build argument 'cmake_args' from command line to 'None'
[0.319s] [34mcolcon.colcon_core.verb[0m [1;30mLevel 5[0m set package 'global_fusion' build argument 'cmake_target' from command line to 'None'
[0.319s] [34mcolcon.colcon_core.verb[0m [1;30mLevel 5[0m set package 'global_fusion' build argument 'cmake_target_skip_unavailable' from command line to 'False'
[0.319s] [34mcolcon.colcon_core.verb[0m [1;30mLevel 5[0m set package 'global_fusion' build argument 'cmake_clean_cache' from command line to 'False'
[0.319s] [34mcolcon.colcon_core.verb[0m [1;30mLevel 5[0m set package 'global_fusion' build argument 'cmake_clean_first' from command line to 'False'
[0.319s] [34mcolcon.colcon_core.verb[0m [1;30mLevel 5[0m set package 'global_fusion' build argument 'cmake_force_configure' from command line to 'False'
[0.319s] [34mcolcon.colcon_core.verb[0m [1;30mLevel 5[0m set package 'global_fusion' build argument 'lookup_in_workspace' from command line to 'False'
[0.319s] [34mcolcon.colcon_core.verb[0m [1;30mLevel 5[0m set package 'global_fusion' build argument 'ament_cmake_args' from command line to 'None'
[0.319s] [34mcolcon.colcon_core.verb[0m [1;30mLevel 5[0m set package 'global_fusion' build argument 'catkin_cmake_args' from command line to 'None'
[0.319s] [34mcolcon.colcon_core.verb[0m [1;30mLevel 5[0m set package 'global_fusion' build argument 'catkin_skip_building_tests' from command line to 'False'
[0.319s] [34mcolcon.colcon_core.verb[0m [1;30mDEBUG[0m [32mBuilding package 'global_fusion' with the following arguments: {'ament_cmake_args': None, 'build_base': '/home/deathstroke/vins-fusion-ros2/build/global_fusion', 'cargo_args': None, 'catkin_cmake_args': None, 'catkin_skip_building_tests': False, 'clean_build': False, 'cmake_args': None, 'cmake_clean_cache': False, 'cmake_clean_first': False, 'cmake_force_configure': False, 'cmake_target': None, 'cmake_target_skip_unavailable': False, 'install_base': '/home/deathstroke/vins-fusion-ros2/install/global_fusion', 'lookup_in_workspace': False, 'merge_install': False, 'path': '/home/deathstroke/vins-fusion-ros2/src/VINS-Fusion-ROS2-humble-arm/global_fusion', 'symlink_install': False, 'test_result_base': None}[0m
[0.319s] [34mcolcon.colcon_core.verb[0m [1;30mLevel 5[0m set package 'loop_fusion' build argument 'cargo_args' from command line to 'None'
[0.319s] [34mcolcon.colcon_core.verb[0m [1;30mLevel 5[0m set package 'loop_fusion' build argument 'clean_build' from command line to 'False'
[0.319s] [34mcolcon.colcon_core.verb[0m [1;30mLevel 5[0m set package 'loop_fusion' build argument 'cmake_args' from command line to 'None'
[0.319s] [34mcolcon.colcon_core.verb[0m [1;30mLevel 5[0m set package 'loop_fusion' build argument 'cmake_target' from command line to 'None'
[0.319s] [34mcolcon.colcon_core.verb[0m [1;30mLevel 5[0m set package 'loop_fusion' build argument 'cmake_target_skip_unavailable' from command line to 'False'
[0.319s] [34mcolcon.colcon_core.verb[0m [1;30mLevel 5[0m set package 'loop_fusion' build argument 'cmake_clean_cache' from command line to 'False'
[0.319s] [34mcolcon.colcon_core.verb[0m [1;30mLevel 5[0m set package 'loop_fusion' build argument 'cmake_clean_first' from command line to 'False'
[0.319s] [34mcolcon.colcon_core.verb[0m [1;30mLevel 5[0m set package 'loop_fusion' build argument 'cmake_force_configure' from command line to 'False'
[0.319s] [34mcolcon.colcon_core.verb[0m [1;30mLevel 5[0m set package 'loop_fusion' build argument 'lookup_in_workspace' from command line to 'False'
[0.319s] [34mcolcon.colcon_core.verb[0m [1;30mLevel 5[0m set package 'loop_fusion' build argument 'ament_cmake_args' from command line to 'None'
[0.319s] [34mcolcon.colcon_core.verb[0m [1;30mLevel 5[0m set package 'loop_fusion' build argument 'catkin_cmake_args' from command line to 'None'
[0.319s] [34mcolcon.colcon_core.verb[0m [1;30mLevel 5[0m set package 'loop_fusion' build argument 'catkin_skip_building_tests' from command line to 'False'
[0.319s] [34mcolcon.colcon_core.verb[0m [1;30mDEBUG[0m [32mBuilding package 'loop_fusion' with the following arguments: {'ament_cmake_args': None, 'build_base': '/home/deathstroke/vins-fusion-ros2/build/loop_fusion', 'cargo_args': None, 'catkin_cmake_args': None, 'catkin_skip_building_tests': False, 'clean_build': False, 'cmake_args': None, 'cmake_clean_cache': False, 'cmake_clean_first': False, 'cmake_force_configure': False, 'cmake_target': None, 'cmake_target_skip_unavailable': False, 'install_base': '/home/deathstroke/vins-fusion-ros2/install/loop_fusion', 'lookup_in_workspace': False, 'merge_install': False, 'path': '/home/deathstroke/vins-fusion-ros2/src/VINS-Fusion-ROS2-humble-arm/loop_fusion', 'symlink_install': False, 'test_result_base': None}[0m
[0.319s] [34mcolcon.colcon_core.verb[0m [1;30mLevel 5[0m set package 'vins' build argument 'cargo_args' from command line to 'None'
[0.319s] [34mcolcon.colcon_core.verb[0m [1;30mLevel 5[0m set package 'vins' build argument 'clean_build' from command line to 'False'
[0.319s] [34mcolcon.colcon_core.verb[0m [1;30mLevel 5[0m set package 'vins' build argument 'cmake_args' from command line to 'None'
[0.319s] [34mcolcon.colcon_core.verb[0m [1;30mLevel 5[0m set package 'vins' build argument 'cmake_target' from command line to 'None'
[0.320s] [34mcolcon.colcon_core.verb[0m [1;30mLevel 5[0m set package 'vins' build argument 'cmake_target_skip_unavailable' from command line to 'False'
[0.320s] [34mcolcon.colcon_core.verb[0m [1;30mLevel 5[0m set package 'vins' build argument 'cmake_clean_cache' from command line to 'False'
[0.320s] [34mcolcon.colcon_core.verb[0m [1;30mLevel 5[0m set package 'vins' build argument 'cmake_clean_first' from command line to 'False'
[0.320s] [34mcolcon.colcon_core.verb[0m [1;30mLevel 5[0m set package 'vins' build argument 'cmake_force_configure' from command line to 'False'
[0.320s] [34mcolcon.colcon_core.verb[0m [1;30mLevel 5[0m set package 'vins' build argument 'lookup_in_workspace' from command line to 'False'
[0.320s] [34mcolcon.colcon_core.verb[0m [1;30mLevel 5[0m set package 'vins' build argument 'ament_cmake_args' from command line to 'None'
[0.320s] [34mcolcon.colcon_core.verb[0m [1;30mLevel 5[0m set package 'vins' build argument 'catkin_cmake_args' from command line to 'None'
[0.320s] [34mcolcon.colcon_core.verb[0m [1;30mLevel 5[0m set package 'vins' build argument 'catkin_skip_building_tests' from command line to 'False'
[0.320s] [34mcolcon.colcon_core.verb[0m [1;30mDEBUG[0m [32mBuilding package 'vins' with the following arguments: {'ament_cmake_args': None, 'build_base': '/home/deathstroke/vins-fusion-ros2/build/vins', 'cargo_args': None, 'catkin_cmake_args': None, 'catkin_skip_building_tests': False, 'clean_build': False, 'cmake_args': None, 'cmake_clean_cache': False, 'cmake_clean_first': False, 'cmake_force_configure': False, 'cmake_target': None, 'cmake_target_skip_unavailable': False, 'install_base': '/home/deathstroke/vins-fusion-ros2/install/vins', 'lookup_in_workspace': False, 'merge_install': False, 'path': '/home/deathstroke/vins-fusion-ros2/src/VINS-Fusion-ROS2-humble-arm/vins', 'symlink_install': False, 'test_result_base': None}[0m
[0.320s] [34mcolcon.colcon_core.executor[0m [1;30mINFO[0m Executing jobs using 'parallel' executor
[0.321s] [34mcolcon.colcon_parallel_executor.executor.parallel[0m [1;30mDEBUG[0m [32mrun_until_complete[0m
[0.321s] [34mcolcon.colcon_ros.task.ament_cmake.build[0m [1;30mINFO[0m Building ROS package in '/home/deathstroke/vins-fusion-ros2/src/VINS-Fusion-ROS2-humble-arm/camera_models' with build type 'ament_cmake'
[0.321s] [34mcolcon.colcon_cmake.task.cmake.build[0m [1;30mINFO[0m Building CMake package in '/home/deathstroke/vins-fusion-ros2/src/VINS-Fusion-ROS2-humble-arm/camera_models'
[0.323s] [34mcolcon.colcon_core.plugin_system[0m [1;30mINFO[0m Skipping extension 'colcon_core.shell.bat': Not used on non-Windows systems
[0.323s] [34mcolcon.colcon_core.shell[0m [1;30mINFO[0m Skip shell extension 'powershell' for command environment: Not usable outside of PowerShell
[0.323s] [34mcolcon.colcon_core.shell[0m [1;30mDEBUG[0m [32mSkip shell extension 'dsv' for command environment[0m
[0.328s] [34mcolcon.colcon_ros.task.ament_cmake.build[0m [1;30mINFO[0m Building ROS package in '/home/deathstroke/vins-fusion-ros2/src/VINS-Fusion-ROS2-humble-arm/global_fusion' with build type 'ament_cmake'
[0.328s] [34mcolcon.colcon_cmake.task.cmake.build[0m [1;30mINFO[0m Building CMake package in '/home/deathstroke/vins-fusion-ros2/src/VINS-Fusion-ROS2-humble-arm/global_fusion'
[0.328s] [34mcolcon.colcon_core.shell[0m [1;30mINFO[0m Skip shell extension 'powershell' for command environment: Not usable outside of PowerShell
[0.328s] [34mcolcon.colcon_core.shell[0m [1;30mDEBUG[0m [32mSkip shell extension 'dsv' for command environment[0m
[0.335s] [34mcolcon.colcon_core.event_handler.log_command[0m [1;30mDEBUG[0m [32mInvoking command in '/home/deathstroke/vins-fusion-ros2/build/camera_models': CMAKE_PREFIX_PATH=${CMAKE_PREFIX_PATH}:/home/deathstroke/realsense-ros/install/realsense2_ros_mqtt_bridge:/home/deathstroke/rust_ws/install/examples_worker_demo:/home/deathstroke/rust_ws/install/examples_rclrs_minimal_pub_sub:/home/deathstroke/rust_ws/install/examples_rclrs_minimal_client_service:/home/deathstroke/rust_ws/install/examples_parameter_demo:/home/deathstroke/rust_ws/install/examples_logging_demo:/home/deathstroke/rust_ws/install/sensor_msgs_py:/home/deathstroke/rust_ws/install/rust_pubsub:/home/deathstroke/rust_ws/install/examples_rclrs_message_demo:/home/deathstroke/rust_ws/install/rosidl_runtime_rs:/home/deathstroke/rust_ws/install/rclrs:/opt/ros/humble /usr/bin/cmake --build /home/deathstroke/vins-fusion-ros2/build/camera_models -- -j32 -l32[0m
[0.337s] [34mcolcon.colcon_core.event_handler.log_command[0m [1;30mDEBUG[0m [32mInvoking command in '/home/deathstroke/vins-fusion-ros2/build/global_fusion': CMAKE_PREFIX_PATH=${CMAKE_PREFIX_PATH}:/home/deathstroke/realsense-ros/install/realsense2_ros_mqtt_bridge:/home/deathstroke/rust_ws/install/examples_worker_demo:/home/deathstroke/rust_ws/install/examples_rclrs_minimal_pub_sub:/home/deathstroke/rust_ws/install/examples_rclrs_minimal_client_service:/home/deathstroke/rust_ws/install/examples_parameter_demo:/home/deathstroke/rust_ws/install/examples_logging_demo:/home/deathstroke/rust_ws/install/sensor_msgs_py:/home/deathstroke/rust_ws/install/rust_pubsub:/home/deathstroke/rust_ws/install/examples_rclrs_message_demo:/home/deathstroke/rust_ws/install/rosidl_runtime_rs:/home/deathstroke/rust_ws/install/rclrs:/opt/ros/humble /usr/bin/cmake --build /home/deathstroke/vins-fusion-ros2/build/global_fusion -- -j32 -l32[0m
[0.396s] [34mcolcon.colcon_core.event_handler.log_command[0m [1;30mDEBUG[0m [32mInvoked command in '/home/deathstroke/vins-fusion-ros2/build/global_fusion' returned '0': CMAKE_PREFIX_PATH=${CMAKE_PREFIX_PATH}:/home/deathstroke/realsense-ros/install/realsense2_ros_mqtt_bridge:/home/deathstroke/rust_ws/install/examples_worker_demo:/home/deathstroke/rust_ws/install/examples_rclrs_minimal_pub_sub:/home/deathstroke/rust_ws/install/examples_rclrs_minimal_client_service:/home/deathstroke/rust_ws/install/examples_parameter_demo:/home/deathstroke/rust_ws/install/examples_logging_demo:/home/deathstroke/rust_ws/install/sensor_msgs_py:/home/deathstroke/rust_ws/install/rust_pubsub:/home/deathstroke/rust_ws/install/examples_rclrs_message_demo:/home/deathstroke/rust_ws/install/rosidl_runtime_rs:/home/deathstroke/rust_ws/install/rclrs:/opt/ros/humble /usr/bin/cmake --build /home/deathstroke/vins-fusion-ros2/build/global_fusion -- -j32 -l32[0m
[0.401s] [34mcolcon.colcon_core.event_handler.log_command[0m [1;30mDEBUG[0m [32mInvoking command in '/home/deathstroke/vins-fusion-ros2/build/global_fusion': CMAKE_PREFIX_PATH=${CMAKE_PREFIX_PATH}:/home/deathstroke/realsense-ros/install/realsense2_ros_mqtt_bridge:/home/deathstroke/rust_ws/install/examples_worker_demo:/home/deathstroke/rust_ws/install/examples_rclrs_minimal_pub_sub:/home/deathstroke/rust_ws/install/examples_rclrs_minimal_client_service:/home/deathstroke/rust_ws/install/examples_parameter_demo:/home/deathstroke/rust_ws/install/examples_logging_demo:/home/deathstroke/rust_ws/install/sensor_msgs_py:/home/deathstroke/rust_ws/install/rust_pubsub:/home/deathstroke/rust_ws/install/examples_rclrs_message_demo:/home/deathstroke/rust_ws/install/rosidl_runtime_rs:/home/deathstroke/rust_ws/install/rclrs:/opt/ros/humble /usr/bin/cmake --install /home/deathstroke/vins-fusion-ros2/build/global_fusion[0m
[0.402s] [34mcolcon.colcon_core.event_handler.log_command[0m [1;30mDEBUG[0m [32mInvoked command in '/home/deathstroke/vins-fusion-ros2/build/camera_models' returned '0': CMAKE_PREFIX_PATH=${CMAKE_PREFIX_PATH}:/home/deathstroke/realsense-ros/install/realsense2_ros_mqtt_bridge:/home/deathstroke/rust_ws/install/examples_worker_demo:/home/deathstroke/rust_ws/install/examples_rclrs_minimal_pub_sub:/home/deathstroke/rust_ws/install/examples_rclrs_minimal_client_service:/home/deathstroke/rust_ws/install/examples_parameter_demo:/home/deathstroke/rust_ws/install/examples_logging_demo:/home/deathstroke/rust_ws/install/sensor_msgs_py:/home/deathstroke/rust_ws/install/rust_pubsub:/home/deathstroke/rust_ws/install/examples_rclrs_message_demo:/home/deathstroke/rust_ws/install/rosidl_runtime_rs:/home/deathstroke/rust_ws/install/rclrs:/opt/ros/humble /usr/bin/cmake --build /home/deathstroke/vins-fusion-ros2/build/camera_models -- -j32 -l32[0m
[0.403s] [34mcolcon.colcon_core.event_handler.log_command[0m [1;30mDEBUG[0m [32mInvoking command in '/home/deathstroke/vins-fusion-ros2/build/camera_models': CMAKE_PREFIX_PATH=${CMAKE_PREFIX_PATH}:/home/deathstroke/realsense-ros/install/realsense2_ros_mqtt_bridge:/home/deathstroke/rust_ws/install/examples_worker_demo:/home/deathstroke/rust_ws/install/examples_rclrs_minimal_pub_sub:/home/deathstroke/rust_ws/install/examples_rclrs_minimal_client_service:/home/deathstroke/rust_ws/install/examples_parameter_demo:/home/deathstroke/rust_ws/install/examples_logging_demo:/home/deathstroke/rust_ws/install/sensor_msgs_py:/home/deathstroke/rust_ws/install/rust_pubsub:/home/deathstroke/rust_ws/install/examples_rclrs_message_demo:/home/deathstroke/rust_ws/install/rosidl_runtime_rs:/home/deathstroke/rust_ws/install/rclrs:/opt/ros/humble /usr/bin/cmake --install /home/deathstroke/vins-fusion-ros2/build/camera_models[0m
[0.414s] [34mcolcon.colcon_core.environment[0m [1;30mLevel 1[0m create_environment_scripts_only(global_fusion)
[0.414s] [34mcolcon.colcon_core.event_handler.log_command[0m [1;30mDEBUG[0m [32mInvoked command in '/home/deathstroke/vins-fusion-ros2/build/global_fusion' returned '0': CMAKE_PREFIX_PATH=${CMAKE_PREFIX_PATH}:/home/deathstroke/realsense-ros/install/realsense2_ros_mqtt_bridge:/home/deathstroke/rust_ws/install/examples_worker_demo:/home/deathstroke/rust_ws/install/examples_rclrs_minimal_pub_sub:/home/deathstroke/rust_ws/install/examples_rclrs_minimal_client_service:/home/deathstroke/rust_ws/install/examples_parameter_demo:/home/deathstroke/rust_ws/install/examples_logging_demo:/home/deathstroke/rust_ws/install/sensor_msgs_py:/home/deathstroke/rust_ws/install/rust_pubsub:/home/deathstroke/rust_ws/install/examples_rclrs_message_demo:/home/deathstroke/rust_ws/install/rosidl_runtime_rs:/home/deathstroke/rust_ws/install/rclrs:/opt/ros/humble /usr/bin/cmake --install /home/deathstroke/vins-fusion-ros2/build/global_fusion[0m
[0.416s] [34mcolcon.colcon_core.environment[0m [1;30mLevel 1[0m checking '/home/deathstroke/vins-fusion-ros2/install/global_fusion' for CMake module files
[0.416s] [34mcolcon.colcon_core.environment[0m [1;30mLevel 1[0m checking '/home/deathstroke/vins-fusion-ros2/install/global_fusion' for CMake config files
[0.416s] [34mcolcon.colcon_core.shell[0m [1;30mLevel 1[0m create_environment_hook('global_fusion', 'cmake_prefix_path')
[0.417s] [34mcolcon.colcon_core.shell[0m [1;30mINFO[0m Creating environment hook '/home/deathstroke/vins-fusion-ros2/install/global_fusion/share/global_fusion/hook/cmake_prefix_path.ps1'
[0.417s] [34mcolcon.colcon_core.shell[0m [1;30mINFO[0m Creating environment descriptor '/home/deathstroke/vins-fusion-ros2/install/global_fusion/share/global_fusion/hook/cmake_prefix_path.dsv'
[0.417s] [34mcolcon.colcon_core.shell[0m [1;30mINFO[0m Creating environment hook '/home/deathstroke/vins-fusion-ros2/install/global_fusion/share/global_fusion/hook/cmake_prefix_path.sh'
[0.418s] [34mcolcon.colcon_core.environment[0m [1;30mLevel 1[0m checking '/home/deathstroke/vins-fusion-ros2/install/global_fusion/lib'
[0.418s] [34mcolcon.colcon_core.environment[0m [1;30mLevel 1[0m checking '/home/deathstroke/vins-fusion-ros2/install/global_fusion/bin'
[0.418s] [34mcolcon.colcon_core.shell[0m [1;30mLevel 1[0m create_environment_hook('global_fusion', 'path')
[0.418s] [34mcolcon.colcon_core.shell[0m [1;30mINFO[0m Creating environment hook '/home/deathstroke/vins-fusion-ros2/install/global_fusion/share/global_fusion/hook/path.ps1'
[0.418s] [34mcolcon.colcon_core.shell[0m [1;30mINFO[0m Creating environment descriptor '/home/deathstroke/vins-fusion-ros2/install/global_fusion/share/global_fusion/hook/path.dsv'
[0.418s] [34mcolcon.colcon_core.shell[0m [1;30mINFO[0m Creating environment hook '/home/deathstroke/vins-fusion-ros2/install/global_fusion/share/global_fusion/hook/path.sh'
[0.418s] [34mcolcon.colcon_core.environment[0m [1;30mLevel 1[0m checking '/home/deathstroke/vins-fusion-ros2/install/global_fusion/lib/pkgconfig/global_fusion.pc'
[0.419s] [34mcolcon.colcon_core.environment[0m [1;30mLevel 1[0m checking '/home/deathstroke/vins-fusion-ros2/install/global_fusion/lib/python3.10/site-packages'
[0.419s] [34mcolcon.colcon_core.environment[0m [1;30mLevel 1[0m checking '/home/deathstroke/vins-fusion-ros2/install/global_fusion/bin'
[0.419s] [34mcolcon.colcon_core.shell[0m [1;30mLevel 1[0m create_environment_hook('global_fusion', 'pythonscriptspath')
[0.419s] [34mcolcon.colcon_core.shell[0m [1;30mINFO[0m Creating environment hook '/home/deathstroke/vins-fusion-ros2/install/global_fusion/share/global_fusion/hook/pythonscriptspath.ps1'
[0.419s] [34mcolcon.colcon_core.shell[0m [1;30mINFO[0m Creating environment descriptor '/home/deathstroke/vins-fusion-ros2/install/global_fusion/share/global_fusion/hook/pythonscriptspath.dsv'
[0.419s] [34mcolcon.colcon_core.shell[0m [1;30mINFO[0m Creating environment hook '/home/deathstroke/vins-fusion-ros2/install/global_fusion/share/global_fusion/hook/pythonscriptspath.sh'
[0.419s] [34mcolcon.colcon_core.shell[0m [1;30mINFO[0m Creating package script '/home/deathstroke/vins-fusion-ros2/install/global_fusion/share/global_fusion/package.ps1'
[0.420s] [34mcolcon.colcon_core.shell[0m [1;30mINFO[0m Creating package descriptor '/home/deathstroke/vins-fusion-ros2/install/global_fusion/share/global_fusion/package.dsv'
[0.420s] [34mcolcon.colcon_core.shell[0m [1;30mINFO[0m Creating package script '/home/deathstroke/vins-fusion-ros2/install/global_fusion/share/global_fusion/package.sh'
[0.421s] [34mcolcon.colcon_core.shell[0m [1;30mINFO[0m Creating package script '/home/deathstroke/vins-fusion-ros2/install/global_fusion/share/global_fusion/package.bash'
[0.421s] [34mcolcon.colcon_core.shell[0m [1;30mINFO[0m Creating package script '/home/deathstroke/vins-fusion-ros2/install/global_fusion/share/global_fusion/package.zsh'
[0.421s] [34mcolcon.colcon_core.environment[0m [1;30mLevel 1[0m create_file_with_runtime_dependencies(/home/deathstroke/vins-fusion-ros2/install/global_fusion/share/colcon-core/packages/global_fusion)
[0.422s] [34mcolcon.colcon_core.environment[0m [1;30mLevel 1[0m create_environment_scripts_only(global_fusion)
[0.422s] [34mcolcon.colcon_core.environment[0m [1;30mLevel 1[0m checking '/home/deathstroke/vins-fusion-ros2/install/global_fusion' for CMake module files
[0.422s] [34mcolcon.colcon_core.environment[0m [1;30mLevel 1[0m checking '/home/deathstroke/vins-fusion-ros2/install/global_fusion' for CMake config files
[0.422s] [34mcolcon.colcon_core.shell[0m [1;30mLevel 1[0m create_environment_hook('global_fusion', 'cmake_prefix_path')
[0.422s] [34mcolcon.colcon_core.shell[0m [1;30mINFO[0m Creating environment hook '/home/deathstroke/vins-fusion-ros2/install/global_fusion/share/global_fusion/hook/cmake_prefix_path.ps1'
[0.422s] [34mcolcon.colcon_core.shell[0m [1;30mINFO[0m Creating environment descriptor '/home/deathstroke/vins-fusion-ros2/install/global_fusion/share/global_fusion/hook/cmake_prefix_path.dsv'
[0.422s] [34mcolcon.colcon_core.shell[0m [1;30mINFO[0m Creating environment hook '/home/deathstroke/vins-fusion-ros2/install/global_fusion/share/global_fusion/hook/cmake_prefix_path.sh'
[0.423s] [34mcolcon.colcon_core.environment[0m [1;30mLevel 1[0m checking '/home/deathstroke/vins-fusion-ros2/install/global_fusion/lib'
[0.423s] [34mcolcon.colcon_core.environment[0m [1;30mLevel 1[0m checking '/home/deathstroke/vins-fusion-ros2/install/global_fusion/bin'
[0.423s] [34mcolcon.colcon_core.shell[0m [1;30mLevel 1[0m create_environment_hook('global_fusion', 'path')
[0.423s] [34mcolcon.colcon_core.shell[0m [1;30mINFO[0m Creating environment hook '/home/deathstroke/vins-fusion-ros2/install/global_fusion/share/global_fusion/hook/path.ps1'
[0.423s] [34mcolcon.colcon_core.shell[0m [1;30mINFO[0m Creating environment descriptor '/home/deathstroke/vins-fusion-ros2/install/global_fusion/share/global_fusion/hook/path.dsv'
[0.423s] [34mcolcon.colcon_core.shell[0m [1;30mINFO[0m Creating environment hook '/home/deathstroke/vins-fusion-ros2/install/global_fusion/share/global_fusion/hook/path.sh'
[0.423s] [34mcolcon.colcon_core.environment[0m [1;30mLevel 1[0m checking '/home/deathstroke/vins-fusion-ros2/install/global_fusion/lib/pkgconfig/global_fusion.pc'
[0.423s] [34mcolcon.colcon_core.environment[0m [1;30mLevel 1[0m checking '/home/deathstroke/vins-fusion-ros2/install/global_fusion/lib/python3.10/site-packages'
[0.424s] [34mcolcon.colcon_core.environment[0m [1;30mLevel 1[0m checking '/home/deathstroke/vins-fusion-ros2/install/global_fusion/bin'
[0.424s] [34mcolcon.colcon_core.shell[0m [1;30mLevel 1[0m create_environment_hook('global_fusion', 'pythonscriptspath')
[0.424s] [34mcolcon.colcon_core.shell[0m [1;30mINFO[0m Creating environment hook '/home/deathstroke/vins-fusion-ros2/install/global_fusion/share/global_fusion/hook/pythonscriptspath.ps1'
[0.424s] [34mcolcon.colcon_core.shell[0m [1;30mINFO[0m Creating environment descriptor '/home/deathstroke/vins-fusion-ros2/install/global_fusion/share/global_fusion/hook/pythonscriptspath.dsv'
[0.424s] [34mcolcon.colcon_core.shell[0m [1;30mINFO[0m Creating environment hook '/home/deathstroke/vins-fusion-ros2/install/global_fusion/share/global_fusion/hook/pythonscriptspath.sh'
[0.424s] [34mcolcon.colcon_core.shell[0m [1;30mINFO[0m Creating package script '/home/deathstroke/vins-fusion-ros2/install/global_fusion/share/global_fusion/package.ps1'
[0.425s] [34mcolcon.colcon_core.shell[0m [1;30mINFO[0m Creating package descriptor '/home/deathstroke/vins-fusion-ros2/install/global_fusion/share/global_fusion/package.dsv'
[0.425s] [34mcolcon.colcon_core.shell[0m [1;30mINFO[0m Creating package script '/home/deathstroke/vins-fusion-ros2/install/global_fusion/share/global_fusion/package.sh'
[0.425s] [34mcolcon.colcon_core.shell[0m [1;30mINFO[0m Creating package script '/home/deathstroke/vins-fusion-ros2/install/global_fusion/share/global_fusion/package.bash'
[0.425s] [34mcolcon.colcon_core.shell[0m [1;30mINFO[0m Creating package script '/home/deathstroke/vins-fusion-ros2/install/global_fusion/share/global_fusion/package.zsh'
[0.425s] [34mcolcon.colcon_core.environment[0m [1;30mLevel 1[0m create_file_with_runtime_dependencies(/home/deathstroke/vins-fusion-ros2/install/global_fusion/share/colcon-core/packages/global_fusion)
[0.426s] [34mcolcon.colcon_core.environment[0m [1;30mLevel 1[0m create_environment_scripts_only(camera_models)
[0.426s] [34mcolcon.colcon_core.environment[0m [1;30mLevel 1[0m checking '/home/deathstroke/vins-fusion-ros2/install/camera_models' for CMake module files
[0.426s] [34mcolcon.colcon_core.event_handler.log_command[0m [1;30mDEBUG[0m [32mInvoked command in '/home/deathstroke/vins-fusion-ros2/build/camera_models' returned '0': CMAKE_PREFIX_PATH=${CMAKE_PREFIX_PATH}:/home/deathstroke/realsense-ros/install/realsense2_ros_mqtt_bridge:/home/deathstroke/rust_ws/install/examples_worker_demo:/home/deathstroke/rust_ws/install/examples_rclrs_minimal_pub_sub:/home/deathstroke/rust_ws/install/examples_rclrs_minimal_client_service:/home/deathstroke/rust_ws/install/examples_parameter_demo:/home/deathstroke/rust_ws/install/examples_logging_demo:/home/deathstroke/rust_ws/install/sensor_msgs_py:/home/deathstroke/rust_ws/install/rust_pubsub:/home/deathstroke/rust_ws/install/examples_rclrs_message_demo:/home/deathstroke/rust_ws/install/rosidl_runtime_rs:/home/deathstroke/rust_ws/install/rclrs:/opt/ros/humble /usr/bin/cmake --install /home/deathstroke/vins-fusion-ros2/build/camera_models[0m
[0.427s] [34mcolcon.colcon_core.environment[0m [1;30mLevel 1[0m checking '/home/deathstroke/vins-fusion-ros2/install/camera_models' for CMake config files
[0.427s] [34mcolcon.colcon_core.shell[0m [1;30mLevel 1[0m create_environment_hook('camera_models', 'cmake_prefix_path')
[0.427s] [34mcolcon.colcon_core.shell[0m [1;30mINFO[0m Creating environment hook '/home/deathstroke/vins-fusion-ros2/install/camera_models/share/camera_models/hook/cmake_prefix_path.ps1'
[0.427s] [34mcolcon.colcon_core.shell[0m [1;30mINFO[0m Creating environment descriptor '/home/deathstroke/vins-fusion-ros2/install/camera_models/share/camera_models/hook/cmake_prefix_path.dsv'
[0.427s] [34mcolcon.colcon_core.shell[0m [1;30mINFO[0m Creating environment hook '/home/deathstroke/vins-fusion-ros2/install/camera_models/share/camera_models/hook/cmake_prefix_path.sh'
[0.428s] [34mcolcon.colcon_core.environment[0m [1;30mLevel 1[0m checking '/home/deathstroke/vins-fusion-ros2/install/camera_models/lib'
[0.428s] [34mcolcon.colcon_core.environment[0m [1;30mLevel 1[0m checking '/home/deathstroke/vins-fusion-ros2/install/camera_models/bin'
[0.428s] [34mcolcon.colcon_core.shell[0m [1;30mLevel 1[0m create_environment_hook('camera_models', 'path')
[0.428s] [34mcolcon.colcon_core.shell[0m [1;30mINFO[0m Creating environment hook '/home/deathstroke/vins-fusion-ros2/install/camera_models/share/camera_models/hook/path.ps1'
[0.428s] [34mcolcon.colcon_core.shell[0m [1;30mINFO[0m Creating environment descriptor '/home/deathstroke/vins-fusion-ros2/install/camera_models/share/camera_models/hook/path.dsv'
[0.428s] [34mcolcon.colcon_core.shell[0m [1;30mINFO[0m Creating environment hook '/home/deathstroke/vins-fusion-ros2/install/camera_models/share/camera_models/hook/path.sh'
[0.428s] [34mcolcon.colcon_core.environment[0m [1;30mLevel 1[0m checking '/home/deathstroke/vins-fusion-ros2/install/camera_models/lib/pkgconfig/camera_models.pc'
[0.428s] [34mcolcon.colcon_core.environment[0m [1;30mLevel 1[0m checking '/home/deathstroke/vins-fusion-ros2/install/camera_models/lib/python3.10/site-packages'
[0.428s] [34mcolcon.colcon_core.environment[0m [1;30mLevel 1[0m checking '/home/deathstroke/vins-fusion-ros2/install/camera_models/bin'
[0.428s] [34mcolcon.colcon_core.shell[0m [1;30mLevel 1[0m create_environment_hook('camera_models', 'pythonscriptspath')
[0.429s] [34mcolcon.colcon_core.shell[0m [1;30mINFO[0m Creating environment hook '/home/deathstroke/vins-fusion-ros2/install/camera_models/share/camera_models/hook/pythonscriptspath.ps1'
[0.429s] [34mcolcon.colcon_core.shell[0m [1;30mINFO[0m Creating environment descriptor '/home/deathstroke/vins-fusion-ros2/install/camera_models/share/camera_models/hook/pythonscriptspath.dsv'
[0.429s] [34mcolcon.colcon_core.shell[0m [1;30mINFO[0m Creating environment hook '/home/deathstroke/vins-fusion-ros2/install/camera_models/share/camera_models/hook/pythonscriptspath.sh'
[0.429s] [34mcolcon.colcon_core.shell[0m [1;30mINFO[0m Creating package script '/home/deathstroke/vins-fusion-ros2/install/camera_models/share/camera_models/package.ps1'
[0.429s] [34mcolcon.colcon_core.shell[0m [1;30mINFO[0m Creating package descriptor '/home/deathstroke/vins-fusion-ros2/install/camera_models/share/camera_models/package.dsv'
[0.430s] [34mcolcon.colcon_core.shell[0m [1;30mINFO[0m Creating package script '/home/deathstroke/vins-fusion-ros2/install/camera_models/share/camera_models/package.sh'
[0.430s] [34mcolcon.colcon_core.shell[0m [1;30mINFO[0m Creating package script '/home/deathstroke/vins-fusion-ros2/install/camera_models/share/camera_models/package.bash'
[0.430s] [34mcolcon.colcon_core.shell[0m [1;30mINFO[0m Creating package script '/home/deathstroke/vins-fusion-ros2/install/camera_models/share/camera_models/package.zsh'
[0.430s] [34mcolcon.colcon_core.environment[0m [1;30mLevel 1[0m create_file_with_runtime_dependencies(/home/deathstroke/vins-fusion-ros2/install/camera_models/share/colcon-core/packages/camera_models)
[0.430s] [34mcolcon.colcon_core.environment[0m [1;30mLevel 1[0m create_environment_scripts_only(camera_models)
[0.430s] [34mcolcon.colcon_core.environment[0m [1;30mLevel 1[0m checking '/home/deathstroke/vins-fusion-ros2/install/camera_models' for CMake module files
[0.431s] [34mcolcon.colcon_core.environment[0m [1;30mLevel 1[0m checking '/home/deathstroke/vins-fusion-ros2/install/camera_models' for CMake config files
[0.431s] [34mcolcon.colcon_core.shell[0m [1;30mLevel 1[0m create_environment_hook('camera_models', 'cmake_prefix_path')
[0.431s] [34mcolcon.colcon_core.shell[0m [1;30mINFO[0m Creating environment hook '/home/deathstroke/vins-fusion-ros2/install/camera_models/share/camera_models/hook/cmake_prefix_path.ps1'
[0.431s] [34mcolcon.colcon_core.shell[0m [1;30mINFO[0m Creating environment descriptor '/home/deathstroke/vins-fusion-ros2/install/camera_models/share/camera_models/hook/cmake_prefix_path.dsv'
[0.431s] [34mcolcon.colcon_core.shell[0m [1;30mINFO[0m Creating environment hook '/home/deathstroke/vins-fusion-ros2/install/camera_models/share/camera_models/hook/cmake_prefix_path.sh'
[0.432s] [34mcolcon.colcon_core.environment[0m [1;30mLevel 1[0m checking '/home/deathstroke/vins-fusion-ros2/install/camera_models/lib'
[0.432s] [34mcolcon.colcon_core.environment[0m [1;30mLevel 1[0m checking '/home/deathstroke/vins-fusion-ros2/install/camera_models/bin'
[0.432s] [34mcolcon.colcon_core.shell[0m [1;30mLevel 1[0m create_environment_hook('camera_models', 'path')
[0.432s] [34mcolcon.colcon_core.shell[0m [1;30mINFO[0m Creating environment hook '/home/deathstroke/vins-fusion-ros2/install/camera_models/share/camera_models/hook/path.ps1'
[0.432s] [34mcolcon.colcon_core.shell[0m [1;30mINFO[0m Creating environment descriptor '/home/deathstroke/vins-fusion-ros2/install/camera_models/share/camera_models/hook/path.dsv'
[0.432s] [34mcolcon.colcon_core.shell[0m [1;30mINFO[0m Creating environment hook '/home/deathstroke/vins-fusion-ros2/install/camera_models/share/camera_models/hook/path.sh'
[0.432s] [34mcolcon.colcon_core.environment[0m [1;30mLevel 1[0m checking '/home/deathstroke/vins-fusion-ros2/install/camera_models/lib/pkgconfig/camera_models.pc'
[0.432s] [34mcolcon.colcon_core.environment[0m [1;30mLevel 1[0m checking '/home/deathstroke/vins-fusion-ros2/install/camera_models/lib/python3.10/site-packages'
[0.432s] [34mcolcon.colcon_core.environment[0m [1;30mLevel 1[0m checking '/home/deathstroke/vins-fusion-ros2/install/camera_models/bin'
[0.432s] [34mcolcon.colcon_core.shell[0m [1;30mLevel 1[0m create_environment_hook('camera_models', 'pythonscriptspath')
[0.433s] [34mcolcon.colcon_core.shell[0m [1;30mINFO[0m Creating environment hook '/home/deathstroke/vins-fusion-ros2/install/camera_models/share/camera_models/hook/pythonscriptspath.ps1'
[0.433s] [34mcolcon.colcon_core.shell[0m [1;30mINFO[0m Creating environment descriptor '/home/deathstroke/vins-fusion-ros2/install/camera_models/share/camera_models/hook/pythonscriptspath.dsv'
[0.433s] [34mcolcon.colcon_core.shell[0m [1;30mINFO[0m Creating environment hook '/home/deathstroke/vins-fusion-ros2/install/camera_models/share/camera_models/hook/pythonscriptspath.sh'
[0.433s] [34mcolcon.colcon_core.shell[0m [1;30mINFO[0m Creating package script '/home/deathstroke/vins-fusion-ros2/install/camera_models/share/camera_models/package.ps1'
[0.434s] [34mcolcon.colcon_core.shell[0m [1;30mINFO[0m Creating package descriptor '/home/deathstroke/vins-fusion-ros2/install/camera_models/share/camera_models/package.dsv'
[0.434s] [34mcolcon.colcon_core.shell[0m [1;30mINFO[0m Creating package script '/home/deathstroke/vins-fusion-ros2/install/camera_models/share/camera_models/package.sh'
[0.434s] [34mcolcon.colcon_core.shell[0m [1;30mINFO[0m Creating package script '/home/deathstroke/vins-fusion-ros2/install/camera_models/share/camera_models/package.bash'
[0.434s] [34mcolcon.colcon_core.shell[0m [1;30mINFO[0m Creating package script '/home/deathstroke/vins-fusion-ros2/install/camera_models/share/camera_models/package.zsh'
[0.434s] [34mcolcon.colcon_core.environment[0m [1;30mLevel 1[0m create_file_with_runtime_dependencies(/home/deathstroke/vins-fusion-ros2/install/camera_models/share/colcon-core/packages/camera_models)
[0.435s] [34mcolcon.colcon_ros.task.ament_cmake.build[0m [1;30mINFO[0m Building ROS package in '/home/deathstroke/vins-fusion-ros2/src/VINS-Fusion-ROS2-humble-arm/loop_fusion' with build type 'ament_cmake'
[0.435s] [34mcolcon.colcon_cmake.task.cmake.build[0m [1;30mINFO[0m Building CMake package in '/home/deathstroke/vins-fusion-ros2/src/VINS-Fusion-ROS2-humble-arm/loop_fusion'
[0.435s] [34mcolcon.colcon_core.shell[0m [1;30mINFO[0m Skip shell extension 'powershell' for command environment: Not usable outside of PowerShell
[0.435s] [34mcolcon.colcon_core.shell[0m [1;30mDEBUG[0m [32mSkip shell extension 'dsv' for command environment[0m
[0.440s] [34mcolcon.colcon_ros.task.ament_cmake.build[0m [1;30mINFO[0m Building ROS package in '/home/deathstroke/vins-fusion-ros2/src/VINS-Fusion-ROS2-humble-arm/vins' with build type 'ament_cmake'
[0.440s] [34mcolcon.colcon_cmake.task.cmake.build[0m [1;30mINFO[0m Building CMake package in '/home/deathstroke/vins-fusion-ros2/src/VINS-Fusion-ROS2-humble-arm/vins'
[0.440s] [34mcolcon.colcon_core.shell[0m [1;30mINFO[0m Skip shell extension 'powershell' for command environment: Not usable outside of PowerShell
[0.440s] [34mcolcon.colcon_core.shell[0m [1;30mDEBUG[0m [32mSkip shell extension 'dsv' for command environment[0m
[0.447s] [34mcolcon.colcon_core.event_handler.log_command[0m [1;30mDEBUG[0m [32mInvoking command in '/home/deathstroke/vins-fusion-ros2/build/loop_fusion': CMAKE_PREFIX_PATH=/home/deathstroke/vins-fusion-ros2/install/camera_models:/home/deathstroke/.local:/home/deathstroke/.local:/home/deathstroke/.local:/home/deathstroke/.local:/home/deathstroke/LTU-RAI/install/ltu-sensor-bridge:/home/deathstroke/gz-ros2-bridge/install/gz-ros2-bridge:/home/deathstroke/mavros/install/mavros_extras:/home/deathstroke/mavros/install/mavros_examples:/home/deathstroke/mavros/install/mavros:/home/deathstroke/mavros/install/mavros_msgs:/home/deathstroke/mavros/install/libmavconn:/home/deathstroke/.local:/home/deathstroke/aruco_lander/install/aruco_mavsdk:/home/deathstroke/aruco_lander/install/aruco_detector:/home/deathstroke/workspace/catkin_ws_ov/install/ov_msckf:/home/deathstroke/workspace/catkin_ws_ov/install/ov_init:/home/deathstroke/workspace/catkin_ws_ov/install/ov_eval:/home/deathstroke/workspace/catkin_ws_ov/install/ov_data:/home/deathstroke/workspace/catkin_ws_ov/install/ov_core:/home/deathstroke/vins-fusion-ros2/install/vins:/home/deathstroke/vins-fusion-ros2/install/loop_fusion:/home/deathstroke/vins-fusion-ros2/install/global_fusion:/home/deathstroke/realsense-ros/install/realsense2_rviz_plugin:/home/deathstroke/realsense-ros/install/realsense2_description:/home/deathstroke/realsense-ros/install/realsense2_camera:/home/deathstroke/realsense-ros/install/realsense2_camera_msgs:/home/deathstroke/rust_ws/install/common_interfaces:/home/deathstroke/rust_ws/install/visualization_msgs:/home/deathstroke/rust_ws/install/test_msgs:/home/deathstroke/rust_ws/install/example_interfaces:/home/deathstroke/rust_ws/install/action_msgs:/home/deathstroke/rust_ws/install/unique_identifier_msgs:/home/deathstroke/rust_ws/install/trajectory_msgs:/home/deathstroke/rust_ws/install/test_interface_files:/home/deathstroke/rust_ws/install/stereo_msgs:/home/deathstroke/rust_ws/install/std_srvs:/home/deathstroke/rust_ws/install/shape_msgs:/home/deathstroke/rust_ws/install/sensor_msgs:/home/deathstroke/rust_ws/install/nav_msgs:/home/deathstroke/rust_ws/install/diagnostic_msgs:/home/deathstroke/rust_ws/install/geometry_msgs:/home/deathstroke/rust_ws/install/actionlib_msgs:/home/deathstroke/rust_ws/install/std_msgs:/home/deathstroke/rust_ws/install/statistics_msgs:/home/deathstroke/rust_ws/install/rosgraph_msgs:/home/deathstroke/rust_ws/install/rclrs_example_msgs:/home/deathstroke/rust_ws/install/composition_interfaces:/home/deathstroke/rust_ws/install/rcl_interfaces:/home/deathstroke/rust_ws/install/lifecycle_msgs:/home/deathstroke/rust_ws/install/builtin_interfaces:/home/deathstroke/rust_ws/install/rosidl_default_runtime:/home/deathstroke/rust_ws/install/rosidl_default_generators:/home/deathstroke/rust_ws/install/rosidl_generator_rs:/home/deathstroke/zed-ros2/install/zed_ros2:/home/deathstroke/zed-ros2/install/zed_wrapper:/home/deathstroke/zed-ros2/install/zed_debug:/home/deathstroke/zed-ros2/install/zed_components:/home/deathstroke/realsense-ros/install/realsense2_ros_mqtt_bridge:/home/deathstroke/rust_ws/install/examples_worker_demo:/home/deathstroke/rust_ws/install/examples_rclrs_minimal_pub_sub:/home/deathstroke/rust_ws/install/examples_rclrs_minimal_client_service:/home/deathstroke/rust_ws/install/examples_parameter_demo:/home/deathstroke/rust_ws/install/examples_logging_demo:/home/deathstroke/rust_ws/install/sensor_msgs_py:/home/deathstroke/rust_ws/install/rust_pubsub:/home/deathstroke/rust_ws/install/examples_rclrs_message_demo:/home/deathstroke/rust_ws/install/rosidl_runtime_rs:/home/deathstroke/rust_ws/install/rclrs:/opt/ros/humble PATH=/home/deathstroke/vins-fusion-ros2/install/camera_models/bin:/home/deathstroke/Android/Sdk/platform-tools:/usr/local/cuda-12.8/bin:/home/deathstroke/.pyenv/shims:/home/deathstroke/.pyenv/bin:/home/deathstroke/.pyenv/bin:/usr/lib/ccache:/home/deathstroke/rt-ardupilot/Tools/autotest:/home/deathstroke/Android/Sdk/platform-tools:/usr/local/cuda-12.8/bin:/home/deathstroke/.pyenv/bin:/home/deathstroke/.pyenv/bin:/usr/lib/ccache:/home/deathstroke/rt-ardupilot/Tools/autotest:/home/deathstroke/Android/Sdk/platform-tools:/usr/local/cuda-12.8/bin:/home/deathstroke/.pyenv/bin:/home/deathstroke/.pyenv/bin:/usr/lib/ccache:/home/deathstroke/rt-ardupilot/Tools/autotest:/home/deathstroke/Android/Sdk/platform-tools:/usr/local/cuda-12.8/bin:/home/deathstroke/.pyenv/bin:/home/deathstroke/.pyenv/bin:/usr/lib/ccache:/home/deathstroke/rt-ardupilot/Tools/autotest:/home/deathstroke/.config/Code/User/globalStorage/github.copilot-chat/debugCommand:/home/deathstroke/.config/Code/User/globalStorage/github.copilot-chat/copilotCli:/home/deathstroke/ardupilot/Tools/autotest:/usr/lib/ccache:/home/deathstroke/ardupilot/Tools/autotest:/opt/gcc-arm-none-eabi-10-2020-q4-major/bin:/home/deathstroke/.local/bin:/home/deathstroke/Android/Sdk/platform-tools:/usr/local/cuda-12.8/bin:/home/deathstroke/.pyenv/bin:/home/deathstroke/.pyenv/bin:/home/deathstroke/vins-fusion-ros2/install/vins/bin:/home/deathstroke/vins-fusion-ros2/install/global_fusion/bin:/opt/ros/humble/bin:/usr/lib/ccache:/home/deathstroke/rt-ardupilot/Tools/autotest:/home/deathstroke/ardupilot/Tools/autotest:/usr/lib/ccache:/home/deathstroke/ardupilot/Tools/autotest:/opt/gcc-arm-none-eabi-10-2020-q4-major/bin:/home/deathstroke/.cargo/bin:/home/deathstroke/.local/bin:/usr/local/sbin:/usr/local/bin:/usr/sbin:/usr/bin:/sbin:/bin:/usr/games:/usr/local/games:/snap/bin:/snap/bin:/usr/local/lib/android-ndk:/home/deathstroke/.vscode/extensions/ms-python.debugpy-2026.6.0-linux-x64/bundled/scripts/noConfigScripts:/usr/local/lib/android-ndk:/usr/local/lib/android-ndk:/usr/local/lib/android-ndk:/usr/local/lib/android-ndk /usr/bin/cmake --build /home/deathstroke/vins-fusion-ros2/build/loop_fusion -- -j32 -l32[0m
[0.450s] [34mcolcon.colcon_core.event_handler.log_command[0m [1;30mDEBUG[0m [32mInvoking command in '/home/deathstroke/vins-fusion-ros2/build/vins': CMAKE_PREFIX_PATH=/home/deathstroke/vins-fusion-ros2/install/camera_models:/home/deathstroke/.local:/home/deathstroke/.local:/home/deathstroke/.local:/home/deathstroke/.local:/home/deathstroke/LTU-RAI/install/ltu-sensor-bridge:/home/deathstroke/gz-ros2-bridge/install/gz-ros2-bridge:/home/deathstroke/mavros/install/mavros_extras:/home/deathstroke/mavros/install/mavros_examples:/home/deathstroke/mavros/install/mavros:/home/deathstroke/mavros/install/mavros_msgs:/home/deathstroke/mavros/install/libmavconn:/home/deathstroke/.local:/home/deathstroke/aruco_lander/install/aruco_mavsdk:/home/deathstroke/aruco_lander/install/aruco_detector:/home/deathstroke/workspace/catkin_ws_ov/install/ov_msckf:/home/deathstroke/workspace/catkin_ws_ov/install/ov_init:/home/deathstroke/workspace/catkin_ws_ov/install/ov_eval:/home/deathstroke/workspace/catkin_ws_ov/install/ov_data:/home/deathstroke/workspace/catkin_ws_ov/install/ov_core:/home/deathstroke/vins-fusion-ros2/install/vins:/home/deathstroke/vins-fusion-ros2/install/loop_fusion:/home/deathstroke/vins-fusion-ros2/install/global_fusion:/home/deathstroke/realsense-ros/install/realsense2_rviz_plugin:/home/deathstroke/realsense-ros/install/realsense2_description:/home/deathstroke/realsense-ros/install/realsense2_camera:/home/deathstroke/realsense-ros/install/realsense2_camera_msgs:/home/deathstroke/rust_ws/install/common_interfaces:/home/deathstroke/rust_ws/install/visualization_msgs:/home/deathstroke/rust_ws/install/test_msgs:/home/deathstroke/rust_ws/install/example_interfaces:/home/deathstroke/rust_ws/install/action_msgs:/home/deathstroke/rust_ws/install/unique_identifier_msgs:/home/deathstroke/rust_ws/install/trajectory_msgs:/home/deathstroke/rust_ws/install/test_interface_files:/home/deathstroke/rust_ws/install/stereo_msgs:/home/deathstroke/rust_ws/install/std_srvs:/home/deathstroke/rust_ws/install/shape_msgs:/home/deathstroke/rust_ws/install/sensor_msgs:/home/deathstroke/rust_ws/install/nav_msgs:/home/deathstroke/rust_ws/install/diagnostic_msgs:/home/deathstroke/rust_ws/install/geometry_msgs:/home/deathstroke/rust_ws/install/actionlib_msgs:/home/deathstroke/rust_ws/install/std_msgs:/home/deathstroke/rust_ws/install/statistics_msgs:/home/deathstroke/rust_ws/install/rosgraph_msgs:/home/deathstroke/rust_ws/install/rclrs_example_msgs:/home/deathstroke/rust_ws/install/composition_interfaces:/home/deathstroke/rust_ws/install/rcl_interfaces:/home/deathstroke/rust_ws/install/lifecycle_msgs:/home/deathstroke/rust_ws/install/builtin_interfaces:/home/deathstroke/rust_ws/install/rosidl_default_runtime:/home/deathstroke/rust_ws/install/rosidl_default_generators:/home/deathstroke/rust_ws/install/rosidl_generator_rs:/home/deathstroke/zed-ros2/install/zed_ros2:/home/deathstroke/zed-ros2/install/zed_wrapper:/home/deathstroke/zed-ros2/install/zed_debug:/home/deathstroke/zed-ros2/install/zed_components:/home/deathstroke/realsense-ros/install/realsense2_ros_mqtt_bridge:/home/deathstroke/rust_ws/install/examples_worker_demo:/home/deathstroke/rust_ws/install/examples_rclrs_minimal_pub_sub:/home/deathstroke/rust_ws/install/examples_rclrs_minimal_client_service:/home/deathstroke/rust_ws/install/examples_parameter_demo:/home/deathstroke/rust_ws/install/examples_logging_demo:/home/deathstroke/rust_ws/install/sensor_msgs_py:/home/deathstroke/rust_ws/install/rust_pubsub:/home/deathstroke/rust_ws/install/examples_rclrs_message_demo:/home/deathstroke/rust_ws/install/rosidl_runtime_rs:/home/deathstroke/rust_ws/install/rclrs:/opt/ros/humble PATH=/home/deathstroke/vins-fusion-ros2/install/camera_models/bin:/home/deathstroke/Android/Sdk/platform-tools:/usr/local/cuda-12.8/bin:/home/deathstroke/.pyenv/shims:/home/deathstroke/.pyenv/bin:/home/deathstroke/.pyenv/bin:/usr/lib/ccache:/home/deathstroke/rt-ardupilot/Tools/autotest:/home/deathstroke/Android/Sdk/platform-tools:/usr/local/cuda-12.8/bin:/home/deathstroke/.pyenv/bin:/home/deathstroke/.pyenv/bin:/usr/lib/ccache:/home/deathstroke/rt-ardupilot/Tools/autotest:/home/deathstroke/Android/Sdk/platform-tools:/usr/local/cuda-12.8/bin:/home/deathstroke/.pyenv/bin:/home/deathstroke/.pyenv/bin:/usr/lib/ccache:/home/deathstroke/rt-ardupilot/Tools/autotest:/home/deathstroke/Android/Sdk/platform-tools:/usr/local/cuda-12.8/bin:/home/deathstroke/.pyenv/bin:/home/deathstroke/.pyenv/bin:/usr/lib/ccache:/home/deathstroke/rt-ardupilot/Tools/autotest:/home/deathstroke/.config/Code/User/globalStorage/github.copilot-chat/debugCommand:/home/deathstroke/.config/Code/User/globalStorage/github.copilot-chat/copilotCli:/home/deathstroke/ardupilot/Tools/autotest:/usr/lib/ccache:/home/deathstroke/ardupilot/Tools/autotest:/opt/gcc-arm-none-eabi-10-2020-q4-major/bin:/home/deathstroke/.local/bin:/home/deathstroke/Android/Sdk/platform-tools:/usr/local/cuda-12.8/bin:/home/deathstroke/.pyenv/bin:/home/deathstroke/.pyenv/bin:/home/deathstroke/vins-fusion-ros2/install/vins/bin:/home/deathstroke/vins-fusion-ros2/install/global_fusion/bin:/opt/ros/humble/bin:/usr/lib/ccache:/home/deathstroke/rt-ardupilot/Tools/autotest:/home/deathstroke/ardupilot/Tools/autotest:/usr/lib/ccache:/home/deathstroke/ardupilot/Tools/autotest:/opt/gcc-arm-none-eabi-10-2020-q4-major/bin:/home/deathstroke/.cargo/bin:/home/deathstroke/.local/bin:/usr/local/sbin:/usr/local/bin:/usr/sbin:/usr/bin:/sbin:/bin:/usr/games:/usr/local/games:/snap/bin:/snap/bin:/usr/local/lib/android-ndk:/home/deathstroke/.vscode/extensions/ms-python.debugpy-2026.6.0-linux-x64/bundled/scripts/noConfigScripts:/usr/local/lib/android-ndk:/usr/local/lib/android-ndk:/usr/local/lib/android-ndk:/usr/local/lib/android-ndk /usr/bin/cmake --build /home/deathstroke/vins-fusion-ros2/build/vins -- -j32 -l32[0m
[0.503s] [34mcolcon.colcon_core.event_handler.log_command[0m [1;30mDEBUG[0m [32mInvoked command in '/home/deathstroke/vins-fusion-ros2/build/loop_fusion' returned '0': CMAKE_PREFIX_PATH=/home/deathstroke/vins-fusion-ros2/install/camera_models:/home/deathstroke/.local:/home/deathstroke/.local:/home/deathstroke/.local:/home/deathstroke/.local:/home/deathstroke/LTU-RAI/install/ltu-sensor-bridge:/home/deathstroke/gz-ros2-bridge/install/gz-ros2-bridge:/home/deathstroke/mavros/install/mavros_extras:/home/deathstroke/mavros/install/mavros_examples:/home/deathstroke/mavros/install/mavros:/home/deathstroke/mavros/install/mavros_msgs:/home/deathstroke/mavros/install/libmavconn:/home/deathstroke/.local:/home/deathstroke/aruco_lander/install/aruco_mavsdk:/home/deathstroke/aruco_lander/install/aruco_detector:/home/deathstroke/workspace/catkin_ws_ov/install/ov_msckf:/home/deathstroke/workspace/catkin_ws_ov/install/ov_init:/home/deathstroke/workspace/catkin_ws_ov/install/ov_eval:/home/deathstroke/workspace/catkin_ws_ov/install/ov_data:/home/deathstroke/workspace/catkin_ws_ov/install/ov_core:/home/deathstroke/vins-fusion-ros2/install/vins:/home/deathstroke/vins-fusion-ros2/install/loop_fusion:/home/deathstroke/vins-fusion-ros2/install/global_fusion:/home/deathstroke/realsense-ros/install/realsense2_rviz_plugin:/home/deathstroke/realsense-ros/install/realsense2_description:/home/deathstroke/realsense-ros/install/realsense2_camera:/home/deathstroke/realsense-ros/install/realsense2_camera_msgs:/home/deathstroke/rust_ws/install/common_interfaces:/home/deathstroke/rust_ws/install/visualization_msgs:/home/deathstroke/rust_ws/install/test_msgs:/home/deathstroke/rust_ws/install/example_interfaces:/home/deathstroke/rust_ws/install/action_msgs:/home/deathstroke/rust_ws/install/unique_identifier_msgs:/home/deathstroke/rust_ws/install/trajectory_msgs:/home/deathstroke/rust_ws/install/test_interface_files:/home/deathstroke/rust_ws/install/stereo_msgs:/home/deathstroke/rust_ws/install/std_srvs:/home/deathstroke/rust_ws/install/shape_msgs:/home/deathstroke/rust_ws/install/sensor_msgs:/home/deathstroke/rust_ws/install/nav_msgs:/home/deathstroke/rust_ws/install/diagnostic_msgs:/home/deathstroke/rust_ws/install/geometry_msgs:/home/deathstroke/rust_ws/install/actionlib_msgs:/home/deathstroke/rust_ws/install/std_msgs:/home/deathstroke/rust_ws/install/statistics_msgs:/home/deathstroke/rust_ws/install/rosgraph_msgs:/home/deathstroke/rust_ws/install/rclrs_example_msgs:/home/deathstroke/rust_ws/install/composition_interfaces:/home/deathstroke/rust_ws/install/rcl_interfaces:/home/deathstroke/rust_ws/install/lifecycle_msgs:/home/deathstroke/rust_ws/install/builtin_interfaces:/home/deathstroke/rust_ws/install/rosidl_default_runtime:/home/deathstroke/rust_ws/install/rosidl_default_generators:/home/deathstroke/rust_ws/install/rosidl_generator_rs:/home/deathstroke/zed-ros2/install/zed_ros2:/home/deathstroke/zed-ros2/install/zed_wrapper:/home/deathstroke/zed-ros2/install/zed_debug:/home/deathstroke/zed-ros2/install/zed_components:/home/deathstroke/realsense-ros/install/realsense2_ros_mqtt_bridge:/home/deathstroke/rust_ws/install/examples_worker_demo:/home/deathstroke/rust_ws/install/examples_rclrs_minimal_pub_sub:/home/deathstroke/rust_ws/install/examples_rclrs_minimal_client_service:/home/deathstroke/rust_ws/install/examples_parameter_demo:/home/deathstroke/rust_ws/install/examples_logging_demo:/home/deathstroke/rust_ws/install/sensor_msgs_py:/home/deathstroke/rust_ws/install/rust_pubsub:/home/deathstroke/rust_ws/install/examples_rclrs_message_demo:/home/deathstroke/rust_ws/install/rosidl_runtime_rs:/home/deathstroke/rust_ws/install/rclrs:/opt/ros/humble PATH=/home/deathstroke/vins-fusion-ros2/install/camera_models/bin:/home/deathstroke/Android/Sdk/platform-tools:/usr/local/cuda-12.8/bin:/home/deathstroke/.pyenv/shims:/home/deathstroke/.pyenv/bin:/home/deathstroke/.pyenv/bin:/usr/lib/ccache:/home/deathstroke/rt-ardupilot/Tools/autotest:/home/deathstroke/Android/Sdk/platform-tools:/usr/local/cuda-12.8/bin:/home/deathstroke/.pyenv/bin:/home/deathstroke/.pyenv/bin:/usr/lib/ccache:/home/deathstroke/rt-ardupilot/Tools/autotest:/home/deathstroke/Android/Sdk/platform-tools:/usr/local/cuda-12.8/bin:/home/deathstroke/.pyenv/bin:/home/deathstroke/.pyenv/bin:/usr/lib/ccache:/home/deathstroke/rt-ardupilot/Tools/autotest:/home/deathstroke/Android/Sdk/platform-tools:/usr/local/cuda-12.8/bin:/home/deathstroke/.pyenv/bin:/home/deathstroke/.pyenv/bin:/usr/lib/ccache:/home/deathstroke/rt-ardupilot/Tools/autotest:/home/deathstroke/.config/Code/User/globalStorage/github.copilot-chat/debugCommand:/home/deathstroke/.config/Code/User/globalStorage/github.copilot-chat/copilotCli:/home/deathstroke/ardupilot/Tools/autotest:/usr/lib/ccache:/home/deathstroke/ardupilot/Tools/autotest:/opt/gcc-arm-none-eabi-10-2020-q4-major/bin:/home/deathstroke/.local/bin:/home/deathstroke/Android/Sdk/platform-tools:/usr/local/cuda-12.8/bin:/home/deathstroke/.pyenv/bin:/home/deathstroke/.pyenv/bin:/home/deathstroke/vins-fusion-ros2/install/vins/bin:/home/deathstroke/vins-fusion-ros2/install/global_fusion/bin:/opt/ros/humble/bin:/usr/lib/ccache:/home/deathstroke/rt-ardupilot/Tools/autotest:/home/deathstroke/ardupilot/Tools/autotest:/usr/lib/ccache:/home/deathstroke/ardupilot/Tools/autotest:/opt/gcc-arm-none-eabi-10-2020-q4-major/bin:/home/deathstroke/.cargo/bin:/home/deathstroke/.local/bin:/usr/local/sbin:/usr/local/bin:/usr/sbin:/usr/bin:/sbin:/bin:/usr/games:/usr/local/games:/snap/bin:/snap/bin:/usr/local/lib/android-ndk:/home/deathstroke/.vscode/extensions/ms-python.debugpy-2026.6.0-linux-x64/bundled/scripts/noConfigScripts:/usr/local/lib/android-ndk:/usr/local/lib/android-ndk:/usr/local/lib/android-ndk:/usr/local/lib/android-ndk /usr/bin/cmake --build /home/deathstroke/vins-fusion-ros2/build/loop_fusion -- -j32 -l32[0m
[0.504s] [34mcolcon.colcon_core.event_handler.log_command[0m [1;30mDEBUG[0m [32mInvoking command in '/home/deathstroke/vins-fusion-ros2/build/loop_fusion': CMAKE_PREFIX_PATH=/home/deathstroke/vins-fusion-ros2/install/camera_models:/home/deathstroke/.local:/home/deathstroke/.local:/home/deathstroke/.local:/home/deathstroke/.local:/home/deathstroke/LTU-RAI/install/ltu-sensor-bridge:/home/deathstroke/gz-ros2-bridge/install/gz-ros2-bridge:/home/deathstroke/mavros/install/mavros_extras:/home/deathstroke/mavros/install/mavros_examples:/home/deathstroke/mavros/install/mavros:/home/deathstroke/mavros/install/mavros_msgs:/home/deathstroke/mavros/install/libmavconn:/home/deathstroke/.local:/home/deathstroke/aruco_lander/install/aruco_mavsdk:/home/deathstroke/aruco_lander/install/aruco_detector:/home/deathstroke/workspace/catkin_ws_ov/install/ov_msckf:/home/deathstroke/workspace/catkin_ws_ov/install/ov_init:/home/deathstroke/workspace/catkin_ws_ov/install/ov_eval:/home/deathstroke/workspace/catkin_ws_ov/install/ov_data:/home/deathstroke/workspace/catkin_ws_ov/install/ov_core:/home/deathstroke/vins-fusion-ros2/install/vins:/home/deathstroke/vins-fusion-ros2/install/loop_fusion:/home/deathstroke/vins-fusion-ros2/install/global_fusion:/home/deathstroke/realsense-ros/install/realsense2_rviz_plugin:/home/deathstroke/realsense-ros/install/realsense2_description:/home/deathstroke/realsense-ros/install/realsense2_camera:/home/deathstroke/realsense-ros/install/realsense2_camera_msgs:/home/deathstroke/rust_ws/install/common_interfaces:/home/deathstroke/rust_ws/install/visualization_msgs:/home/deathstroke/rust_ws/install/test_msgs:/home/deathstroke/rust_ws/install/example_interfaces:/home/deathstroke/rust_ws/install/action_msgs:/home/deathstroke/rust_ws/install/unique_identifier_msgs:/home/deathstroke/rust_ws/install/trajectory_msgs:/home/deathstroke/rust_ws/install/test_interface_files:/home/deathstroke/rust_ws/install/stereo_msgs:/home/deathstroke/rust_ws/install/std_srvs:/home/deathstroke/rust_ws/install/shape_msgs:/home/deathstroke/rust_ws/install/sensor_msgs:/home/deathstroke/rust_ws/install/nav_msgs:/home/deathstroke/rust_ws/install/diagnostic_msgs:/home/deathstroke/rust_ws/install/geometry_msgs:/home/deathstroke/rust_ws/install/actionlib_msgs:/home/deathstroke/rust_ws/install/std_msgs:/home/deathstroke/rust_ws/install/statistics_msgs:/home/deathstroke/rust_ws/install/rosgraph_msgs:/home/deathstroke/rust_ws/install/rclrs_example_msgs:/home/deathstroke/rust_ws/install/composition_interfaces:/home/deathstroke/rust_ws/install/rcl_interfaces:/home/deathstroke/rust_ws/install/lifecycle_msgs:/home/deathstroke/rust_ws/install/builtin_interfaces:/home/deathstroke/rust_ws/install/rosidl_default_runtime:/home/deathstroke/rust_ws/install/rosidl_default_generators:/home/deathstroke/rust_ws/install/rosidl_generator_rs:/home/deathstroke/zed-ros2/install/zed_ros2:/home/deathstroke/zed-ros2/install/zed_wrapper:/home/deathstroke/zed-ros2/install/zed_debug:/home/deathstroke/zed-ros2/install/zed_components:/home/deathstroke/realsense-ros/install/realsense2_ros_mqtt_bridge:/home/deathstroke/rust_ws/install/examples_worker_demo:/home/deathstroke/rust_ws/install/examples_rclrs_minimal_pub_sub:/home/deathstroke/rust_ws/install/examples_rclrs_minimal_client_service:/home/deathstroke/rust_ws/install/examples_parameter_demo:/home/deathstroke/rust_ws/install/examples_logging_demo:/home/deathstroke/rust_ws/install/sensor_msgs_py:/home/deathstroke/rust_ws/install/rust_pubsub:/home/deathstroke/rust_ws/install/examples_rclrs_message_demo:/home/deathstroke/rust_ws/install/rosidl_runtime_rs:/home/deathstroke/rust_ws/install/rclrs:/opt/ros/humble PATH=/home/deathstroke/vins-fusion-ros2/install/camera_models/bin:/home/deathstroke/Android/Sdk/platform-tools:/usr/local/cuda-12.8/bin:/home/deathstroke/.pyenv/shims:/home/deathstroke/.pyenv/bin:/home/deathstroke/.pyenv/bin:/usr/lib/ccache:/home/deathstroke/rt-ardupilot/Tools/autotest:/home/deathstroke/Android/Sdk/platform-tools:/usr/local/cuda-12.8/bin:/home/deathstroke/.pyenv/bin:/home/deathstroke/.pyenv/bin:/usr/lib/ccache:/home/deathstroke/rt-ardupilot/Tools/autotest:/home/deathstroke/Android/Sdk/platform-tools:/usr/local/cuda-12.8/bin:/home/deathstroke/.pyenv/bin:/home/deathstroke/.pyenv/bin:/usr/lib/ccache:/home/deathstroke/rt-ardupilot/Tools/autotest:/home/deathstroke/Android/Sdk/platform-tools:/usr/local/cuda-12.8/bin:/home/deathstroke/.pyenv/bin:/home/deathstroke/.pyenv/bin:/usr/lib/ccache:/home/deathstroke/rt-ardupilot/Tools/autotest:/home/deathstroke/.config/Code/User/globalStorage/github.copilot-chat/debugCommand:/home/deathstroke/.config/Code/User/globalStorage/github.copilot-chat/copilotCli:/home/deathstroke/ardupilot/Tools/autotest:/usr/lib/ccache:/home/deathstroke/ardupilot/Tools/autotest:/opt/gcc-arm-none-eabi-10-2020-q4-major/bin:/home/deathstroke/.local/bin:/home/deathstroke/Android/Sdk/platform-tools:/usr/local/cuda-12.8/bin:/home/deathstroke/.pyenv/bin:/home/deathstroke/.pyenv/bin:/home/deathstroke/vins-fusion-ros2/install/vins/bin:/home/deathstroke/vins-fusion-ros2/install/global_fusion/bin:/opt/ros/humble/bin:/usr/lib/ccache:/home/deathstroke/rt-ardupilot/Tools/autotest:/home/deathstroke/ardupilot/Tools/autotest:/usr/lib/ccache:/home/deathstroke/ardupilot/Tools/autotest:/opt/gcc-arm-none-eabi-10-2020-q4-major/bin:/home/deathstroke/.cargo/bin:/home/deathstroke/.local/bin:/usr/local/sbin:/usr/local/bin:/usr/sbin:/usr/bin:/sbin:/bin:/usr/games:/usr/local/games:/snap/bin:/snap/bin:/usr/local/lib/android-ndk:/home/deathstroke/.vscode/extensions/ms-python.debugpy-2026.6.0-linux-x64/bundled/scripts/noConfigScripts:/usr/local/lib/android-ndk:/usr/local/lib/android-ndk:/usr/local/lib/android-ndk:/usr/local/lib/android-ndk /usr/bin/cmake --install /home/deathstroke/vins-fusion-ros2/build/loop_fusion[0m
[0.513s] [34mcolcon.colcon_core.environment[0m [1;30mLevel 1[0m create_environment_scripts_only(loop_fusion)
[0.514s] [34mcolcon.colcon_core.environment[0m [1;30mLevel 1[0m checking '/home/deathstroke/vins-fusion-ros2/install/loop_fusion' for CMake module files
[0.514s] [34mcolcon.colcon_core.event_handler.log_command[0m [1;30mDEBUG[0m [32mInvoked command in '/home/deathstroke/vins-fusion-ros2/build/loop_fusion' returned '0': CMAKE_PREFIX_PATH=/home/deathstroke/vins-fusion-ros2/install/camera_models:/home/deathstroke/.local:/home/deathstroke/.local:/home/deathstroke/.local:/home/deathstroke/.local:/home/deathstroke/LTU-RAI/install/ltu-sensor-bridge:/home/deathstroke/gz-ros2-bridge/install/gz-ros2-bridge:/home/deathstroke/mavros/install/mavros_extras:/home/deathstroke/mavros/install/mavros_examples:/home/deathstroke/mavros/install/mavros:/home/deathstroke/mavros/install/mavros_msgs:/home/deathstroke/mavros/install/libmavconn:/home/deathstroke/.local:/home/deathstroke/aruco_lander/install/aruco_mavsdk:/home/deathstroke/aruco_lander/install/aruco_detector:/home/deathstroke/workspace/catkin_ws_ov/install/ov_msckf:/home/deathstroke/workspace/catkin_ws_ov/install/ov_init:/home/deathstroke/workspace/catkin_ws_ov/install/ov_eval:/home/deathstroke/workspace/catkin_ws_ov/install/ov_data:/home/deathstroke/workspace/catkin_ws_ov/install/ov_core:/home/deathstroke/vins-fusion-ros2/install/vins:/home/deathstroke/vins-fusion-ros2/install/loop_fusion:/home/deathstroke/vins-fusion-ros2/install/global_fusion:/home/deathstroke/realsense-ros/install/realsense2_rviz_plugin:/home/deathstroke/realsense-ros/install/realsense2_description:/home/deathstroke/realsense-ros/install/realsense2_camera:/home/deathstroke/realsense-ros/install/realsense2_camera_msgs:/home/deathstroke/rust_ws/install/common_interfaces:/home/deathstroke/rust_ws/install/visualization_msgs:/home/deathstroke/rust_ws/install/test_msgs:/home/deathstroke/rust_ws/install/example_interfaces:/home/deathstroke/rust_ws/install/action_msgs:/home/deathstroke/rust_ws/install/unique_identifier_msgs:/home/deathstroke/rust_ws/install/trajectory_msgs:/home/deathstroke/rust_ws/install/test_interface_files:/home/deathstroke/rust_ws/install/stereo_msgs:/home/deathstroke/rust_ws/install/std_srvs:/home/deathstroke/rust_ws/install/shape_msgs:/home/deathstroke/rust_ws/install/sensor_msgs:/home/deathstroke/rust_ws/install/nav_msgs:/home/deathstroke/rust_ws/install/diagnostic_msgs:/home/deathstroke/rust_ws/install/geometry_msgs:/home/deathstroke/rust_ws/install/actionlib_msgs:/home/deathstroke/rust_ws/install/std_msgs:/home/deathstroke/rust_ws/install/statistics_msgs:/home/deathstroke/rust_ws/install/rosgraph_msgs:/home/deathstroke/rust_ws/install/rclrs_example_msgs:/home/deathstroke/rust_ws/install/composition_interfaces:/home/deathstroke/rust_ws/install/rcl_interfaces:/home/deathstroke/rust_ws/install/lifecycle_msgs:/home/deathstroke/rust_ws/install/builtin_interfaces:/home/deathstroke/rust_ws/install/rosidl_default_runtime:/home/deathstroke/rust_ws/install/rosidl_default_generators:/home/deathstroke/rust_ws/install/rosidl_generator_rs:/home/deathstroke/zed-ros2/install/zed_ros2:/home/deathstroke/zed-ros2/install/zed_wrapper:/home/deathstroke/zed-ros2/install/zed_debug:/home/deathstroke/zed-ros2/install/zed_components:/home/deathstroke/realsense-ros/install/realsense2_ros_mqtt_bridge:/home/deathstroke/rust_ws/install/examples_worker_demo:/home/deathstroke/rust_ws/install/examples_rclrs_minimal_pub_sub:/home/deathstroke/rust_ws/install/examples_rclrs_minimal_client_service:/home/deathstroke/rust_ws/install/examples_parameter_demo:/home/deathstroke/rust_ws/install/examples_logging_demo:/home/deathstroke/rust_ws/install/sensor_msgs_py:/home/deathstroke/rust_ws/install/rust_pubsub:/home/deathstroke/rust_ws/install/examples_rclrs_message_demo:/home/deathstroke/rust_ws/install/rosidl_runtime_rs:/home/deathstroke/rust_ws/install/rclrs:/opt/ros/humble PATH=/home/deathstroke/vins-fusion-ros2/install/camera_models/bin:/home/deathstroke/Android/Sdk/platform-tools:/usr/local/cuda-12.8/bin:/home/deathstroke/.pyenv/shims:/home/deathstroke/.pyenv/bin:/home/deathstroke/.pyenv/bin:/usr/lib/ccache:/home/deathstroke/rt-ardupilot/Tools/autotest:/home/deathstroke/Android/Sdk/platform-tools:/usr/local/cuda-12.8/bin:/home/deathstroke/.pyenv/bin:/home/deathstroke/.pyenv/bin:/usr/lib/ccache:/home/deathstroke/rt-ardupilot/Tools/autotest:/home/deathstroke/Android/Sdk/platform-tools:/usr/local/cuda-12.8/bin:/home/deathstroke/.pyenv/bin:/home/deathstroke/.pyenv/bin:/usr/lib/ccache:/home/deathstroke/rt-ardupilot/Tools/autotest:/home/deathstroke/Android/Sdk/platform-tools:/usr/local/cuda-12.8/bin:/home/deathstroke/.pyenv/bin:/home/deathstroke/.pyenv/bin:/usr/lib/ccache:/home/deathstroke/rt-ardupilot/Tools/autotest:/home/deathstroke/.config/Code/User/globalStorage/github.copilot-chat/debugCommand:/home/deathstroke/.config/Code/User/globalStorage/github.copilot-chat/copilotCli:/home/deathstroke/ardupilot/Tools/autotest:/usr/lib/ccache:/home/deathstroke/ardupilot/Tools/autotest:/opt/gcc-arm-none-eabi-10-2020-q4-major/bin:/home/deathstroke/.local/bin:/home/deathstroke/Android/Sdk/platform-tools:/usr/local/cuda-12.8/bin:/home/deathstroke/.pyenv/bin:/home/deathstroke/.pyenv/bin:/home/deathstroke/vins-fusion-ros2/install/vins/bin:/home/deathstroke/vins-fusion-ros2/install/global_fusion/bin:/opt/ros/humble/bin:/usr/lib/ccache:/home/deathstroke/rt-ardupilot/Tools/autotest:/home/deathstroke/ardupilot/Tools/autotest:/usr/lib/ccache:/home/deathstroke/ardupilot/Tools/autotest:/opt/gcc-arm-none-eabi-10-2020-q4-major/bin:/home/deathstroke/.cargo/bin:/home/deathstroke/.local/bin:/usr/local/sbin:/usr/local/bin:/usr/sbin:/usr/bin:/sbin:/bin:/usr/games:/usr/local/games:/snap/bin:/snap/bin:/usr/local/lib/android-ndk:/home/deathstroke/.vscode/extensions/ms-python.debugpy-2026.6.0-linux-x64/bundled/scripts/noConfigScripts:/usr/local/lib/android-ndk:/usr/local/lib/android-ndk:/usr/local/lib/android-ndk:/usr/local/lib/android-ndk /usr/bin/cmake --install /home/deathstroke/vins-fusion-ros2/build/loop_fusion[0m
[0.514s] [34mcolcon.colcon_core.environment[0m [1;30mLevel 1[0m checking '/home/deathstroke/vins-fusion-ros2/install/loop_fusion' for CMake config files
[0.514s] [34mcolcon.colcon_core.shell[0m [1;30mLevel 1[0m create_environment_hook('loop_fusion', 'cmake_prefix_path')
[0.514s] [34mcolcon.colcon_core.shell[0m [1;30mINFO[0m Creating environment hook '/home/deathstroke/vins-fusion-ros2/install/loop_fusion/share/loop_fusion/hook/cmake_prefix_path.ps1'
[0.515s] [34mcolcon.colcon_core.shell[0m [1;30mINFO[0m Creating environment descriptor '/home/deathstroke/vins-fusion-ros2/install/loop_fusion/share/loop_fusion/hook/cmake_prefix_path.dsv'
[0.515s] [34mcolcon.colcon_core.shell[0m [1;30mINFO[0m Creating environment hook '/home/deathstroke/vins-fusion-ros2/install/loop_fusion/share/loop_fusion/hook/cmake_prefix_path.sh'
[0.515s] [34mcolcon.colcon_core.environment[0m [1;30mLevel 1[0m checking '/home/deathstroke/vins-fusion-ros2/install/loop_fusion/lib'
[0.515s] [34mcolcon.colcon_core.environment[0m [1;30mLevel 1[0m checking '/home/deathstroke/vins-fusion-ros2/install/loop_fusion/bin'
[0.515s] [34mcolcon.colcon_core.environment[0m [1;30mLevel 1[0m checking '/home/deathstroke/vins-fusion-ros2/install/loop_fusion/lib/pkgconfig/loop_fusion.pc'
[0.515s] [34mcolcon.colcon_core.environment[0m [1;30mLevel 1[0m checking '/home/deathstroke/vins-fusion-ros2/install/loop_fusion/lib/python3.10/site-packages'
[0.515s] [34mcolcon.colcon_core.environment[0m [1;30mLevel 1[0m checking '/home/deathstroke/vins-fusion-ros2/install/loop_fusion/bin'
[0.515s] [34mcolcon.colcon_core.shell[0m [1;30mINFO[0m Creating package script '/home/deathstroke/vins-fusion-ros2/install/loop_fusion/share/loop_fusion/package.ps1'
[0.516s] [34mcolcon.colcon_core.shell[0m [1;30mINFO[0m Creating package descriptor '/home/deathstroke/vins-fusion-ros2/install/loop_fusion/share/loop_fusion/package.dsv'
[0.516s] [34mcolcon.colcon_core.shell[0m [1;30mINFO[0m Creating package script '/home/deathstroke/vins-fusion-ros2/install/loop_fusion/share/loop_fusion/package.sh'
[0.516s] [34mcolcon.colcon_core.shell[0m [1;30mINFO[0m Creating package script '/home/deathstroke/vins-fusion-ros2/install/loop_fusion/share/loop_fusion/package.bash'
[0.516s] [34mcolcon.colcon_core.shell[0m [1;30mINFO[0m Creating package script '/home/deathstroke/vins-fusion-ros2/install/loop_fusion/share/loop_fusion/package.zsh'
[0.516s] [34mcolcon.colcon_core.environment[0m [1;30mLevel 1[0m create_file_with_runtime_dependencies(/home/deathstroke/vins-fusion-ros2/install/loop_fusion/share/colcon-core/packages/loop_fusion)
[0.517s] [34mcolcon.colcon_core.environment[0m [1;30mLevel 1[0m create_environment_scripts_only(loop_fusion)
[0.517s] [34mcolcon.colcon_core.environment[0m [1;30mLevel 1[0m checking '/home/deathstroke/vins-fusion-ros2/install/loop_fusion' for CMake module files
[0.517s] [34mcolcon.colcon_core.environment[0m [1;30mLevel 1[0m checking '/home/deathstroke/vins-fusion-ros2/install/loop_fusion' for CMake config files
[0.517s] [34mcolcon.colcon_core.shell[0m [1;30mLevel 1[0m create_environment_hook('loop_fusion', 'cmake_prefix_path')
[0.517s] [34mcolcon.colcon_core.shell[0m [1;30mINFO[0m Creating environment hook '/home/deathstroke/vins-fusion-ros2/install/loop_fusion/share/loop_fusion/hook/cmake_prefix_path.ps1'
[0.517s] [34mcolcon.colcon_core.shell[0m [1;30mINFO[0m Creating environment descriptor '/home/deathstroke/vins-fusion-ros2/install/loop_fusion/share/loop_fusion/hook/cmake_prefix_path.dsv'
[0.518s] [34mcolcon.colcon_core.shell[0m [1;30mINFO[0m Creating environment hook '/home/deathstroke/vins-fusion-ros2/install/loop_fusion/share/loop_fusion/hook/cmake_prefix_path.sh'
[0.518s] [34mcolcon.colcon_core.environment[0m [1;30mLevel 1[0m checking '/home/deathstroke/vins-fusion-ros2/install/loop_fusion/lib'
[0.518s] [34mcolcon.colcon_core.environment[0m [1;30mLevel 1[0m checking '/home/deathstroke/vins-fusion-ros2/install/loop_fusion/bin'
[0.518s] [34mcolcon.colcon_core.environment[0m [1;30mLevel 1[0m checking '/home/deathstroke/vins-fusion-ros2/install/loop_fusion/lib/pkgconfig/loop_fusion.pc'
[0.518s] [34mcolcon.colcon_core.environment[0m [1;30mLevel 1[0m checking '/home/deathstroke/vins-fusion-ros2/install/loop_fusion/lib/python3.10/site-packages'
[0.518s] [34mcolcon.colcon_core.environment[0m [1;30mLevel 1[0m checking '/home/deathstroke/vins-fusion-ros2/install/loop_fusion/bin'
[0.518s] [34mcolcon.colcon_core.shell[0m [1;30mINFO[0m Creating package script '/home/deathstroke/vins-fusion-ros2/install/loop_fusion/share/loop_fusion/package.ps1'
[0.519s] [34mcolcon.colcon_core.shell[0m [1;30mINFO[0m Creating package descriptor '/home/deathstroke/vins-fusion-ros2/install/loop_fusion/share/loop_fusion/package.dsv'
[0.519s] [34mcolcon.colcon_core.shell[0m [1;30mINFO[0m Creating package script '/home/deathstroke/vins-fusion-ros2/install/loop_fusion/share/loop_fusion/package.sh'
[0.519s] [34mcolcon.colcon_core.shell[0m [1;30mINFO[0m Creating package script '/home/deathstroke/vins-fusion-ros2/install/loop_fusion/share/loop_fusion/package.bash'
[0.519s] [34mcolcon.colcon_core.shell[0m [1;30mINFO[0m Creating package script '/home/deathstroke/vins-fusion-ros2/install/loop_fusion/share/loop_fusion/package.zsh'
[0.519s] [34mcolcon.colcon_core.environment[0m [1;30mLevel 1[0m create_file_with_runtime_dependencies(/home/deathstroke/vins-fusion-ros2/install/loop_fusion/share/colcon-core/packages/loop_fusion)
[0.747s] [34mcolcon.colcon_core.event_handler.log_command[0m [1;30mDEBUG[0m [32mInvoked command in '/home/deathstroke/vins-fusion-ros2/build/vins' returned '0': CMAKE_PREFIX_PATH=/home/deathstroke/vins-fusion-ros2/install/camera_models:/home/deathstroke/.local:/home/deathstroke/.local:/home/deathstroke/.local:/home/deathstroke/.local:/home/deathstroke/LTU-RAI/install/ltu-sensor-bridge:/home/deathstroke/gz-ros2-bridge/install/gz-ros2-bridge:/home/deathstroke/mavros/install/mavros_extras:/home/deathstroke/mavros/install/mavros_examples:/home/deathstroke/mavros/install/mavros:/home/deathstroke/mavros/install/mavros_msgs:/home/deathstroke/mavros/install/libmavconn:/home/deathstroke/.local:/home/deathstroke/aruco_lander/install/aruco_mavsdk:/home/deathstroke/aruco_lander/install/aruco_detector:/home/deathstroke/workspace/catkin_ws_ov/install/ov_msckf:/home/deathstroke/workspace/catkin_ws_ov/install/ov_init:/home/deathstroke/workspace/catkin_ws_ov/install/ov_eval:/home/deathstroke/workspace/catkin_ws_ov/install/ov_data:/home/deathstroke/workspace/catkin_ws_ov/install/ov_core:/home/deathstroke/vins-fusion-ros2/install/vins:/home/deathstroke/vins-fusion-ros2/install/loop_fusion:/home/deathstroke/vins-fusion-ros2/install/global_fusion:/home/deathstroke/realsense-ros/install/realsense2_rviz_plugin:/home/deathstroke/realsense-ros/install/realsense2_description:/home/deathstroke/realsense-ros/install/realsense2_camera:/home/deathstroke/realsense-ros/install/realsense2_camera_msgs:/home/deathstroke/rust_ws/install/common_interfaces:/home/deathstroke/rust_ws/install/visualization_msgs:/home/deathstroke/rust_ws/install/test_msgs:/home/deathstroke/rust_ws/install/example_interfaces:/home/deathstroke/rust_ws/install/action_msgs:/home/deathstroke/rust_ws/install/unique_identifier_msgs:/home/deathstroke/rust_ws/install/trajectory_msgs:/home/deathstroke/rust_ws/install/test_interface_files:/home/deathstroke/rust_ws/install/stereo_msgs:/home/deathstroke/rust_ws/install/std_srvs:/home/deathstroke/rust_ws/install/shape_msgs:/home/deathstroke/rust_ws/install/sensor_msgs:/home/deathstroke/rust_ws/install/nav_msgs:/home/deathstroke/rust_ws/install/diagnostic_msgs:/home/deathstroke/rust_ws/install/geometry_msgs:/home/deathstroke/rust_ws/install/actionlib_msgs:/home/deathstroke/rust_ws/install/std_msgs:/home/deathstroke/rust_ws/install/statistics_msgs:/home/deathstroke/rust_ws/install/rosgraph_msgs:/home/deathstroke/rust_ws/install/rclrs_example_msgs:/home/deathstroke/rust_ws/install/composition_interfaces:/home/deathstroke/rust_ws/install/rcl_interfaces:/home/deathstroke/rust_ws/install/lifecycle_msgs:/home/deathstroke/rust_ws/install/builtin_interfaces:/home/deathstroke/rust_ws/install/rosidl_default_runtime:/home/deathstroke/rust_ws/install/rosidl_default_generators:/home/deathstroke/rust_ws/install/rosidl_generator_rs:/home/deathstroke/zed-ros2/install/zed_ros2:/home/deathstroke/zed-ros2/install/zed_wrapper:/home/deathstroke/zed-ros2/install/zed_debug:/home/deathstroke/zed-ros2/install/zed_components:/home/deathstroke/realsense-ros/install/realsense2_ros_mqtt_bridge:/home/deathstroke/rust_ws/install/examples_worker_demo:/home/deathstroke/rust_ws/install/examples_rclrs_minimal_pub_sub:/home/deathstroke/rust_ws/install/examples_rclrs_minimal_client_service:/home/deathstroke/rust_ws/install/examples_parameter_demo:/home/deathstroke/rust_ws/install/examples_logging_demo:/home/deathstroke/rust_ws/install/sensor_msgs_py:/home/deathstroke/rust_ws/install/rust_pubsub:/home/deathstroke/rust_ws/install/examples_rclrs_message_demo:/home/deathstroke/rust_ws/install/rosidl_runtime_rs:/home/deathstroke/rust_ws/install/rclrs:/opt/ros/humble PATH=/home/deathstroke/vins-fusion-ros2/install/camera_models/bin:/home/deathstroke/Android/Sdk/platform-tools:/usr/local/cuda-12.8/bin:/home/deathstroke/.pyenv/shims:/home/deathstroke/.pyenv/bin:/home/deathstroke/.pyenv/bin:/usr/lib/ccache:/home/deathstroke/rt-ardupilot/Tools/autotest:/home/deathstroke/Android/Sdk/platform-tools:/usr/local/cuda-12.8/bin:/home/deathstroke/.pyenv/bin:/home/deathstroke/.pyenv/bin:/usr/lib/ccache:/home/deathstroke/rt-ardupilot/Tools/autotest:/home/deathstroke/Android/Sdk/platform-tools:/usr/local/cuda-12.8/bin:/home/deathstroke/.pyenv/bin:/home/deathstroke/.pyenv/bin:/usr/lib/ccache:/home/deathstroke/rt-ardupilot/Tools/autotest:/home/deathstroke/Android/Sdk/platform-tools:/usr/local/cuda-12.8/bin:/home/deathstroke/.pyenv/bin:/home/deathstroke/.pyenv/bin:/usr/lib/ccache:/home/deathstroke/rt-ardupilot/Tools/autotest:/home/deathstroke/.config/Code/User/globalStorage/github.copilot-chat/debugCommand:/home/deathstroke/.config/Code/User/globalStorage/github.copilot-chat/copilotCli:/home/deathstroke/ardupilot/Tools/autotest:/usr/lib/ccache:/home/deathstroke/ardupilot/Tools/autotest:/opt/gcc-arm-none-eabi-10-2020-q4-major/bin:/home/deathstroke/.local/bin:/home/deathstroke/Android/Sdk/platform-tools:/usr/local/cuda-12.8/bin:/home/deathstroke/.pyenv/bin:/home/deathstroke/.pyenv/bin:/home/deathstroke/vins-fusion-ros2/install/vins/bin:/home/deathstroke/vins-fusion-ros2/install/global_fusion/bin:/opt/ros/humble/bin:/usr/lib/ccache:/home/deathstroke/rt-ardupilot/Tools/autotest:/home/deathstroke/ardupilot/Tools/autotest:/usr/lib/ccache:/home/deathstroke/ardupilot/Tools/autotest:/opt/gcc-arm-none-eabi-10-2020-q4-major/bin:/home/deathstroke/.cargo/bin:/home/deathstroke/.local/bin:/usr/local/sbin:/usr/local/bin:/usr/sbin:/usr/bin:/sbin:/bin:/usr/games:/usr/local/games:/snap/bin:/snap/bin:/usr/local/lib/android-ndk:/home/deathstroke/.vscode/extensions/ms-python.debugpy-2026.6.0-linux-x64/bundled/scripts/noConfigScripts:/usr/local/lib/android-ndk:/usr/local/lib/android-ndk:/usr/local/lib/android-ndk:/usr/local/lib/android-ndk /usr/bin/cmake --build /home/deathstroke/vins-fusion-ros2/build/vins -- -j32 -l32[0m
[0.748s] [34mcolcon.colcon_core.event_handler.log_command[0m [1;30mDEBUG[0m [32mInvoking command in '/home/deathstroke/vins-fusion-ros2/build/vins': CMAKE_PREFIX_PATH=/home/deathstroke/vins-fusion-ros2/install/camera_models:/home/deathstroke/.local:/home/deathstroke/.local:/home/deathstroke/.local:/home/deathstroke/.local:/home/deathstroke/LTU-RAI/install/ltu-sensor-bridge:/home/deathstroke/gz-ros2-bridge/install/gz-ros2-bridge:/home/deathstroke/mavros/install/mavros_extras:/home/deathstroke/mavros/install/mavros_examples:/home/deathstroke/mavros/install/mavros:/home/deathstroke/mavros/install/mavros_msgs:/home/deathstroke/mavros/install/libmavconn:/home/deathstroke/.local:/home/deathstroke/aruco_lander/install/aruco_mavsdk:/home/deathstroke/aruco_lander/install/aruco_detector:/home/deathstroke/workspace/catkin_ws_ov/install/ov_msckf:/home/deathstroke/workspace/catkin_ws_ov/install/ov_init:/home/deathstroke/workspace/catkin_ws_ov/install/ov_eval:/home/deathstroke/workspace/catkin_ws_ov/install/ov_data:/home/deathstroke/workspace/catkin_ws_ov/install/ov_core:/home/deathstroke/vins-fusion-ros2/install/vins:/home/deathstroke/vins-fusion-ros2/install/loop_fusion:/home/deathstroke/vins-fusion-ros2/install/global_fusion:/home/deathstroke/realsense-ros/install/realsense2_rviz_plugin:/home/deathstroke/realsense-ros/install/realsense2_description:/home/deathstroke/realsense-ros/install/realsense2_camera:/home/deathstroke/realsense-ros/install/realsense2_camera_msgs:/home/deathstroke/rust_ws/install/common_interfaces:/home/deathstroke/rust_ws/install/visualization_msgs:/home/deathstroke/rust_ws/install/test_msgs:/home/deathstroke/rust_ws/install/example_interfaces:/home/deathstroke/rust_ws/install/action_msgs:/home/deathstroke/rust_ws/install/unique_identifier_msgs:/home/deathstroke/rust_ws/install/trajectory_msgs:/home/deathstroke/rust_ws/install/test_interface_files:/home/deathstroke/rust_ws/install/stereo_msgs:/home/deathstroke/rust_ws/install/std_srvs:/home/deathstroke/rust_ws/install/shape_msgs:/home/deathstroke/rust_ws/install/sensor_msgs:/home/deathstroke/rust_ws/install/nav_msgs:/home/deathstroke/rust_ws/install/diagnostic_msgs:/home/deathstroke/rust_ws/install/geometry_msgs:/home/deathstroke/rust_ws/install/actionlib_msgs:/home/deathstroke/rust_ws/install/std_msgs:/home/deathstroke/rust_ws/install/statistics_msgs:/home/deathstroke/rust_ws/install/rosgraph_msgs:/home/deathstroke/rust_ws/install/rclrs_example_msgs:/home/deathstroke/rust_ws/install/composition_interfaces:/home/deathstroke/rust_ws/install/rcl_interfaces:/home/deathstroke/rust_ws/install/lifecycle_msgs:/home/deathstroke/rust_ws/install/builtin_interfaces:/home/deathstroke/rust_ws/install/rosidl_default_runtime:/home/deathstroke/rust_ws/install/rosidl_default_generators:/home/deathstroke/rust_ws/install/rosidl_generator_rs:/home/deathstroke/zed-ros2/install/zed_ros2:/home/deathstroke/zed-ros2/install/zed_wrapper:/home/deathstroke/zed-ros2/install/zed_debug:/home/deathstroke/zed-ros2/install/zed_components:/home/deathstroke/realsense-ros/install/realsense2_ros_mqtt_bridge:/home/deathstroke/rust_ws/install/examples_worker_demo:/home/deathstroke/rust_ws/install/examples_rclrs_minimal_pub_sub:/home/deathstroke/rust_ws/install/examples_rclrs_minimal_client_service:/home/deathstroke/rust_ws/install/examples_parameter_demo:/home/deathstroke/rust_ws/install/examples_logging_demo:/home/deathstroke/rust_ws/install/sensor_msgs_py:/home/deathstroke/rust_ws/install/rust_pubsub:/home/deathstroke/rust_ws/install/examples_rclrs_message_demo:/home/deathstroke/rust_ws/install/rosidl_runtime_rs:/home/deathstroke/rust_ws/install/rclrs:/opt/ros/humble PATH=/home/deathstroke/vins-fusion-ros2/install/camera_models/bin:/home/deathstroke/Android/Sdk/platform-tools:/usr/local/cuda-12.8/bin:/home/deathstroke/.pyenv/shims:/home/deathstroke/.pyenv/bin:/home/deathstroke/.pyenv/bin:/usr/lib/ccache:/home/deathstroke/rt-ardupilot/Tools/autotest:/home/deathstroke/Android/Sdk/platform-tools:/usr/local/cuda-12.8/bin:/home/deathstroke/.pyenv/bin:/home/deathstroke/.pyenv/bin:/usr/lib/ccache:/home/deathstroke/rt-ardupilot/Tools/autotest:/home/deathstroke/Android/Sdk/platform-tools:/usr/local/cuda-12.8/bin:/home/deathstroke/.pyenv/bin:/home/deathstroke/.pyenv/bin:/usr/lib/ccache:/home/deathstroke/rt-ardupilot/Tools/autotest:/home/deathstroke/Android/Sdk/platform-tools:/usr/local/cuda-12.8/bin:/home/deathstroke/.pyenv/bin:/home/deathstroke/.pyenv/bin:/usr/lib/ccache:/home/deathstroke/rt-ardupilot/Tools/autotest:/home/deathstroke/.config/Code/User/globalStorage/github.copilot-chat/debugCommand:/home/deathstroke/.config/Code/User/globalStorage/github.copilot-chat/copilotCli:/home/deathstroke/ardupilot/Tools/autotest:/usr/lib/ccache:/home/deathstroke/ardupilot/Tools/autotest:/opt/gcc-arm-none-eabi-10-2020-q4-major/bin:/home/deathstroke/.local/bin:/home/deathstroke/Android/Sdk/platform-tools:/usr/local/cuda-12.8/bin:/home/deathstroke/.pyenv/bin:/home/deathstroke/.pyenv/bin:/home/deathstroke/vins-fusion-ros2/install/vins/bin:/home/deathstroke/vins-fusion-ros2/install/global_fusion/bin:/opt/ros/humble/bin:/usr/lib/ccache:/home/deathstroke/rt-ardupilot/Tools/autotest:/home/deathstroke/ardupilot/Tools/autotest:/usr/lib/ccache:/home/deathstroke/ardupilot/Tools/autotest:/opt/gcc-arm-none-eabi-10-2020-q4-major/bin:/home/deathstroke/.cargo/bin:/home/deathstroke/.local/bin:/usr/local/sbin:/usr/local/bin:/usr/sbin:/usr/bin:/sbin:/bin:/usr/games:/usr/local/games:/snap/bin:/snap/bin:/usr/local/lib/android-ndk:/home/deathstroke/.vscode/extensions/ms-python.debugpy-2026.6.0-linux-x64/bundled/scripts/noConfigScripts:/usr/local/lib/android-ndk:/usr/local/lib/android-ndk:/usr/local/lib/android-ndk:/usr/local/lib/android-ndk /usr/bin/cmake --install /home/deathstroke/vins-fusion-ros2/build/vins[0m
[0.797s] [34mcolcon.colcon_core.environment[0m [1;30mLevel 1[0m create_environment_scripts_only(vins)
[0.797s] [34mcolcon.colcon_core.environment[0m [1;30mLevel 1[0m checking '/home/deathstroke/vins-fusion-ros2/install/vins' for CMake module files
[0.797s] [34mcolcon.colcon_core.event_handler.log_command[0m [1;30mDEBUG[0m [32mInvoked command in '/home/deathstroke/vins-fusion-ros2/build/vins' returned '0': CMAKE_PREFIX_PATH=/home/deathstroke/vins-fusion-ros2/install/camera_models:/home/deathstroke/.local:/home/deathstroke/.local:/home/deathstroke/.local:/home/deathstroke/.local:/home/deathstroke/LTU-RAI/install/ltu-sensor-bridge:/home/deathstroke/gz-ros2-bridge/install/gz-ros2-bridge:/home/deathstroke/mavros/install/mavros_extras:/home/deathstroke/mavros/install/mavros_examples:/home/deathstroke/mavros/install/mavros:/home/deathstroke/mavros/install/mavros_msgs:/home/deathstroke/mavros/install/libmavconn:/home/deathstroke/.local:/home/deathstroke/aruco_lander/install/aruco_mavsdk:/home/deathstroke/aruco_lander/install/aruco_detector:/home/deathstroke/workspace/catkin_ws_ov/install/ov_msckf:/home/deathstroke/workspace/catkin_ws_ov/install/ov_init:/home/deathstroke/workspace/catkin_ws_ov/install/ov_eval:/home/deathstroke/workspace/catkin_ws_ov/install/ov_data:/home/deathstroke/workspace/catkin_ws_ov/install/ov_core:/home/deathstroke/vins-fusion-ros2/install/vins:/home/deathstroke/vins-fusion-ros2/install/loop_fusion:/home/deathstroke/vins-fusion-ros2/install/global_fusion:/home/deathstroke/realsense-ros/install/realsense2_rviz_plugin:/home/deathstroke/realsense-ros/install/realsense2_description:/home/deathstroke/realsense-ros/install/realsense2_camera:/home/deathstroke/realsense-ros/install/realsense2_camera_msgs:/home/deathstroke/rust_ws/install/common_interfaces:/home/deathstroke/rust_ws/install/visualization_msgs:/home/deathstroke/rust_ws/install/test_msgs:/home/deathstroke/rust_ws/install/example_interfaces:/home/deathstroke/rust_ws/install/action_msgs:/home/deathstroke/rust_ws/install/unique_identifier_msgs:/home/deathstroke/rust_ws/install/trajectory_msgs:/home/deathstroke/rust_ws/install/test_interface_files:/home/deathstroke/rust_ws/install/stereo_msgs:/home/deathstroke/rust_ws/install/std_srvs:/home/deathstroke/rust_ws/install/shape_msgs:/home/deathstroke/rust_ws/install/sensor_msgs:/home/deathstroke/rust_ws/install/nav_msgs:/home/deathstroke/rust_ws/install/diagnostic_msgs:/home/deathstroke/rust_ws/install/geometry_msgs:/home/deathstroke/rust_ws/install/actionlib_msgs:/home/deathstroke/rust_ws/install/std_msgs:/home/deathstroke/rust_ws/install/statistics_msgs:/home/deathstroke/rust_ws/install/rosgraph_msgs:/home/deathstroke/rust_ws/install/rclrs_example_msgs:/home/deathstroke/rust_ws/install/composition_interfaces:/home/deathstroke/rust_ws/install/rcl_interfaces:/home/deathstroke/rust_ws/install/lifecycle_msgs:/home/deathstroke/rust_ws/install/builtin_interfaces:/home/deathstroke/rust_ws/install/rosidl_default_runtime:/home/deathstroke/rust_ws/install/rosidl_default_generators:/home/deathstroke/rust_ws/install/rosidl_generator_rs:/home/deathstroke/zed-ros2/install/zed_ros2:/home/deathstroke/zed-ros2/install/zed_wrapper:/home/deathstroke/zed-ros2/install/zed_debug:/home/deathstroke/zed-ros2/install/zed_components:/home/deathstroke/realsense-ros/install/realsense2_ros_mqtt_bridge:/home/deathstroke/rust_ws/install/examples_worker_demo:/home/deathstroke/rust_ws/install/examples_rclrs_minimal_pub_sub:/home/deathstroke/rust_ws/install/examples_rclrs_minimal_client_service:/home/deathstroke/rust_ws/install/examples_parameter_demo:/home/deathstroke/rust_ws/install/examples_logging_demo:/home/deathstroke/rust_ws/install/sensor_msgs_py:/home/deathstroke/rust_ws/install/rust_pubsub:/home/deathstroke/rust_ws/install/examples_rclrs_message_demo:/home/deathstroke/rust_ws/install/rosidl_runtime_rs:/home/deathstroke/rust_ws/install/rclrs:/opt/ros/humble PATH=/home/deathstroke/vins-fusion-ros2/install/camera_models/bin:/home/deathstroke/Android/Sdk/platform-tools:/usr/local/cuda-12.8/bin:/home/deathstroke/.pyenv/shims:/home/deathstroke/.pyenv/bin:/home/deathstroke/.pyenv/bin:/usr/lib/ccache:/home/deathstroke/rt-ardupilot/Tools/autotest:/home/deathstroke/Android/Sdk/platform-tools:/usr/local/cuda-12.8/bin:/home/deathstroke/.pyenv/bin:/home/deathstroke/.pyenv/bin:/usr/lib/ccache:/home/deathstroke/rt-ardupilot/Tools/autotest:/home/deathstroke/Android/Sdk/platform-tools:/usr/local/cuda-12.8/bin:/home/deathstroke/.pyenv/bin:/home/deathstroke/.pyenv/bin:/usr/lib/ccache:/home/deathstroke/rt-ardupilot/Tools/autotest:/home/deathstroke/Android/Sdk/platform-tools:/usr/local/cuda-12.8/bin:/home/deathstroke/.pyenv/bin:/home/deathstroke/.pyenv/bin:/usr/lib/ccache:/home/deathstroke/rt-ardupilot/Tools/autotest:/home/deathstroke/.config/Code/User/globalStorage/github.copilot-chat/debugCommand:/home/deathstroke/.config/Code/User/globalStorage/github.copilot-chat/copilotCli:/home/deathstroke/ardupilot/Tools/autotest:/usr/lib/ccache:/home/deathstroke/ardupilot/Tools/autotest:/opt/gcc-arm-none-eabi-10-2020-q4-major/bin:/home/deathstroke/.local/bin:/home/deathstroke/Android/Sdk/platform-tools:/usr/local/cuda-12.8/bin:/home/deathstroke/.pyenv/bin:/home/deathstroke/.pyenv/bin:/home/deathstroke/vins-fusion-ros2/install/vins/bin:/home/deathstroke/vins-fusion-ros2/install/global_fusion/bin:/opt/ros/humble/bin:/usr/lib/ccache:/home/deathstroke/rt-ardupilot/Tools/autotest:/home/deathstroke/ardupilot/Tools/autotest:/usr/lib/ccache:/home/deathstroke/ardupilot/Tools/autotest:/opt/gcc-arm-none-eabi-10-2020-q4-major/bin:/home/deathstroke/.cargo/bin:/home/deathstroke/.local/bin:/usr/local/sbin:/usr/local/bin:/usr/sbin:/usr/bin:/sbin:/bin:/usr/games:/usr/local/games:/snap/bin:/snap/bin:/usr/local/lib/android-ndk:/home/deathstroke/.vscode/extensions/ms-python.debugpy-2026.6.0-linux-x64/bundled/scripts/noConfigScripts:/usr/local/lib/android-ndk:/usr/local/lib/android-ndk:/usr/local/lib/android-ndk:/usr/local/lib/android-ndk /usr/bin/cmake --install /home/deathstroke/vins-fusion-ros2/build/vins[0m
[0.797s] [34mcolcon.colcon_core.environment[0m [1;30mLevel 1[0m checking '/home/deathstroke/vins-fusion-ros2/install/vins' for CMake config files
[0.798s] [34mcolcon.colcon_core.shell[0m [1;30mLevel 1[0m create_environment_hook('vins', 'cmake_prefix_path')
[0.798s] [34mcolcon.colcon_core.shell[0m [1;30mINFO[0m Creating environment hook '/home/deathstroke/vins-fusion-ros2/install/vins/share/vins/hook/cmake_prefix_path.ps1'
[0.798s] [34mcolcon.colcon_core.shell[0m [1;30mINFO[0m Creating environment descriptor '/home/deathstroke/vins-fusion-ros2/install/vins/share/vins/hook/cmake_prefix_path.dsv'
[0.798s] [34mcolcon.colcon_core.shell[0m [1;30mINFO[0m Creating environment hook '/home/deathstroke/vins-fusion-ros2/install/vins/share/vins/hook/cmake_prefix_path.sh'
[0.799s] [34mcolcon.colcon_core.environment[0m [1;30mLevel 1[0m checking '/home/deathstroke/vins-fusion-ros2/install/vins/lib'
[0.799s] [34mcolcon.colcon_core.shell[0m [1;30mLevel 1[0m create_environment_hook('vins', 'ld_library_path_lib')
[0.799s] [34mcolcon.colcon_core.shell[0m [1;30mINFO[0m Creating environment hook '/home/deathstroke/vins-fusion-ros2/install/vins/share/vins/hook/ld_library_path_lib.ps1'
[0.799s] [34mcolcon.colcon_core.shell[0m [1;30mINFO[0m Creating environment descriptor '/home/deathstroke/vins-fusion-ros2/install/vins/share/vins/hook/ld_library_path_lib.dsv'
[0.799s] [34mcolcon.colcon_core.shell[0m [1;30mINFO[0m Creating environment hook '/home/deathstroke/vins-fusion-ros2/install/vins/share/vins/hook/ld_library_path_lib.sh'
[0.799s] [34mcolcon.colcon_core.environment[0m [1;30mLevel 1[0m checking '/home/deathstroke/vins-fusion-ros2/install/vins/bin'
[0.799s] [34mcolcon.colcon_core.shell[0m [1;30mLevel 1[0m create_environment_hook('vins', 'path')
[0.799s] [34mcolcon.colcon_core.shell[0m [1;30mINFO[0m Creating environment hook '/home/deathstroke/vins-fusion-ros2/install/vins/share/vins/hook/path.ps1'
[0.799s] [34mcolcon.colcon_core.shell[0m [1;30mINFO[0m Creating environment descriptor '/home/deathstroke/vins-fusion-ros2/install/vins/share/vins/hook/path.dsv'
[0.800s] [34mcolcon.colcon_core.shell[0m [1;30mINFO[0m Creating environment hook '/home/deathstroke/vins-fusion-ros2/install/vins/share/vins/hook/path.sh'
[0.800s] [34mcolcon.colcon_core.environment[0m [1;30mLevel 1[0m checking '/home/deathstroke/vins-fusion-ros2/install/vins/lib/pkgconfig/vins.pc'
[0.800s] [34mcolcon.colcon_core.environment[0m [1;30mLevel 1[0m checking '/home/deathstroke/vins-fusion-ros2/install/vins/lib/python3.10/site-packages'
[0.800s] [34mcolcon.colcon_core.environment[0m [1;30mLevel 1[0m checking '/home/deathstroke/vins-fusion-ros2/install/vins/bin'
[0.800s] [34mcolcon.colcon_core.shell[0m [1;30mLevel 1[0m create_environment_hook('vins', 'pythonscriptspath')
[0.800s] [34mcolcon.colcon_core.shell[0m [1;30mINFO[0m Creating environment hook '/home/deathstroke/vins-fusion-ros2/install/vins/share/vins/hook/pythonscriptspath.ps1'
[0.800s] [34mcolcon.colcon_core.shell[0m [1;30mINFO[0m Creating environment descriptor '/home/deathstroke/vins-fusion-ros2/install/vins/share/vins/hook/pythonscriptspath.dsv'
[0.800s] [34mcolcon.colcon_core.shell[0m [1;30mINFO[0m Creating environment hook '/home/deathstroke/vins-fusion-ros2/install/vins/share/vins/hook/pythonscriptspath.sh'
[0.801s] [34mcolcon.colcon_core.shell[0m [1;30mINFO[0m Creating package script '/home/deathstroke/vins-fusion-ros2/install/vins/share/vins/package.ps1'
[0.801s] [34mcolcon.colcon_core.shell[0m [1;30mINFO[0m Creating package descriptor '/home/deathstroke/vins-fusion-ros2/install/vins/share/vins/package.dsv'
[0.801s] [34mcolcon.colcon_core.shell[0m [1;30mINFO[0m Creating package script '/home/deathstroke/vins-fusion-ros2/install/vins/share/vins/package.sh'
[0.801s] [34mcolcon.colcon_core.shell[0m [1;30mINFO[0m Creating package script '/home/deathstroke/vins-fusion-ros2/install/vins/share/vins/package.bash'
[0.802s] [34mcolcon.colcon_core.shell[0m [1;30mINFO[0m Creating package script '/home/deathstroke/vins-fusion-ros2/install/vins/share/vins/package.zsh'
[0.802s] [34mcolcon.colcon_core.environment[0m [1;30mLevel 1[0m create_file_with_runtime_dependencies(/home/deathstroke/vins-fusion-ros2/install/vins/share/colcon-core/packages/vins)
[0.802s] [34mcolcon.colcon_core.environment[0m [1;30mLevel 1[0m create_environment_scripts_only(vins)
[0.802s] [34mcolcon.colcon_core.environment[0m [1;30mLevel 1[0m checking '/home/deathstroke/vins-fusion-ros2/install/vins' for CMake module files
[0.803s] [34mcolcon.colcon_core.environment[0m [1;30mLevel 1[0m checking '/home/deathstroke/vins-fusion-ros2/install/vins' for CMake config files
[0.803s] [34mcolcon.colcon_core.shell[0m [1;30mLevel 1[0m create_environment_hook('vins', 'cmake_prefix_path')
[0.803s] [34mcolcon.colcon_core.shell[0m [1;30mINFO[0m Creating environment hook '/home/deathstroke/vins-fusion-ros2/install/vins/share/vins/hook/cmake_prefix_path.ps1'
[0.804s] [34mcolcon.colcon_core.shell[0m [1;30mINFO[0m Creating environment descriptor '/home/deathstroke/vins-fusion-ros2/install/vins/share/vins/hook/cmake_prefix_path.dsv'
[0.804s] [34mcolcon.colcon_core.shell[0m [1;30mINFO[0m Creating environment hook '/home/deathstroke/vins-fusion-ros2/install/vins/share/vins/hook/cmake_prefix_path.sh'
[0.804s] [34mcolcon.colcon_core.environment[0m [1;30mLevel 1[0m checking '/home/deathstroke/vins-fusion-ros2/install/vins/lib'
[0.805s] [34mcolcon.colcon_core.shell[0m [1;30mLevel 1[0m create_environment_hook('vins', 'ld_library_path_lib')
[0.805s] [34mcolcon.colcon_core.shell[0m [1;30mINFO[0m Creating environment hook '/home/deathstroke/vins-fusion-ros2/install/vins/share/vins/hook/ld_library_path_lib.ps1'
[0.805s] [34mcolcon.colcon_core.shell[0m [1;30mINFO[0m Creating environment descriptor '/home/deathstroke/vins-fusion-ros2/install/vins/share/vins/hook/ld_library_path_lib.dsv'
[0.805s] [34mcolcon.colcon_core.shell[0m [1;30mINFO[0m Creating environment hook '/home/deathstroke/vins-fusion-ros2/install/vins/share/vins/hook/ld_library_path_lib.sh'
[0.806s] [34mcolcon.colcon_core.environment[0m [1;30mLevel 1[0m checking '/home/deathstroke/vins-fusion-ros2/install/vins/bin'
[0.806s] [34mcolcon.colcon_core.shell[0m [1;30mLevel 1[0m create_environment_hook('vins', 'path')
[0.806s] [34mcolcon.colcon_core.shell[0m [1;30mINFO[0m Creating environment hook '/home/deathstroke/vins-fusion-ros2/install/vins/share/vins/hook/path.ps1'
[0.806s] [34mcolcon.colcon_core.shell[0m [1;30mINFO[0m Creating environment descriptor '/home/deathstroke/vins-fusion-ros2/install/vins/share/vins/hook/path.dsv'
[0.806s] [34mcolcon.colcon_core.shell[0m [1;30mINFO[0m Creating environment hook '/home/deathstroke/vins-fusion-ros2/install/vins/share/vins/hook/path.sh'
[0.807s] [34mcolcon.colcon_core.environment[0m [1;30mLevel 1[0m checking '/home/deathstroke/vins-fusion-ros2/install/vins/lib/pkgconfig/vins.pc'
[0.807s] [34mcolcon.colcon_core.environment[0m [1;30mLevel 1[0m checking '/home/deathstroke/vins-fusion-ros2/install/vins/lib/python3.10/site-packages'
[0.807s] [34mcolcon.colcon_core.environment[0m [1;30mLevel 1[0m checking '/home/deathstroke/vins-fusion-ros2/install/vins/bin'
[0.807s] [34mcolcon.colcon_core.shell[0m [1;30mLevel 1[0m create_environment_hook('vins', 'pythonscriptspath')
[0.807s] [34mcolcon.colcon_core.shell[0m [1;30mINFO[0m Creating environment hook '/home/deathstroke/vins-fusion-ros2/install/vins/share/vins/hook/pythonscriptspath.ps1'
[0.808s] [34mcolcon.colcon_core.shell[0m [1;30mINFO[0m Creating environment descriptor '/home/deathstroke/vins-fusion-ros2/install/vins/share/vins/hook/pythonscriptspath.dsv'
[0.808s] [34mcolcon.colcon_core.shell[0m [1;30mINFO[0m Creating environment hook '/home/deathstroke/vins-fusion-ros2/install/vins/share/vins/hook/pythonscriptspath.sh'
[0.808s] [34mcolcon.colcon_core.shell[0m [1;30mINFO[0m Creating package script '/home/deathstroke/vins-fusion-ros2/install/vins/share/vins/package.ps1'
[0.809s] [34mcolcon.colcon_core.shell[0m [1;30mINFO[0m Creating package descriptor '/home/deathstroke/vins-fusion-ros2/install/vins/share/vins/package.dsv'
[0.809s] [34mcolcon.colcon_core.shell[0m [1;30mINFO[0m Creating package script '/home/deathstroke/vins-fusion-ros2/install/vins/share/vins/package.sh'
[0.809s] [34mcolcon.colcon_core.shell[0m [1;30mINFO[0m Creating package script '/home/deathstroke/vins-fusion-ros2/install/vins/share/vins/package.bash'
[0.810s] [34mcolcon.colcon_core.shell[0m [1;30mINFO[0m Creating package script '/home/deathstroke/vins-fusion-ros2/install/vins/share/vins/package.zsh'
[0.810s] [34mcolcon.colcon_core.environment[0m [1;30mLevel 1[0m create_file_with_runtime_dependencies(/home/deathstroke/vins-fusion-ros2/install/vins/share/colcon-core/packages/vins)
[0.810s] [34mcolcon.colcon_parallel_executor.executor.parallel[0m [1;30mDEBUG[0m [32mclosing loop[0m
[0.810s] [34mcolcon.colcon_parallel_executor.executor.parallel[0m [1;30mDEBUG[0m [32mloop closed[0m
[0.810s] [34mcolcon.colcon_parallel_executor.executor.parallel[0m [1;30mDEBUG[0m [32mrun_until_complete finished with '0'[0m
[0.810s] [34mcolcon.colcon_core.event_reactor[0m [1;30mDEBUG[0m [32mjoining thread[0m
[0.813s] [34mcolcon.colcon_core.plugin_system[0m [1;30mINFO[0m Skipping extension 'colcon_notification.desktop_notification.terminal_notifier': Not used on non-Darwin systems
[0.813s] [34mcolcon.colcon_core.plugin_system[0m [1;30mINFO[0m Skipping extension 'colcon_notification.desktop_notification.win32': Not used on non-Windows systems
[0.813s] [34mcolcon.colcon_notification.desktop_notification[0m [1;30mINFO[0m Sending desktop notification using 'notify2'
[0.824s] [34mcolcon.colcon_core.event_reactor[0m [1;30mDEBUG[0m [32mjoined thread[0m
[0.824s] [34mcolcon.colcon_core.shell[0m [1;30mINFO[0m Creating prefix script '/home/deathstroke/vins-fusion-ros2/install/local_setup.ps1'
[0.825s] [34mcolcon.colcon_core.shell[0m [1;30mINFO[0m Creating prefix util module '/home/deathstroke/vins-fusion-ros2/install/_local_setup_util_ps1.py'
[0.826s] [34mcolcon.colcon_core.shell[0m [1;30mINFO[0m Creating prefix chain script '/home/deathstroke/vins-fusion-ros2/install/setup.ps1'
[0.828s] [34mcolcon.colcon_core.shell[0m [1;30mINFO[0m Creating prefix script '/home/deathstroke/vins-fusion-ros2/install/local_setup.sh'
[0.828s] [34mcolcon.colcon_core.shell[0m [1;30mINFO[0m Creating prefix util module '/home/deathstroke/vins-fusion-ros2/install/_local_setup_util_sh.py'
[0.828s] [34mcolcon.colcon_core.shell[0m [1;30mINFO[0m Creating prefix chain script '/home/deathstroke/vins-fusion-ros2/install/setup.sh'
[0.829s] [34mcolcon.colcon_core.shell[0m [1;30mINFO[0m Creating prefix script '/home/deathstroke/vins-fusion-ros2/install/local_setup.bash'
[0.830s] [34mcolcon.colcon_core.shell[0m [1;30mINFO[0m Creating prefix chain script '/home/deathstroke/vins-fusion-ros2/install/setup.bash'
[0.831s] [34mcolcon.colcon_core.shell[0m [1;30mINFO[0m Creating prefix script '/home/deathstroke/vins-fusion-ros2/install/local_setup.zsh'
[0.831s] [34mcolcon.colcon_core.shell[0m [1;30mINFO[0m Creating prefix chain script '/home/deathstroke/vins-fusion-ros2/install/setup.zsh'
